timestamp,power,temperature,humidity,solar_radiation
2023-01-01 00:00:00,2.98,-4.71,72.27,54.52
2023-01-01 01:00:00,0.0,-4.71,60.33,52.25
2023-01-01 02:00:00,3.89,-1.56,69.9,0.0
2023-01-01 03:00:00,9.14,-5.36,65.11,79.93
2023-01-01 04:00:00,0.0,-3.69,65.45,0.0
2023-01-01 05:00:00,0.0,1.11,54.33,0.0
2023-01-01 06:00:00,9.48,-0.86,53.17,23.95
2023-01-01 07:00:00,4.78,3.43,60.5,0.0
2023-01-01 08:00:00,0.0,6.23,60.42,18.73
2023-01-01 09:00:00,3.73,3.06,51.49,19.89
2023-01-01 10:00:00,0.0,6.03,50.08,0.24
2023-01-01 11:00:00,0.0,2.85,57.33,52.32
2023-01-01 12:00:00,2.12,6.84,57.0,0.0
2023-01-01 13:00:00,0.0,5.56,53.84,22.28
2023-01-01 14:00:00,0.0,5.61,59.43,66.92
2023-01-01 15:00:00,0.0,2.58,51.24,47.37
2023-01-01 16:00:00,0.0,-0.49,57.41,44.84
2023-01-01 17:00:00,2.06,2.63,69.84,0.0
2023-01-01 18:00:00,0.0,-3.79,64.53,26.24
2023-01-01 19:00:00,0.0,-1.6,64.82,0.0
2023-01-01 20:00:00,8.79,-0.29,75.72,0.0
2023-01-01 21:00:00,0.0,-2.82,57.19,0.0
2023-01-01 22:00:00,0.41,-0.1,68.17,0.0
2023-01-01 23:00:00,0.0,-2.45,72.51,39.53
2023-01-02 00:00:00,0.0,-5.92,62.9,40.73
2023-01-02 01:00:00,0.67,-4.39,68.82,0.0
2023-01-02 02:00:00,0.0,-4.04,59.61,0.0
2023-01-02 03:00:00,2.25,-6.31,61.09,0.0
2023-01-02 04:00:00,0.0,-3.99,66.45,0.0
2023-01-02 05:00:00,0.0,-2.03,68.52,22.76
2023-01-02 06:00:00,0.0,-3.68,70.13,0.0
2023-01-02 07:00:00,11.31,1.78,69.78,0.0
2023-01-02 08:00:00,0.31,2.39,59.19,71.48
2023-01-02 09:00:00,0.0,0.58,63.42,0.0
2023-01-02 10:00:00,5.61,5.53,54.15,73.06
2023-01-02 11:00:00,0.0,6.65,59.37,0.0
2023-01-02 12:00:00,2.03,5.84,55.56,9.04
2023-01-02 13:00:00,0.0,4.57,57.09,0.0
2023-01-02 14:00:00,0.0,5.9,57.98,88.36
2023-01-02 15:00:00,1.73,5.28,49.43,0.0
2023-01-02 16:00:00,4.82,3.5,53.9,7.06
2023-01-02 17:00:00,1.23,0.03,62.45,29.72
2023-01-02 18:00:00,0.0,0.94,56.09,0.0
2023-01-02 19:00:00,0.0,1.49,68.68,0.0
2023-01-02 20:00:00,0.0,-3.3,68.88,0.0
2023-01-02 21:00:00,0.0,1.05,66.16,0.0
2023-01-02 22:00:00,0.0,-4.99,58.92,0.0
2023-01-02 23:00:00,6.34,-4.38,71.42,0.0
2023-01-03 00:00:00,2.06,-5.9,75.04,32.48
2023-01-03 01:00:00,0.0,-3.93,65.59,0.0
2023-01-03 02:00:00,1.94,-7.37,67.41,53.92
2023-01-03 03:00:00,0.0,-4.18,65.87,0.0
2023-01-03 04:00:00,0.0,-4.24,67.51,0.0
2023-01-03 05:00:00,3.67,-0.57,64.26,96.32
2023-01-03 06:00:00,6.19,2.44,64.68,0.0
2023-01-03 07:00:00,5.82,3.04,66.8,0.0
2023-01-03 08:00:00,0.0,-1.79,71.59,0.0
2023-01-03 09:00:00,0.0,8.07,50.79,64.34
2023-01-03 10:00:00,2.77,5.37,55.68,0.0
2023-01-03 11:00:00,6.72,3.73,49.3,1.77
2023-01-03 12:00:00,0.0,5.76,62.82,7.01
2023-01-03 13:00:00,0.0,5.63,52.26,65.11
2023-01-03 14:00:00,0.0,3.45,48.98,3.99
2023-01-03 15:00:00,0.0,4.38,60.98,127.79
2023-01-03 16:00:00,5.32,1.73,68.58,14.17
2023-01-03 17:00:00,8.37,0.93,65.59,56.96
2023-01-03 18:00:00,0.0,-0.92,65.88,40.26
2023-01-03 19:00:00,6.02,-3.71,66.9,0.0
2023-01-03 20:00:00,2.17,-1.76,71.93,0.0
2023-01-03 21:00:00,0.0,-1.92,60.49,16.6
2023-01-03 22:00:00,2.17,-2.85,64.3,25.5
2023-01-03 23:00:00,9.23,-2.74,62.59,0.0
2023-01-04 00:00:00,0.0,-3.84,59.35,8.32
2023-01-04 01:00:00,9.39,-5.38,63.55,61.81
2023-01-04 02:00:00,0.0,-2.14,70.73,103.5
2023-01-04 03:00:00,4.93,-5.74,68.02,42.72
2023-01-04 04:00:00,0.52,-3.79,68.41,93.14
2023-01-04 05:00:00,0.0,-2.71,65.92,0.0
2023-01-04 06:00:00,0.55,2.67,67.81,35.09
2023-01-04 07:00:00,0.0,3.69,58.6,71.36
2023-01-04 08:00:00,0.0,3.99,58.64,0.0
2023-01-04 09:00:00,2.87,6.19,59.08,0.0
2023-01-04 10:00:00,9.76,3.09,57.92,101.73
2023-01-04 11:00:00,0.0,6.04,57.13,0.0
2023-01-04 12:00:00,0.0,5.26,54.5,0.0
2023-01-04 13:00:00,0.0,7.04,53.64,92.95
2023-01-04 14:00:00,6.38,4.61,72.32,74.67
2023-01-04 15:00:00,2.7,3.28,62.65,33.72
2023-01-04 16:00:00,0.0,4.1,62.26,6.28
2023-01-04 17:00:00,3.35,3.56,61.44,0.0
2023-01-04 18:00:00,0.58,-0.82,62.93,14.1
2023-01-04 19:00:00,5.81,-0.9,64.54,78.99
2023-01-04 20:00:00,0.0,-4.1,66.65,11.93
2023-01-04 21:00:00,0.0,-8.02,55.79,108.35
2023-01-04 22:00:00,0.0,-3.42,57.34,0.0
2023-01-04 23:00:00,0.0,-3.1,62.01,0.0
2023-01-05 00:00:00,1.78,-3.89,66.56,0.0
2023-01-05 01:00:00,1.57,-8.15,64.33,0.0
2023-01-05 02:00:00,0.03,-4.45,72.91,0.0
2023-01-05 03:00:00,0.0,-7.39,58.11,20.87
2023-01-05 04:00:00,0.0,0.82,61.77,26.21
2023-01-05 05:00:00,0.0,-2.88,73.12,108.52
2023-01-05 06:00:00,0.0,3.09,66.18,23.22
2023-01-05 07:00:00,0.0,3.77,67.36,62.54
2023-01-05 08:00:00,0.0,1.28,70.78,13.02
2023-01-05 09:00:00,3.25,1.85,54.98,97.65
2023-01-05 10:00:00,12.33,5.61,56.37,136.75
2023-01-05 11:00:00,2.17,3.72,54.5,45.33
2023-01-05 12:00:00,2.71,5.79,45.75,0.0
2023-01-05 13:00:00,0.68,4.45,54.31,0.0
2023-01-05 14:00:00,0.0,1.35,61.27,30.93
2023-01-05 15:00:00,0.67,-0.34,61.15,36.57
2023-01-05 16:00:00,0.94,3.54,63.62,44.64
2023-01-05 17:00:00,15.08,0.75,61.06,28.04
2023-01-05 18:00:00,0.0,-0.52,62.24,0.35
2023-01-05 19:00:00,1.81,0.68,71.87,0.0
2023-01-05 20:00:00,0.0,0.43,63.04,20.06
2023-01-05 21:00:00,0.0,-3.5,66.99,92.75
2023-01-05 22:00:00,6.86,-4.43,66.34,51.0
2023-01-05 23:00:00,4.51,-3.25,72.83,26.74
2023-01-06 00:00:00,4.75,-7.06,70.71,51.48
2023-01-06 01:00:00,0.0,-3.73,59.38,0.0
2023-01-06 02:00:00,8.42,-2.57,59.91,0.0
2023-01-06 03:00:00,0.0,-1.52,68.75,0.0
2023-01-06 04:00:00,3.52,-5.72,65.53,0.0
2023-01-06 05:00:00,13.14,-2.16,63.58,0.0
2023-01-06 06:00:00,0.0,-1.1,70.93,60.41
2023-01-06 07:00:00,0.0,2.15,64.2,0.0
2023-01-06 08:00:00,1.25,4.12,61.11,0.0
2023-01-06 09:00:00,0.0,7.19,62.68,112.6
2023-01-06 10:00:00,0.0,4.0,55.32,0.0
2023-01-06 11:00:00,1.68,4.49,64.04,28.81
2023-01-06 12:00:00,0.0,7.96,51.91,44.45
2023-01-06 13:00:00,4.11,6.08,59.48,0.0
2023-01-06 14:00:00,0.0,7.52,64.36,80.73
2023-01-06 15:00:00,10.23,4.77,51.89,47.33
2023-01-06 16:00:00,0.0,0.84,59.14,88.86
2023-01-06 17:00:00,0.0,-0.72,68.97,0.0
2023-01-06 18:00:00,4.88,-2.45,71.64,4.96
2023-01-06 19:00:00,0.0,0.69,64.99,1.97
2023-01-06 20:00:00,1.36,0.53,62.18,13.19
2023-01-06 21:00:00,7.84,0.82,70.63,0.0
2023-01-06 22:00:00,0.0,-1.99,71.77,5.54
2023-01-06 23:00:00,1.11,-1.85,60.03,0.0
2023-01-07 00:00:00,1.56,-5.43,60.16,17.92
2023-01-07 01:00:00,4.69,-6.41,67.31,0.0
2023-01-07 02:00:00,0.0,-1.9,69.33,0.0
2023-01-07 03:00:00,0.0,-1.97,64.68,40.93
2023-01-07 04:00:00,3.13,-1.55,69.58,0.0
2023-01-07 05:00:00,1.78,0.21,62.63,0.0
2023-01-07 06:00:00,1.5,1.38,55.61,63.54
2023-01-07 07:00:00,2.46,4.6,61.47,22.72
2023-01-07 08:00:00,0.0,5.82,61.5,55.84
2023-01-07 09:00:00,2.43,5.36,57.73,8.99
2023-01-07 10:00:00,3.03,6.76,51.73,155.17
2023-01-07 11:00:00,0.0,6.59,47.44,0.0
2023-01-07 12:00:00,12.66,4.81,53.61,111.7
2023-01-07 13:00:00,4.26,7.08,61.01,20.57
2023-01-07 14:00:00,0.0,2.28,63.8,0.0
2023-01-07 15:00:00,4.98,6.38,65.05,41.45
2023-01-07 16:00:00,0.0,0.85,57.1,27.97
2023-01-07 17:00:00,5.1,2.6,57.82,0.0
2023-01-07 18:00:00,6.95,-0.96,68.66,0.0
2023-01-07 19:00:00,0.0,0.55,69.36,0.0
2023-01-07 20:00:00,5.78,-1.83,68.18,17.49
2023-01-07 21:00:00,2.48,-5.99,56.11,0.0
2023-01-07 22:00:00,4.93,-2.75,61.85,52.66
2023-01-07 23:00:00,11.38,-5.25,66.03,0.0
2023-01-08 00:00:00,0.0,-2.42,68.94,0.0
2023-01-08 01:00:00,0.0,-4.01,70.34,47.05
2023-01-08 02:00:00,0.0,-2.72,67.23,0.0
2023-01-08 03:00:00,0.0,-4.63,68.16,60.81
2023-01-08 04:00:00,0.0,-2.86,66.93,21.9
2023-01-08 05:00:00,2.05,-1.4,69.93,0.0
2023-01-08 06:00:00,1.66,2.53,68.07,0.0
2023-01-08 07:00:00,5.39,5.46,64.25,31.18
2023-01-08 08:00:00,0.89,1.71,60.16,0.0
2023-01-08 09:00:00,9.88,6.51,59.84,0.0
2023-01-08 10:00:00,0.0,0.81,60.27,54.05
2023-01-08 11:00:00,17.9,3.26,58.18,19.05
2023-01-08 12:00:00,5.39,3.9,58.41,28.88
2023-01-08 13:00:00,0.0,2.94,63.56,80.74
2023-01-08 14:00:00,0.0,1.98,59.17,17.86
2023-01-08 15:00:00,4.05,5.18,56.19,19.99
2023-01-08 16:00:00,0.0,2.89,65.92,0.0
2023-01-08 17:00:00,4.71,2.87,57.09,28.58
2023-01-08 18:00:00,2.84,2.2,61.1,17.49
2023-01-08 19:00:00,0.0,0.05,68.19,45.04
2023-01-08 20:00:00,0.0,-0.37,69.09,0.0
2023-01-08 21:00:00,0.0,-2.86,60.28,0.0
2023-01-08 22:00:00,0.0,-5.89,64.59,39.61
2023-01-08 23:00:00,5.14,-1.9,63.48,12.61
2023-01-09 00:00:00,1.28,-5.28,64.4,0.0
2023-01-09 01:00:00,0.0,-5.8,71.55,65.33
2023-01-09 02:00:00,1.04,-3.78,70.36,0.0
2023-01-09 03:00:00,2.31,-4.46,66.74,39.21
2023-01-09 04:00:00,0.0,-2.43,64.1,0.0
2023-01-09 05:00:00,0.92,0.3,60.08,94.29
2023-01-09 06:00:00,0.35,1.6,73.93,0.0
2023-01-09 07:00:00,0.0,0.4,67.2,65.4
2023-01-09 08:00:00,3.05,2.43,58.3,10.95
2023-01-09 09:00:00,4.64,6.59,63.36,2.93
2023-01-09 10:00:00,8.06,6.23,57.82,35.31
2023-01-09 11:00:00,8.07,9.88,55.74,60.64
2023-01-09 12:00:00,0.0,8.26,59.01,0.0
2023-01-09 13:00:00,0.0,8.02,53.46,0.0
2023-01-09 14:00:00,4.65,2.46,56.45,58.52
2023-01-09 15:00:00,4.36,5.97,60.37,0.0
2023-01-09 16:00:00,3.99,3.3,59.33,0.0
2023-01-09 17:00:00,23.58,1.09,67.59,159.82
2023-01-09 18:00:00,3.43,1.24,76.18,0.0
2023-01-09 19:00:00,6.81,1.5,63.06,57.39
2023-01-09 20:00:00,5.72,-0.6,58.51,0.0
2023-01-09 21:00:00,3.91,-4.39,56.82,25.45
2023-01-09 22:00:00,0.0,-1.94,66.08,32.72
2023-01-09 23:00:00,4.55,-5.2,63.52,56.45
2023-01-10 00:00:00,0.0,-3.57,68.19,0.0
2023-01-10 01:00:00,0.0,-4.44,67.82,99.44
2023-01-10 02:00:00,0.0,-3.78,59.14,0.0
2023-01-10 03:00:00,0.49,-1.01,58.08,11.71
2023-01-10 04:00:00,13.89,-3.59,68.63,12.26
2023-01-10 05:00:00,0.0,3.59,67.83,0.0
2023-01-10 06:00:00,4.12,-2.65,65.02,0.0
2023-01-10 07:00:00,0.0,1.09,56.28,16.64
2023-01-10 08:00:00,0.0,4.23,64.51,0.0
2023-01-10 09:00:00,7.94,5.7,66.44,145.44
2023-01-10 10:00:00,2.1,5.12,59.88,0.0
2023-01-10 11:00:00,0.0,5.71,53.26,90.93
2023-01-10 12:00:00,0.0,6.81,57.38,75.9
2023-01-10 13:00:00,5.99,5.36,50.66,31.26
2023-01-10 14:00:00,0.0,8.11,63.78,0.0
2023-01-10 15:00:00,2.7,6.21,60.49,0.0
2023-01-10 16:00:00,1.27,5.24,53.31,0.0
2023-01-10 17:00:00,0.0,0.35,63.06,0.0
2023-01-10 18:00:00,12.86,0.83,69.47,0.0
2023-01-10 19:00:00,3.8,-0.9,65.49,0.0
2023-01-10 20:00:00,0.0,-3.52,65.77,67.29
2023-01-10 21:00:00,1.12,-1.82,61.03,30.92
2023-01-10 22:00:00,0.0,-4.41,69.99,39.3
2023-01-10 23:00:00,5.11,-2.53,63.91,29.44
2023-01-11 00:00:00,0.0,-6.05,56.69,8.35
2023-01-11 01:00:00,0.0,-0.3,65.62,73.03
2023-01-11 02:00:00,3.03,-5.04,72.38,0.0
2023-01-11 03:00:00,5.19,-2.01,65.54,5.33
2023-01-11 04:00:00,0.0,0.17,76.16,37.35
2023-01-11 05:00:00,0.0,-1.35,69.62,0.0
2023-01-11 06:00:00,0.0,2.79,69.17,154.83
2023-01-11 07:00:00,0.0,-0.08,64.24,10.81
2023-01-11 08:00:00,11.68,6.49,62.13,25.21
2023-01-11 09:00:00,3.97,4.65,59.09,88.46
2023-01-11 10:00:00,0.0,4.22,57.3,77.12
2023-01-11 11:00:00,7.61,5.32,60.47,36.9
2023-01-11 12:00:00,14.91,7.7,52.8,42.74
2023-01-11 13:00:00,8.29,4.75,52.44,0.0
2023-01-11 14:00:00,0.0,3.92,53.2,3.55
2023-01-11 15:00:00,0.0,4.18,70.63,51.48
2023-01-11 16:00:00,8.69,1.23,65.13,40.31
2023-01-11 17:00:00,0.0,6.02,66.41,70.44
2023-01-11 18:00:00,2.66,-0.05,62.19,0.0
2023-01-11 19:00:00,4.65,1.46,70.59,0.0
2023-01-11 20:00:00,0.0,-0.99,66.89,52.84
2023-01-11 21:00:00,0.0,-4.42,68.55,71.8
2023-01-11 22:00:00,0.0,-3.26,62.59,44.91
2023-01-11 23:00:00,0.0,-2.17,68.28,0.0
2023-01-12 00:00:00,0.0,-4.19,65.67,52.22
2023-01-12 01:00:00,0.0,-1.26,63.96,171.45
2023-01-12 02:00:00,9.79,-1.1,71.46,5.76
2023-01-12 03:00:00,0.0,-0.51,60.1,0.0
2023-01-12 04:00:00,0.0,-2.23,70.62,0.0
2023-01-12 05:00:00,0.78,-2.27,71.22,31.27
2023-01-12 06:00:00,8.65,-0.04,63.39,0.0
2023-01-12 07:00:00,0.0,2.87,61.1,18.7
2023-01-12 08:00:00,8.16,4.78,61.68,38.77
2023-01-12 09:00:00,1.74,0.38,62.13,104.7
2023-01-12 10:00:00,0.0,5.5,58.37,99.73
2023-01-12 11:00:00,5.06,6.33,60.3,81.4
2023-01-12 12:00:00,3.57,5.63,66.61,0.0
2023-01-12 13:00:00,0.0,8.6,55.59,84.22
2023-01-12 14:00:00,2.47,6.36,50.56,69.5
2023-01-12 15:00:00,0.0,7.34,64.85,40.74
2023-01-12 16:00:00,1.87,3.25,71.21,0.0
2023-01-12 17:00:00,4.59,4.35,67.17,0.0
2023-01-12 18:00:00,9.52,4.46,62.35,0.0
2023-01-12 19:00:00,0.0,2.51,67.17,0.0
2023-01-12 20:00:00,12.8,-3.5,62.2,0.0
2023-01-12 21:00:00,0.0,-2.86,71.01,0.0
2023-01-12 22:00:00,0.0,-3.84,61.04,131.27
2023-01-12 23:00:00,3.53,-2.67,66.29,0.0
2023-01-13 00:00:00,1.69,-2.34,63.09,64.69
2023-01-13 01:00:00,0.0,-5.22,68.74,0.0
2023-01-13 02:00:00,0.0,-2.91,66.28,0.0
2023-01-13 03:00:00,0.0,-6.29,68.99,4.84
2023-01-13 04:00:00,0.0,1.67,68.22,0.0
2023-01-13 05:00:00,5.1,-1.03,63.18,0.0
2023-01-13 06:00:00,2.14,1.4,71.24,0.0
2023-01-13 07:00:00,0.0,1.96,65.28,0.0
2023-01-13 08:00:00,6.69,6.08,58.17,114.22
2023-01-13 09:00:00,3.67,-0.85,72.24,49.27
2023-01-13 10:00:00,7.11,5.58,61.83,61.16
2023-01-13 11:00:00,6.27,5.91,57.68,68.46
2023-01-13 12:00:00,0.0,5.38,65.18,73.57
2023-01-13 13:00:00,0.0,9.57,67.66,37.33
2023-01-13 14:00:00,6.71,3.84,58.72,21.15
2023-01-13 15:00:00,5.48,6.37,62.77,38.7
2023-01-13 16:00:00,1.16,4.5,58.17,79.31
2023-01-13 17:00:00,1.37,5.11,64.78,67.42
2023-01-13 18:00:00,7.67,-0.05,67.11,0.0
2023-01-13 19:00:00,0.0,-1.47,69.03,38.39
2023-01-13 20:00:00,3.28,0.98,69.77,0.0
2023-01-13 21:00:00,0.0,-1.4,70.91,1.69
2023-01-13 22:00:00,0.0,-6.13,69.3,0.0
2023-01-13 23:00:00,6.59,-4.62,62.05,0.0
2023-01-14 00:00:00,4.95,-2.83,63.73,67.07
2023-01-14 01:00:00,4.88,-1.76,65.69,4.62
2023-01-14 02:00:00,7.83,-4.29,67.01,6.76
2023-01-14 03:00:00,0.13,-7.97,73.68,0.0
2023-01-14 04:00:00,4.09,-0.06,62.61,0.0
2023-01-14 05:00:00,0.0,-2.34,66.63,0.0
2023-01-14 06:00:00,1.94,-2.64,73.19,0.0
2023-01-14 07:00:00,0.0,-2.98,64.33,13.12
2023-01-14 08:00:00,1.98,5.52,65.72,1.79
2023-01-14 09:00:00,5.54,5.19,60.65,36.88
2023-01-14 10:00:00,0.0,5.27,61.05,46.34
2023-01-14 11:00:00,15.25,9.0,57.62,0.0
2023-01-14 12:00:00,0.0,7.67,61.76,26.56
2023-01-14 13:00:00,0.0,9.46,51.04,48.78
2023-01-14 14:00:00,9.36,2.94,57.95,99.48
2023-01-14 15:00:00,6.72,4.86,62.83,45.71
2023-01-14 16:00:00,5.14,0.66,66.09,0.0
2023-01-14 17:00:00,4.49,2.23,73.3,31.98
2023-01-14 18:00:00,0.0,0.9,66.47,85.38
2023-01-14 19:00:00,0.0,1.35,75.82,45.84
2023-01-14 20:00:00,0.45,-1.01,65.13,27.38
2023-01-14 21:00:00,0.0,-0.89,75.07,36.28
2023-01-14 22:00:00,5.85,-1.53,72.51,72.0
2023-01-14 23:00:00,0.0,0.88,63.85,53.78
2023-01-15 00:00:00,0.0,-4.13,70.27,28.34
2023-01-15 01:00:00,0.0,-5.21,68.48,53.43
2023-01-15 02:00:00,2.48,-2.33,71.86,0.0
2023-01-15 03:00:00,0.0,-3.63,67.62,0.0
2023-01-15 04:00:00,0.0,1.97,67.2,7.85
2023-01-15 05:00:00,1.46,-0.35,75.58,3.43
2023-01-15 06:00:00,1.47,0.37,68.24,0.0
2023-01-15 07:00:00,0.0,1.86,70.28,54.28
2023-01-15 08:00:00,0.0,5.44,62.61,0.0
2023-01-15 09:00:00,3.52,4.73,70.0,8.75
2023-01-15 10:00:00,0.0,4.55,56.68,19.21
2023-01-15 11:00:00,0.0,9.67,56.0,0.0
2023-01-15 12:00:00,0.0,4.79,66.36,124.92
2023-01-15 13:00:00,1.63,6.41,56.85,0.0
2023-01-15 14:00:00,4.47,7.14,68.08,14.04
2023-01-15 15:00:00,10.98,1.78,66.12,80.88
2023-01-15 16:00:00,6.65,4.97,62.96,57.39
2023-01-15 17:00:00,0.0,0.69,57.08,0.0
2023-01-15 18:00:00,0.0,3.15,68.64,34.12
2023-01-15 19:00:00,0.0,-1.71,69.24,14.49
2023-01-15 20:00:00,0.0,0.39,74.57,116.65
2023-01-15 21:00:00,0.0,0.18,76.68,20.2
2023-01-15 22:00:00,1.94,-1.1,65.31,0.0
2023-01-15 23:00:00,0.0,-2.82,72.74,0.0
2023-01-16 00:00:00,3.12,-3.84,72.87,0.0
2023-01-16 01:00:00,9.2,-4.36,74.41,0.0
2023-01-16 02:00:00,0.0,0.23,71.53,68.55
2023-01-16 03:00:00,2.41,-3.31,59.33,0.9
2023-01-16 04:00:00,4.14,-2.95,68.26,28.26
2023-01-16 05:00:00,0.0,1.66,63.26,75.71
2023-01-16 06:00:00,1.34,0.03,68.03,0.0
2023-01-16 07:00:00,0.91,1.01,71.35,77.92
2023-01-16 08:00:00,2.21,1.23,65.57,29.77
2023-01-16 09:00:00,0.0,4.19,67.71,59.94
2023-01-16 10:00:00,2.95,5.78,62.09,5.35
2023-01-16 11:00:00,6.12,6.94,52.89,14.41
2023-01-16 12:00:00,11.95,8.52,46.44,78.45
2023-01-16 13:00:00,8.89,7.5,60.13,171.4
2023-01-16 14:00:00,15.73,5.57,59.31,96.94
2023-01-16 15:00:00,0.0,4.76,57.09,101.47
2023-01-16 16:00:00,6.85,5.14,55.54,17.4
2023-01-16 17:00:00,1.94,5.46,62.78,0.0
2023-01-16 18:00:00,13.14,1.87,68.07,0.0
2023-01-16 19:00:00,0.0,-0.61,72.37,0.0
2023-01-16 20:00:00,0.0,-2.87,69.98,0.0
2023-01-16 21:00:00,0.0,-4.81,77.08,0.0
2023-01-16 22:00:00,0.0,-1.38,63.86,0.0
2023-01-16 23:00:00,0.0,-2.05,73.45,0.0
2023-01-17 00:00:00,0.0,-2.11,69.58,6.59
2023-01-17 01:00:00,0.9,-3.35,72.82,18.12
2023-01-17 02:00:00,2.05,0.22,67.16,0.0
2023-01-17 03:00:00,11.26,-2.76,74.71,0.0
2023-01-17 04:00:00,5.7,1.15,70.82,0.0
2023-01-17 05:00:00,0.0,0.37,65.95,0.0
2023-01-17 06:00:00,0.0,0.52,69.29,0.0
2023-01-17 07:00:00,3.85,4.22,65.56,38.31
2023-01-17 08:00:00,0.0,5.06,66.79,74.45
2023-01-17 09:00:00,13.45,5.99,56.38,87.92
2023-01-17 10:00:00,10.09,6.23,60.54,88.05
2023-01-17 11:00:00,0.54,6.49,61.66,49.31
2023-01-17 12:00:00,0.0,11.52,59.51,31.87
2023-01-17 13:00:00,11.48,8.94,66.42,18.64
2023-01-17 14:00:00,2.32,7.51,64.56,0.0
2023-01-17 15:00:00,9.89,5.5,62.24,90.58
2023-01-17 16:00:00,0.0,6.25,65.43,20.25
2023-01-17 17:00:00,0.0,4.07,68.24,0.0
2023-01-17 18:00:00,0.03,1.79,71.36,0.0
2023-01-17 19:00:00,0.28,-0.16,60.22,0.0
2023-01-17 20:00:00,0.0,-0.92,67.84,2.15
2023-01-17 21:00:00,3.74,-8.14,61.92,53.37
2023-01-17 22:00:00,0.0,-2.17,75.74,0.0
2023-01-17 23:00:00,0.0,-4.07,69.04,0.0
2023-01-18 00:00:00,0.72,0.05,68.68,0.0
2023-01-18 01:00:00,3.09,-2.93,74.13,0.0
2023-01-18 02:00:00,4.27,-4.85,71.76,0.0
2023-01-18 03:00:00,0.0,-1.77,64.01,0.0
2023-01-18 04:00:00,0.0,-2.73,69.3,10.87
2023-01-18 05:00:00,7.67,1.51,67.97,3.31
2023-01-18 06:00:00,1.99,2.44,60.93,0.0
2023-01-18 07:00:00,0.0,5.07,63.61,36.69
2023-01-18 08:00:00,11.17,2.78,63.73,9.54
2023-01-18 09:00:00,3.33,5.47,62.0,19.55
2023-01-18 10:00:00,10.3,3.46,53.58,122.75
2023-01-18 11:00:00,4.0,8.09,65.75,87.91
2023-01-18 12:00:00,16.09,7.9,59.14,103.4
2023-01-18 13:00:00,14.13,7.68,60.18,121.24
2023-01-18 14:00:00,1.73,6.19,62.99,80.04
2023-01-18 15:00:00,8.46,6.23,58.64,90.3
2023-01-18 16:00:00,5.73,7.57,66.93,0.0
2023-01-18 17:00:00,9.18,2.59,65.23,26.27
2023-01-18 18:00:00,0.0,2.14,65.17,0.0
2023-01-18 19:00:00,4.12,-1.6,72.52,83.88
2023-01-18 20:00:00,6.35,-2.37,77.11,46.38
2023-01-18 21:00:00,0.0,-1.48,73.27,0.0
2023-01-18 22:00:00,0.0,-0.26,74.27,18.64
2023-01-18 23:00:00,0.0,-3.48,67.05,8.38
2023-01-19 00:00:00,0.0,-3.48,61.96,22.72
2023-01-19 01:00:00,4.31,-3.66,77.4,0.0
2023-01-19 02:00:00,9.01,-3.41,80.22,18.0
2023-01-19 03:00:00,0.44,-0.96,77.66,0.0
2023-01-19 04:00:00,9.77,-3.51,68.27,14.12
2023-01-19 05:00:00,0.0,3.26,64.18,0.0
2023-01-19 06:00:00,0.0,0.66,64.62,0.0
2023-01-19 07:00:00,0.7,4.73,58.94,75.84
2023-01-19 08:00:00,4.29,1.95,64.41,0.0
2023-01-19 09:00:00,2.62,6.86,70.91,0.0
2023-01-19 10:00:00,0.0,7.66,60.58,54.81
2023-01-19 11:00:00,3.31,7.59,61.8,25.42
2023-01-19 12:00:00,0.0,5.0,66.83,22.02
2023-01-19 13:00:00,7.86,7.32,58.27,69.27
2023-01-19 14:00:00,5.64,3.95,71.47,0.0
2023-01-19 15:00:00,0.0,5.02,72.84,0.0
2023-01-19 16:00:00,0.0,6.55,64.29,135.84
2023-01-19 17:00:00,0.0,4.88,64.47,40.13
2023-01-19 18:00:00,0.0,2.02,73.44,0.0
2023-01-19 19:00:00,5.73,-1.26,68.21,20.91
2023-01-19 20:00:00,0.0,0.78,64.17,28.37
2023-01-19 21:00:00,3.02,-1.51,76.36,49.72
2023-01-19 22:00:00,0.0,-6.98,76.03,0.0
2023-01-19 23:00:00,0.0,-1.28,70.73,48.82
2023-01-20 00:00:00,0.0,-2.93,63.93,0.0
2023-01-20 01:00:00,0.0,-0.31,64.1,0.0
2023-01-20 02:00:00,0.0,-4.4,70.78,8.19
2023-01-20 03:00:00,0.0,-7.77,67.75,16.48
2023-01-20 04:00:00,11.79,0.18,68.54,0.0
2023-01-20 05:00:00,0.21,1.41,75.36,12.97
2023-01-20 06:00:00,0.0,-1.26,73.91,0.0
2023-01-20 07:00:00,2.38,1.46,74.55,4.43
2023-01-20 08:00:00,1.44,10.13,60.29,86.55
2023-01-20 09:00:00,1.67,5.04,61.46,95.38
2023-01-20 10:00:00,7.35,7.91,65.38,11.3
2023-01-20 11:00:00,8.64,5.65,62.83,15.35
2023-01-20 12:00:00,1.05,2.94,67.91,50.06
2023-01-20 13:00:00,0.64,6.61,62.69,66.87
2023-01-20 14:00:00,2.02,5.92,70.83,28.26
2023-01-20 15:00:00,0.0,4.85,65.88,101.97
2023-01-20 16:00:00,0.0,4.39,70.56,52.68
2023-01-20 17:00:00,9.3,3.94,66.04,38.58
2023-01-20 18:00:00,9.87,1.82,70.32,0.0
2023-01-20 19:00:00,0.0,-1.7,74.8,58.36
2023-01-20 20:00:00,3.46,0.59,78.31,0.0
2023-01-20 21:00:00,1.87,-5.32,73.89,41.7
2023-01-20 22:00:00,18.47,-6.31,69.83,46.72
2023-01-20 23:00:00,6.72,-1.23,77.13,0.0
2023-01-21 00:00:00,0.0,-1.73,59.58,63.65
2023-01-21 01:00:00,0.0,-2.69,63.43,0.0
2023-01-21 02:00:00,0.0,-4.87,73.95,3.12
2023-01-21 03:00:00,1.22,-2.7,70.61,16.98
2023-01-21 04:00:00,0.0,-0.77,73.57,159.33
2023-01-21 05:00:00,0.0,-2.23,70.86,67.22
2023-01-21 06:00:00,0.0,0.77,73.4,35.06
2023-01-21 07:00:00,0.0,4.85,63.88,0.0
2023-01-21 08:00:00,12.38,7.61,68.39,44.73
2023-01-21 09:00:00,8.48,4.95,68.44,12.44
2023-01-21 10:00:00,3.85,8.1,67.98,106.14
2023-01-21 11:00:00,13.23,3.25,70.95,79.56
2023-01-21 12:00:00,4.97,8.57,61.76,18.87
2023-01-21 13:00:00,0.0,5.47,62.25,76.59
2023-01-21 14:00:00,13.04,7.2,54.27,22.56
2023-01-21 15:00:00,6.42,5.29,60.81,60.66
2023-01-21 16:00:00,0.0,7.39,64.58,0.0
2023-01-21 17:00:00,0.02,1.8,73.2,20.81
2023-01-21 18:00:00,0.0,3.51,67.49,37.52
2023-01-21 19:00:00,0.0,0.4,74.52,0.0
2023-01-21 20:00:00,5.56,-0.56,70.53,0.0
2023-01-21 21:00:00,11.46,-1.65,69.66,10.16
2023-01-21 22:00:00,0.0,-3.77,71.79,34.86
2023-01-21 23:00:00,3.38,-2.61,68.59,0.0
2023-01-22 00:00:00,0.0,-2.73,68.69,13.03
2023-01-22 01:00:00,0.0,-1.96,62.31,65.88
2023-01-22 02:00:00,0.0,-1.77,69.59,28.68
2023-01-22 03:00:00,0.0,0.45,68.43,2.89
2023-01-22 04:00:00,0.29,1.74,68.25,31.99
2023-01-22 05:00:00,0.0,-1.0,72.92,22.62
2023-01-22 06:00:00,1.62,4.13,74.13,37.68
2023-01-22 07:00:00,0.94,1.31,69.41,0.0
2023-01-22 08:00:00,0.96,6.07,70.81,0.0
2023-01-22 09:00:00,0.0,7.17,66.64,106.59
2023-01-22 10:00:00,0.68,2.9,60.7,0.0
2023-01-22 11:00:00,9.15,7.41,58.86,97.05
2023-01-22 12:00:00,7.79,6.45,62.4,62.09
2023-01-22 13:00:00,0.0,5.7,64.04,27.17
2023-01-22 14:00:00,4.74,9.42,69.16,86.5
2023-01-22 15:00:00,7.89,4.62,69.72,66.4
2023-01-22 16:00:00,0.0,3.28,63.13,145.36
2023-01-22 17:00:00,4.5,3.84,67.73,0.0
2023-01-22 18:00:00,0.0,3.76,74.19,72.01
2023-01-22 19:00:00,3.42,0.81,76.17,17.62
2023-01-22 20:00:00,0.0,2.22,75.53,0.0
2023-01-22 21:00:00,0.0,-0.08,70.51,39.96
2023-01-22 22:00:00,0.0,-6.3,64.56,28.29
2023-01-22 23:00:00,0.29,-3.5,65.84,1.79
2023-01-23 00:00:00,1.56,-3.59,72.48,13.31
2023-01-23 01:00:00,0.0,-1.34,72.83,0.0
2023-01-23 02:00:00,3.83,-7.05,65.63,0.0
2023-01-23 03:00:00,0.0,4.09,71.34,37.97
2023-01-23 04:00:00,0.0,1.09,74.28,0.0
2023-01-23 05:00:00,0.0,1.54,65.36,0.0
2023-01-23 06:00:00,0.0,4.9,76.65,13.99
2023-01-23 07:00:00,1.6,8.51,66.64,35.11
2023-01-23 08:00:00,0.0,6.77,72.41,0.0
2023-01-23 09:00:00,1.27,7.97,61.38,124.0
2023-01-23 10:00:00,10.42,7.12,57.33,79.16
2023-01-23 11:00:00,1.43,7.08,59.17,71.41
2023-01-23 12:00:00,10.08,6.58,60.64,105.96
2023-01-23 13:00:00,0.0,5.71,59.52,93.37
2023-01-23 14:00:00,7.57,5.49,61.38,111.46
2023-01-23 15:00:00,12.23,3.37,65.72,86.59
2023-01-23 16:00:00,0.0,4.88,65.26,78.1
2023-01-23 17:00:00,0.0,0.46,68.2,89.4
2023-01-23 18:00:00,3.46,2.91,62.57,44.18
2023-01-23 19:00:00,0.0,1.17,73.08,0.0
2023-01-23 20:00:00,2.23,0.33,70.67,0.0
2023-01-23 21:00:00,0.0,-2.05,79.17,83.39
2023-01-23 22:00:00,0.52,4.36,66.42,0.0
2023-01-23 23:00:00,0.0,0.42,62.08,0.0
2023-01-24 00:00:00,7.01,-4.81,74.5,0.0
2023-01-24 01:00:00,1.53,-1.69,73.14,16.92
2023-01-24 02:00:00,2.03,-2.87,66.36,7.44
2023-01-24 03:00:00,0.0,-2.89,63.76,0.0
2023-01-24 04:00:00,0.0,-2.5,79.09,22.66
2023-01-24 05:00:00,0.0,2.25,78.48,0.0
2023-01-24 06:00:00,2.37,1.32,58.97,134.52
2023-01-24 07:00:00,0.0,5.91,66.53,0.0
2023-01-24 08:00:00,4.42,7.17,74.73,22.87
2023-01-24 09:00:00,16.24,8.96,61.95,19.38
2023-01-24 10:00:00,9.86,5.3,60.29,141.2
2023-01-24 11:00:00,3.22,8.46,60.33,67.58
2023-01-24 12:00:00,12.56,8.94,55.8,53.02
2023-01-24 13:00:00,2.72,6.56,53.22,121.57
2023-01-24 14:00:00,0.0,5.46,68.01,8.29
2023-01-24 15:00:00,0.0,9.43,55.12,94.37
2023-01-24 16:00:00,0.0,5.63,67.64,133.7
2023-01-24 17:00:00,0.0,5.24,73.25,51.43
2023-01-24 18:00:00,0.11,1.03,64.15,31.89
2023-01-24 19:00:00,10.06,-1.05,66.78,43.5
2023-01-24 20:00:00,1.96,-0.96,77.47,85.49
2023-01-24 21:00:00,0.0,-1.11,74.07,60.49
2023-01-24 22:00:00,4.98,-3.78,68.32,21.98
2023-01-24 23:00:00,0.0,-2.17,77.42,45.19
2023-01-25 00:00:00,1.41,-5.55,77.72,0.0
2023-01-25 01:00:00,4.63,-4.24,73.03,38.81
2023-01-25 02:00:00,0.0,-0.16,67.19,0.0
2023-01-25 03:00:00,6.86,0.5,69.62,0.0
2023-01-25 04:00:00,2.03,-0.46,73.12,0.0
2023-01-25 05:00:00,0.0,-0.5,70.74,20.07
2023-01-25 06:00:00,3.8,0.77,76.38,0.0
2023-01-25 07:00:00,15.09,3.37,61.45,79.95
2023-01-25 08:00:00,3.92,6.62,59.21,66.62
2023-01-25 09:00:00,5.49,8.22,65.52,122.84
2023-01-25 10:00:00,2.14,6.16,60.57,27.43
2023-01-25 11:00:00,0.36,5.35,58.89,142.94
2023-01-25 12:00:00,10.64,8.36,52.85,199.52
2023-01-25 13:00:00,0.32,6.01,62.12,129.23
2023-01-25 14:00:00,5.33,6.12,62.76,121.12
2023-01-25 15:00:00,1.13,9.01,67.88,75.11
2023-01-25 16:00:00,5.7,6.98,67.03,20.88
2023-01-25 17:00:00,3.47,4.44,68.43,62.45
2023-01-25 18:00:00,6.23,0.28,77.57,0.0
2023-01-25 19:00:00,0.0,1.96,65.12,0.0
2023-01-25 20:00:00,0.0,2.45,74.37,0.0
2023-01-25 21:00:00,0.0,-1.46,63.33,0.0
2023-01-25 22:00:00,0.0,1.2,67.49,32.1
2023-01-25 23:00:00,2.26,0.58,65.62,25.27
2023-01-26 00:00:00,4.54,1.31,75.87,2.55
2023-01-26 01:00:00,0.0,-1.24,71.64,8.52
2023-01-26 02:00:00,5.22,-0.18,71.9,0.0
2023-01-26 03:00:00,8.13,2.27,66.43,0.0
2023-01-26 04:00:00,2.48,1.37,70.47,0.0
2023-01-26 05:00:00,11.26,0.68,68.15,0.0
2023-01-26 06:00:00,0.0,2.08,73.88,29.98
2023-01-26 07:00:00,0.0,4.75,64.42,0.0
2023-01-26 08:00:00,0.0,2.9,73.61,19.43
2023-01-26 09:00:00,13.19,6.23,56.51,0.0
2023-01-26 10:00:00,9.09,9.5,59.27,71.31
2023-01-26 11:00:00,5.42,3.43,70.69,41.54
2023-01-26 12:00:00,7.64,11.05,59.79,103.28
2023-01-26 13:00:00,0.0,10.05,55.73,48.38
2023-01-26 14:00:00,19.84,6.39,64.4,91.24
2023-01-26 15:00:00,4.99,7.6,62.52,63.0
2023-01-26 16:00:00,3.64,5.49,62.78,133.26
2023-01-26 17:00:00,5.9,6.73,63.9,50.57
2023-01-26 18:00:00,2.89,4.94,85.81,0.0
2023-01-26 19:00:00,1.34,-1.11,70.71,0.0
2023-01-26 20:00:00,0.0,1.65,62.34,2.76
2023-01-26 21:00:00,2.83,-0.97,79.43,0.0
2023-01-26 22:00:00,11.29,-1.18,75.02,0.0
2023-01-26 23:00:00,8.07,-3.31,68.13,67.48
2023-01-27 00:00:00,9.56,1.63,67.57,36.01
2023-01-27 01:00:00,0.0,0.39,75.61,26.05
2023-01-27 02:00:00,0.0,-2.67,71.0,0.0
2023-01-27 03:00:00,0.0,-3.07,62.61,21.38
2023-01-27 04:00:00,0.33,-0.14,81.17,0.0
2023-01-27 05:00:00,6.57,2.71,70.07,10.24
2023-01-27 06:00:00,0.0,3.62,79.72,0.0
2023-01-27 07:00:00,10.8,6.94,76.04,102.87
2023-01-27 08:00:00,2.19,7.22,62.23,0.0
2023-01-27 09:00:00,1.87,8.61,70.33,135.53
2023-01-27 10:00:00,0.0,8.12,60.32,92.47
2023-01-27 11:00:00,0.0,5.19,53.24,76.49
2023-01-27 12:00:00,11.21,7.74,60.11,112.88
2023-01-27 13:00:00,6.5,10.09,64.57,137.63
2023-01-27 14:00:00,0.0,7.36,61.26,158.86
2023-01-27 15:00:00,0.0,7.68,63.63,89.57
2023-01-27 16:00:00,1.12,5.0,72.96,7.73
2023-01-27 17:00:00,11.64,2.37,70.18,29.84
2023-01-27 18:00:00,0.0,2.89,68.02,90.84
2023-01-27 19:00:00,0.0,2.46,75.75,67.38
2023-01-27 20:00:00,0.0,-0.68,73.23,45.44
2023-01-27 21:00:00,0.0,-0.87,59.63,39.78
2023-01-27 22:00:00,0.0,-3.07,74.38,34.97
2023-01-27 23:00:00,0.0,0.54,74.2,57.94
2023-01-28 00:00:00,0.0,-2.29,72.61,0.0
2023-01-28 01:00:00,4.18,1.37,76.97,0.0
2023-01-28 02:00:00,11.09,2.02,69.15,3.45
2023-01-28 03:00:00,6.76,-0.4,74.19,0.0
2023-01-28 04:00:00,0.0,-1.22,64.67,0.0
2023-01-28 05:00:00,0.0,-2.17,74.54,0.0
2023-01-28 06:00:00,15.44,0.35,82.27,124.27
2023-01-28 07:00:00,2.06,1.84,64.95,35.24
2023-01-28 08:00:00,3.38,8.55,63.71,73.02
2023-01-28 09:00:00,4.52,7.06,61.89,16.56
2023-01-28 10:00:00,6.9,8.4,64.5,2.95
2023-01-28 11:00:00,5.5,3.68,57.53,65.16
2023-01-28 12:00:00,3.15,5.9,64.61,181.76
2023-01-28 13:00:00,3.09,9.9,67.08,122.82
2023-01-28 14:00:00,5.51,8.2,66.52,125.06
2023-01-28 15:00:00,1.4,6.54,56.6,114.61
2023-01-28 16:00:00,0.0,6.93,72.48,25.36
2023-01-28 17:00:00,2.34,7.86,74.61,97.83
2023-01-28 18:00:00,0.0,2.85,76.66,0.0
2023-01-28 19:00:00,9.02,2.14,74.37,70.31
2023-01-28 20:00:00,0.0,1.18,73.61,22.12
2023-01-28 21:00:00,6.55,4.54,77.67,0.0
2023-01-28 22:00:00,7.48,-5.23,82.13,0.0
2023-01-28 23:00:00,0.0,-0.17,67.74,0.0
2023-01-29 00:00:00,0.0,-1.77,78.17,58.16
2023-01-29 01:00:00,0.0,-0.24,72.34,0.0
2023-01-29 02:00:00,0.0,-2.19,72.13,0.0
2023-01-29 03:00:00,0.0,-0.17,65.09,18.79
2023-01-29 04:00:00,0.0,2.38,71.35,0.0
2023-01-29 05:00:00,10.51,8.39,67.79,0.0
2023-01-29 06:00:00,5.61,5.07,70.46,83.9
2023-01-29 07:00:00,9.42,3.06,64.7,35.2
2023-01-29 08:00:00,7.79,5.11,65.53,42.97
2023-01-29 09:00:00,0.0,6.09,63.67,61.55
2023-01-29 10:00:00,2.84,4.2,64.6,24.18
2023-01-29 11:00:00,9.62,7.63,55.04,46.14
2023-01-29 12:00:00,0.0,9.92,55.55,179.54
2023-01-29 13:00:00,10.96,5.74,64.93,87.67
2023-01-29 14:00:00,4.55,9.89,60.13,100.95
2023-01-29 15:00:00,2.64,7.97,71.08,0.0
2023-01-29 16:00:00,7.72,4.49,68.9,0.0
2023-01-29 17:00:00,4.46,4.47,73.22,60.33
2023-01-29 18:00:00,0.0,6.66,79.83,18.89
2023-01-29 19:00:00,6.96,3.63,71.23,87.67
2023-01-29 20:00:00,0.0,0.98,69.9,67.15
2023-01-29 21:00:00,3.7,-0.55,77.13,0.0
2023-01-29 22:00:00,3.56,-0.72,75.32,23.65
2023-01-29 23:00:00,0.0,-2.39,71.84,0.0
2023-01-30 00:00:00,1.96,-5.58,80.0,102.74
2023-01-30 01:00:00,0.0,2.88,71.98,57.45
2023-01-30 02:00:00,5.54,-0.39,73.2,8.48
2023-01-30 03:00:00,0.0,0.89,73.14,10.02
2023-01-30 04:00:00,0.0,1.01,68.37,72.24
2023-01-30 05:00:00,6.29,0.86,73.43,28.98
2023-01-30 06:00:00,0.0,3.25,80.02,77.93
2023-01-30 07:00:00,0.0,1.72,72.67,0.0
2023-01-30 08:00:00,0.0,10.68,68.19,83.48
2023-01-30 09:00:00,8.76,4.69,65.16,59.68
2023-01-30 10:00:00,0.0,5.89,66.03,192.48
2023-01-30 11:00:00,17.53,7.57,67.13,194.05
2023-01-30 12:00:00,0.0,11.2,66.08,122.49
2023-01-30 13:00:00,17.18,8.48,61.72,193.51
2023-01-30 14:00:00,7.55,5.48,66.0,193.81
2023-01-30 15:00:00,4.55,9.67,68.37,89.17
2023-01-30 16:00:00,0.36,7.59,63.0,184.02
2023-01-30 17:00:00,4.27,6.0,71.29,29.71
2023-01-30 18:00:00,0.0,5.06,62.23,0.0
2023-01-30 19:00:00,6.62,7.12,75.45,43.29
2023-01-30 20:00:00,0.69,5.5,76.34,0.0
2023-01-30 21:00:00,0.9,-1.28,76.78,4.27
2023-01-30 22:00:00,0.0,2.54,71.06,70.47
2023-01-30 23:00:00,0.0,-0.44,74.58,0.96
2023-01-31 00:00:00,1.85,-0.21,80.42,0.0
2023-01-31 01:00:00,0.0,-4.42,80.37,18.37
2023-01-31 02:00:00,0.0,-0.88,73.15,0.0
2023-01-31 03:00:00,4.46,-1.37,73.99,43.26
2023-01-31 04:00:00,1.03,2.95,78.85,34.81
2023-01-31 05:00:00,0.0,4.64,65.79,73.57
2023-01-31 06:00:00,0.11,-0.35,71.68,45.38
2023-01-31 07:00:00,4.05,5.05,77.39,87.26
2023-01-31 08:00:00,0.56,8.54,73.17,29.8
2023-01-31 09:00:00,0.7,6.96,68.07,129.66
2023-01-31 10:00:00,7.75,9.58,57.11,207.99
2023-01-31 11:00:00,1.46,9.33,63.39,87.77
2023-01-31 12:00:00,10.04,9.48,60.35,216.5
2023-01-31 13:00:00,0.0,8.08,65.29,94.74
2023-01-31 14:00:00,12.75,5.69,60.59,66.97
2023-01-31 15:00:00,8.2,5.09,61.1,104.27
2023-01-31 16:00:00,5.33,7.71,57.97,99.05
2023-01-31 17:00:00,7.86,5.13,76.82,78.33
2023-01-31 18:00:00,9.99,3.52,71.3,0.0
2023-01-31 19:00:00,6.09,1.65,74.08,21.73
2023-01-31 20:00:00,0.0,0.69,73.29,0.0
2023-01-31 21:00:00,0.0,2.35,67.96,0.0
2023-01-31 22:00:00,0.0,-1.21,67.0,0.0
2023-01-31 23:00:00,0.16,-3.72,68.27,0.0
2023-02-01 00:00:00,3.11,0.46,69.94,26.08
2023-02-01 01:00:00,0.0,-1.27,75.39,57.61
2023-02-01 02:00:00,1.12,-0.3,69.57,0.0
2023-02-01 03:00:00,0.0,3.65,82.28,17.6
2023-02-01 04:00:00,0.0,1.43,78.69,0.0
2023-02-01 05:00:00,0.0,3.25,77.59,31.45
2023-02-01 06:00:00,0.0,1.61,72.95,0.0
2023-02-01 07:00:00,0.0,4.82,78.54,0.0
2023-02-01 08:00:00,0.0,7.69,67.46,106.13
2023-02-01 09:00:00,11.93,4.39,66.32,64.2
2023-02-01 10:00:00,1.18,8.7,65.74,98.77
2023-02-01 11:00:00,23.46,9.0,67.4,16.78
2023-02-01 12:00:00,10.9,9.05,66.74,179.62
2023-02-01 13:00:00,8.78,10.87,61.52,168.83
2023-02-01 14:00:00,1.72,8.97,62.23,114.84
2023-02-01 15:00:00,9.81,10.46,69.68,17.17
2023-02-01 16:00:00,0.51,4.48,72.13,126.61
2023-02-01 17:00:00,2.79,5.53,69.0,0.93
2023-02-01 18:00:00,15.36,4.14,65.62,0.0
2023-02-01 19:00:00,0.0,0.54,72.52,115.6
2023-02-01 20:00:00,6.9,3.38,76.67,0.0
2023-02-01 21:00:00,0.0,5.08,82.58,37.11
2023-02-01 22:00:00,0.0,-0.4,67.56,28.1
2023-02-01 23:00:00,10.62,0.15,71.42,19.51
2023-02-02 00:00:00,0.0,-0.69,71.86,14.1
2023-02-02 01:00:00,10.87,-2.11,80.58,18.82
2023-02-02 02:00:00,4.25,-3.83,73.63,13.6
2023-02-02 03:00:00,0.0,-0.8,69.27,0.0
2023-02-02 04:00:00,3.79,-1.14,76.6,75.56
2023-02-02 05:00:00,5.84,6.26,71.78,0.0
2023-02-02 06:00:00,3.73,3.92,67.68,51.07
2023-02-02 07:00:00,0.0,4.75,66.75,76.88
2023-02-02 08:00:00,0.0,8.42,77.47,104.01
2023-02-02 09:00:00,4.38,5.44,68.65,153.56
2023-02-02 10:00:00,6.73,6.94,65.68,115.04
2023-02-02 11:00:00,11.73,9.11,62.89,40.02
2023-02-02 12:00:00,9.36,11.2,65.26,134.56
2023-02-02 13:00:00,0.0,9.98,65.55,83.91
2023-02-02 14:00:00,9.46,8.97,66.6,83.07
2023-02-02 15:00:00,9.53,7.84,67.31,35.59
2023-02-02 16:00:00,7.5,7.45,73.15,45.22
2023-02-02 17:00:00,8.63,5.84,71.33,5.93
2023-02-02 18:00:00,5.0,2.09,68.91,0.0
2023-02-02 19:00:00,2.76,2.94,70.74,35.01
2023-02-02 20:00:00,0.0,-0.5,63.91,111.02
2023-02-02 21:00:00,0.0,0.77,83.94,30.31
2023-02-02 22:00:00,2.58,-1.15,78.12,0.0
2023-02-02 23:00:00,1.25,4.39,69.65,0.0
2023-02-03 00:00:00,1.63,-0.75,72.64,0.0
2023-02-03 01:00:00,0.0,-3.31,70.87,4.5
2023-02-03 02:00:00,0.0,-0.27,81.76,0.0
2023-02-03 03:00:00,6.32,1.83,66.95,0.0
2023-02-03 04:00:00,0.0,5.17,74.62,84.14
2023-02-03 05:00:00,4.09,1.85,73.51,0.0
2023-02-03 06:00:00,0.17,1.16,78.18,35.92
2023-02-03 07:00:00,2.42,7.25,70.94,32.25
2023-02-03 08:00:00,9.95,4.06,60.26,167.13
2023-02-03 09:00:00,3.02,6.99,65.72,118.99
2023-02-03 10:00:00,8.07,8.14,60.53,106.86
2023-02-03 11:00:00,5.58,9.02,64.79,126.87
2023-02-03 12:00:00,6.04,10.7,71.22,146.17
2023-02-03 13:00:00,6.5,7.79,55.69,82.12
2023-02-03 14:00:00,8.82,8.11,61.39,86.51
2023-02-03 15:00:00,3.24,7.83,64.22,12.7
2023-02-03 16:00:00,11.86,7.12,67.14,25.94
2023-02-03 17:00:00,0.0,5.81,75.16,42.01
2023-02-03 18:00:00,0.0,5.2,73.18,15.01
2023-02-03 19:00:00,0.0,4.72,76.13,0.0
2023-02-03 20:00:00,8.68,2.61,70.92,0.0
2023-02-03 21:00:00,1.18,1.7,75.2,28.17
2023-02-03 22:00:00,6.19,-3.17,77.94,0.0
2023-02-03 23:00:00,0.0,-0.4,70.39,0.0
2023-02-04 00:00:00,1.6,0.47,78.2,0.0
2023-02-04 01:00:00,5.34,1.14,74.56,0.0
2023-02-04 02:00:00,0.49,-1.21,79.52,0.0
2023-02-04 03:00:00,6.39,-0.35,73.29,8.69
2023-02-04 04:00:00,0.0,0.86,76.2,115.38
2023-02-04 05:00:00,8.46,4.29,74.09,0.0
2023-02-04 06:00:00,13.79,6.58,73.81,0.0
2023-02-04 07:00:00,0.16,4.99,73.0,36.31
2023-02-04 08:00:00,1.84,8.82,71.98,40.77
2023-02-04 09:00:00,15.1,8.29,60.97,161.17
2023-02-04 10:00:00,17.29,8.59,72.8,11.59
2023-02-04 11:00:00,5.57,8.91,55.34,118.6
2023-02-04 12:00:00,6.5,11.0,60.87,191.19
2023-02-04 13:00:00,7.02,9.99,64.16,130.45
2023-02-04 14:00:00,0.0,13.39,67.69,89.1
2023-02-04 15:00:00,0.86,6.34,75.1,128.3
2023-02-04 16:00:00,0.0,8.04,60.0,120.45
2023-02-04 17:00:00,0.0,4.74,69.17,49.42
2023-02-04 18:00:00,0.0,2.77,63.66,0.0
2023-02-04 19:00:00,1.41,3.19,74.45,22.81
2023-02-04 20:00:00,9.3,2.28,75.65,0.0
2023-02-04 21:00:00,0.0,6.81,82.25,37.26
2023-02-04 22:00:00,5.91,-0.19,74.9,74.16
2023-02-04 23:00:00,0.0,-2.58,79.51,0.0
2023-02-05 00:00:00,0.0,0.24,77.45,5.55
2023-02-05 01:00:00,4.05,-4.28,72.36,0.0
2023-02-05 02:00:00,0.0,0.18,67.49,122.09
2023-02-05 03:00:00,2.29,1.19,75.91,0.0
2023-02-05 04:00:00,1.0,3.78,67.07,37.32
2023-02-05 05:00:00,2.95,5.35,81.01,0.0
2023-02-05 06:00:00,1.74,3.69,73.72,0.0
2023-02-05 07:00:00,17.16,5.69,77.92,0.0
2023-02-05 08:00:00,0.87,5.66,67.13,157.52
2023-02-05 09:00:00,3.45,5.97,68.81,158.44
2023-02-05 10:00:00,4.39,9.64,66.92,232.69
2023-02-05 11:00:00,5.74,6.98,64.65,153.91
2023-02-05 12:00:00,5.56,8.86,62.37,170.87
2023-02-05 13:00:00,16.2,7.53,66.84,137.78
2023-02-05 14:00:00,16.65,10.12,61.24,121.16
2023-02-05 15:00:00,3.21,11.83,61.41,58.55
2023-02-05 16:00:00,0.0,4.59,75.75,82.44
2023-02-05 17:00:00,5.26,2.28,75.58,1.04
2023-02-05 18:00:00,0.0,4.44,74.86,22.1
2023-02-05 19:00:00,3.8,3.43,82.86,8.5
2023-02-05 20:00:00,1.22,2.63,73.19,14.38
2023-02-05 21:00:00,0.0,0.27,81.15,83.76
2023-02-05 22:00:00,9.29,-0.04,75.41,0.0
2023-02-05 23:00:00,10.78,0.6,69.41,37.84
2023-02-06 00:00:00,0.0,1.96,84.01,102.58
2023-02-06 01:00:00,0.0,-3.86,79.72,65.33
2023-02-06 02:00:00,1.72,-0.18,74.16,57.66
2023-02-06 03:00:00,2.01,1.78,78.4,0.0
2023-02-06 04:00:00,3.95,0.55,72.75,11.48
2023-02-06 05:00:00,12.06,7.05,78.91,0.0
2023-02-06 06:00:00,0.0,3.61,62.81,24.95
2023-02-06 07:00:00,0.0,6.09,67.08,55.85
2023-02-06 08:00:00,0.0,8.5,74.66,82.56
2023-02-06 09:00:00,2.52,7.24,66.45,166.46
2023-02-06 10:00:00,8.26,5.52,67.14,80.58
2023-02-06 11:00:00,20.2,8.86,58.37,238.97
2023-02-06 12:00:00,6.66,11.94,74.01,207.87
2023-02-06 13:00:00,10.78,9.04,71.06,153.7
2023-02-06 14:00:00,8.36,7.52,65.1,133.53
2023-02-06 15:00:00,14.04,10.27,65.67,139.13
2023-02-06 16:00:00,20.04,6.72,74.91,157.43
2023-02-06 17:00:00,0.0,5.16,82.09,47.21
2023-02-06 18:00:00,0.0,5.18,79.54,7.2
2023-02-06 19:00:00,6.26,5.13,85.63,0.91
2023-02-06 20:00:00,4.09,7.15,70.15,89.1
2023-02-06 21:00:00,11.08,3.0,70.67,0.0
2023-02-06 22:00:00,3.5,2.87,68.82,0.0
2023-02-06 23:00:00,0.0,-0.96,76.98,73.17
2023-02-07 00:00:00,3.54,-1.98,75.87,7.35
2023-02-07 01:00:00,6.65,0.37,74.24,56.85
2023-02-07 02:00:00,4.92,0.96,79.04,0.0
2023-02-07 03:00:00,3.04,-0.62,81.16,0.0
2023-02-07 04:00:00,6.4,2.22,67.37,74.22
2023-02-07 05:00:00,7.02,4.58,72.01,0.0
2023-02-07 06:00:00,8.29,5.8,79.1,0.0
2023-02-07 07:00:00,6.52,7.38,70.07,56.62
2023-02-07 08:00:00,4.07,8.16,66.01,35.13
2023-02-07 09:00:00,8.06,7.6,73.02,98.94
2023-02-07 10:00:00,16.03,8.38,59.89,152.15
2023-02-07 11:00:00,4.9,7.51,63.83,165.75
2023-02-07 12:00:00,12.36,13.65,66.64,233.2
2023-02-07 13:00:00,7.45,9.93,62.47,240.49
2023-02-07 14:00:00,8.96,8.96,70.25,103.71
2023-02-07 15:00:00,14.85,6.75,65.08,125.19
2023-02-07 16:00:00,6.22,13.45,77.04,118.3
2023-02-07 17:00:00,2.91,4.22,71.78,119.61
2023-02-07 18:00:00,0.0,4.22,78.35,35.92
2023-02-07 19:00:00,4.48,4.61,78.73,14.55
2023-02-07 20:00:00,3.87,3.78,71.86,33.33
2023-02-07 21:00:00,12.98,3.46,64.73,33.69
2023-02-07 22:00:00,0.0,4.36,76.8,0.0
2023-02-07 23:00:00,1.31,1.26,75.36,9.64
2023-02-08 00:00:00,1.5,-1.84,78.0,72.96
2023-02-08 01:00:00,9.46,-0.07,74.09,0.0
2023-02-08 02:00:00,0.0,1.56,73.07,6.47
2023-02-08 03:00:00,1.67,5.87,85.26,0.0
2023-02-08 04:00:00,3.65,-0.03,67.86,0.0
2023-02-08 05:00:00,1.12,6.38,78.89,1.03
2023-02-08 06:00:00,0.0,5.63,72.35,15.09
2023-02-08 07:00:00,3.89,8.24,70.96,19.85
2023-02-08 08:00:00,11.71,7.57,68.64,30.11
2023-02-08 09:00:00,1.29,7.12,64.13,80.2
2023-02-08 10:00:00,9.93,11.1,69.42,190.36
2023-02-08 11:00:00,5.98,11.41,72.52,268.33
2023-02-08 12:00:00,17.71,12.21,67.57,244.81
2023-02-08 13:00:00,1.04,10.07,66.08,102.48
2023-02-08 14:00:00,5.78,8.4,61.63,194.88
2023-02-08 15:00:00,9.72,5.69,70.74,91.07
2023-02-08 16:00:00,14.66,9.41,81.0,58.73
2023-02-08 17:00:00,2.33,7.41,70.73,22.37
2023-02-08 18:00:00,0.0,3.34,73.34,35.3
2023-02-08 19:00:00,11.29,2.9,72.42,47.96
2023-02-08 20:00:00,0.0,1.84,72.78,0.0
2023-02-08 21:00:00,0.0,-1.23,61.5,0.0
2023-02-08 22:00:00,2.64,-0.69,77.25,23.21
2023-02-08 23:00:00,0.0,-1.83,70.99,28.4
2023-02-09 00:00:00,0.0,-0.36,67.39,58.81
2023-02-09 01:00:00,4.25,-0.84,79.21,0.0
2023-02-09 02:00:00,1.46,-2.12,70.03,1.0
2023-02-09 03:00:00,0.0,5.98,73.75,0.0
2023-02-09 04:00:00,0.0,5.47,82.78,0.0
2023-02-09 05:00:00,5.23,2.62,68.4,0.0
2023-02-09 06:00:00,3.9,6.01,67.78,0.0
2023-02-09 07:00:00,2.24,7.6,74.2,7.19
2023-02-09 08:00:00,16.55,10.35,76.19,16.78
2023-02-09 09:00:00,1.31,7.37,60.5,24.17
2023-02-09 10:00:00,0.32,11.98,68.82,151.3
2023-02-09 11:00:00,6.41,9.2,68.69,154.52
2023-02-09 12:00:00,10.66,7.8,55.15,148.49
2023-02-09 13:00:00,12.02,11.75,69.78,242.2
2023-02-09 14:00:00,8.02,12.38,71.17,114.89
2023-02-09 15:00:00,9.85,14.18,66.81,199.74
2023-02-09 16:00:00,0.0,5.57,76.7,172.33
2023-02-09 17:00:00,11.49,8.16,78.54,0.0
2023-02-09 18:00:00,0.0,4.65,75.96,4.62
2023-02-09 19:00:00,6.7,5.74,73.19,0.0
2023-02-09 20:00:00,2.06,0.03,70.58,0.0
2023-02-09 21:00:00,2.74,-0.59,75.26,0.0
2023-02-09 22:00:00,3.42,-0.41,78.29,38.75
2023-02-09 23:00:00,2.69,0.8,73.82,100.96
2023-02-10 00:00:00,3.86,-0.61,64.67,45.13
2023-02-10 01:00:00,7.97,2.16,82.0,16.18
2023-02-10 02:00:00,1.18,3.39,76.61,0.0
2023-02-10 03:00:00,4.25,3.33,73.76,84.13
2023-02-10 04:00:00,0.0,6.41,79.95,107.41
2023-02-10 05:00:00,8.64,5.21,83.28,0.0
2023-02-10 06:00:00,0.0,3.24,61.65,0.0
2023-02-10 07:00:00,13.74,9.69,75.24,0.0
2023-02-10 08:00:00,5.43,6.96,63.53,160.58
2023-02-10 09:00:00,0.0,11.03,71.08,131.27
2023-02-10 10:00:00,10.59,13.15,67.64,172.82
2023-02-10 11:00:00,6.87,11.41,69.18,93.0
2023-02-10 12:00:00,16.38,7.68,63.16,151.32
2023-02-10 13:00:00,7.04,8.66,56.63,167.76
2023-02-10 14:00:00,7.14,12.64,64.75,174.05
2023-02-10 15:00:00,0.0,8.87,70.62,113.7
2023-02-10 16:00:00,2.96,8.33,75.74,42.62
2023-02-10 17:00:00,0.0,8.48,67.21,9.68
2023-02-10 18:00:00,0.0,7.06,80.79,60.42
2023-02-10 19:00:00,4.56,4.93,72.42,12.24
2023-02-10 20:00:00,4.71,2.75,77.47,30.61
2023-02-10 21:00:00,2.55,1.51,73.11,0.0
2023-02-10 22:00:00,0.0,3.05,76.57,0.0
2023-02-10 23:00:00,0.0,1.95,80.12,0.0
2023-02-11 00:00:00,0.0,0.36,69.74,0.0
2023-02-11 01:00:00,0.0,3.21,72.47,17.45
2023-02-11 02:00:00,9.02,1.28,76.8,164.29
2023-02-11 03:00:00,5.26,0.63,87.88,34.76
2023-02-11 04:00:00,0.0,1.85,71.56,136.8
2023-02-11 05:00:00,0.16,2.62,86.07,28.44
2023-02-11 06:00:00,1.25,5.33,85.89,0.0
2023-02-11 07:00:00,0.0,9.63,72.8,68.06
2023-02-11 08:00:00,4.39,6.76,69.38,186.91
2023-02-11 09:00:00,4.21,9.79,65.34,229.9
2023-02-11 10:00:00,4.16,8.89,66.87,140.77
2023-02-11 11:00:00,9.66,10.18,59.18,201.75
2023-02-11 12:00:00,22.53,7.85,65.49,124.3
2023-02-11 13:00:00,15.19,10.26,73.7,230.32
2023-02-11 14:00:00,6.74,9.82,64.16,247.2
2023-02-11 15:00:00,11.74,10.49,67.6,140.41
2023-02-11 16:00:00,14.27,8.82,62.37,64.51
2023-02-11 17:00:00,8.59,4.77,75.15,68.67
2023-02-11 18:00:00,0.36,8.04,77.19,20.87
2023-02-11 19:00:00,0.0,5.0,76.19,4.06
2023-02-11 20:00:00,4.19,3.77,74.79,8.94
2023-02-11 21:00:00,2.36,2.32,74.41,0.0
2023-02-11 22:00:00,5.37,0.51,78.38,49.8
2023-02-11 23:00:00,3.81,1.48,75.73,36.81
2023-02-12 00:00:00,6.3,2.03,77.65,0.0
2023-02-12 01:00:00,0.0,-2.24,77.15,0.0
2023-02-12 02:00:00,7.9,0.67,81.7,0.0
2023-02-12 03:00:00,1.19,2.03,79.46,36.84
2023-02-12 04:00:00,12.45,4.09,77.04,7.4
2023-02-12 05:00:00,0.0,7.17,83.67,0.0
2023-02-12 06:00:00,10.42,4.54,78.18,13.08
2023-02-12 07:00:00,4.33,6.38,80.02,35.91
2023-02-12 08:00:00,2.17,7.55,74.11,145.34
2023-02-12 09:00:00,5.69,8.01,59.8,159.94
2023-02-12 10:00:00,8.61,9.71,73.94,159.72
2023-02-12 11:00:00,14.29,12.45,67.1,207.31
2023-02-12 12:00:00,15.3,8.97,65.82,268.39
2023-02-12 13:00:00,8.3,11.76,67.83,167.25
2023-02-12 14:00:00,10.38,7.01,65.69,195.62
2023-02-12 15:00:00,21.45,8.49,70.14,139.76
2023-02-12 16:00:00,16.44,7.92,68.12,122.67
2023-02-12 17:00:00,5.76,10.72,79.86,19.72
2023-02-12 18:00:00,0.23,5.53,75.51,5.52
2023-02-12 19:00:00,0.72,0.38,74.17,55.39
2023-02-12 20:00:00,3.68,-0.42,71.45,0.0
2023-02-12 21:00:00,0.0,2.61,77.42,0.0
2023-02-12 22:00:00,0.0,2.98,77.01,0.0
2023-02-12 23:00:00,0.0,2.0,78.02,0.0
2023-02-13 00:00:00,2.4,1.62,71.14,29.77
2023-02-13 01:00:00,3.88,3.78,68.28,0.0
2023-02-13 02:00:00,0.0,0.88,79.41,0.0
2023-02-13 03:00:00,9.44,4.54,83.7,30.91
2023-02-13 04:00:00,0.0,0.52,71.15,20.83
2023-02-13 05:00:00,0.0,3.18,84.23,0.0
2023-02-13 06:00:00,1.35,2.67,77.7,9.55
2023-02-13 07:00:00,9.54,7.03,73.66,59.61
2023-02-13 08:00:00,16.39,8.7,69.29,93.59
2023-02-13 09:00:00,6.14,10.05,62.29,137.67
2023-02-13 10:00:00,17.36,10.74,72.56,293.29
2023-02-13 11:00:00,11.92,9.26,62.74,242.92
2023-02-13 12:00:00,11.54,10.91,62.38,333.63
2023-02-13 13:00:00,17.45,8.12,71.58,177.61
2023-02-13 14:00:00,14.81,13.34,58.21,177.27
2023-02-13 15:00:00,0.0,9.22,61.59,81.6
2023-02-13 16:00:00,15.15,7.81,71.19,64.32
2023-02-13 17:00:00,11.54,10.76,75.16,149.34
2023-02-13 18:00:00,0.0,3.8,78.7,0.0
2023-02-13 19:00:00,2.37,2.74,74.77,95.96
2023-02-13 20:00:00,2.96,1.6,88.93,0.0
2023-02-13 21:00:00,1.56,2.62,75.14,0.0
2023-02-13 22:00:00,0.0,2.82,75.13,0.0
2023-02-13 23:00:00,0.0,2.94,72.3,0.0
2023-02-14 00:00:00,0.0,6.64,77.1,46.15
2023-02-14 01:00:00,7.04,-2.83,79.55,22.54
2023-02-14 02:00:00,3.26,3.39,82.5,0.0
2023-02-14 03:00:00,0.0,1.85,69.03,0.0
2023-02-14 04:00:00,4.63,2.83,75.25,0.0
2023-02-14 05:00:00,0.0,3.97,78.71,0.0
2023-02-14 06:00:00,6.89,4.68,79.41,0.0
2023-02-14 07:00:00,0.0,11.16,73.92,107.47
2023-02-14 08:00:00,4.32,10.68,74.19,16.92
2023-02-14 09:00:00,2.47,10.08,65.36,234.06
2023-02-14 10:00:00,3.49,13.53,75.61,170.47
2023-02-14 11:00:00,19.52,8.3,71.78,170.64
2023-02-14 12:00:00,10.19,8.84,59.75,253.64
2023-02-14 13:00:00,14.64,6.97,61.44,283.53
2023-02-14 14:00:00,10.98,9.43,62.58,243.51
2023-02-14 15:00:00,12.05,10.36,72.8,178.29
2023-02-14 16:00:00,6.96,9.21,65.05,162.67
2023-02-14 17:00:00,0.0,8.09,72.24,0.0
2023-02-14 18:00:00,5.98,3.68,78.75,0.0
2023-02-14 19:00:00,0.0,6.81,76.15,0.0
2023-02-14 20:00:00,0.0,4.48,77.77,61.23
2023-02-14 21:00:00,0.0,4.43,71.15,0.0
2023-02-14 22:00:00,9.0,-1.62,79.45,42.27
2023-02-14 23:00:00,5.1,2.29,73.41,26.79
2023-02-15 00:00:00,0.0,-0.66,75.05,0.0
2023-02-15 01:00:00,0.0,1.09,77.86,0.0
2023-02-15 02:00:00,0.0,3.45,77.19,64.69
2023-02-15 03:00:00,12.46,3.36,76.79,0.0
2023-02-15 04:00:00,2.29,2.51,72.92,6.24
2023-02-15 05:00:00,2.58,5.43,75.17,0.0
2023-02-15 06:00:00,6.18,3.65,76.68,0.0
2023-02-15 07:00:00,4.91,10.31,67.21,55.61
2023-02-15 08:00:00,5.16,8.8,69.36,72.75
2023-02-15 09:00:00,8.32,12.49,71.54,110.22
2023-02-15 10:00:00,11.2,9.99,61.62,208.11
2023-02-15 11:00:00,12.75,10.5,72.79,173.92
2023-02-15 12:00:00,17.79,10.19,73.02,183.25
2023-02-15 13:00:00,13.28,13.3,60.79,169.2
2023-02-15 14:00:00,16.02,9.62,74.8,189.91
2023-02-15 15:00:00,9.01,11.54,68.88,205.42
2023-02-15 16:00:00,7.19,8.45,73.76,187.22
2023-02-15 17:00:00,0.0,4.06,71.6,21.62
2023-02-15 18:00:00,5.5,5.57,81.29,107.52
2023-02-15 19:00:00,2.08,3.06,78.7,0.0
2023-02-15 20:00:00,5.99,4.28,72.6,54.18
2023-02-15 21:00:00,0.0,0.8,70.85,0.0
2023-02-15 22:00:00,12.53,4.24,69.37,0.0
2023-02-15 23:00:00,0.0,1.7,77.61,0.0
2023-02-16 00:00:00,6.65,1.57,79.72,0.0
2023-02-16 01:00:00,0.0,3.41,80.11,29.0
2023-02-16 02:00:00,3.68,4.53,76.27,33.49
2023-02-16 03:00:00,0.0,3.35,71.07,0.0
2023-02-16 04:00:00,0.0,2.89,73.45,0.0
2023-02-16 05:00:00,11.48,2.09,82.62,0.0
2023-02-16 06:00:00,0.0,5.56,74.44,0.0
2023-02-16 07:00:00,4.89,6.99,74.99,49.28
2023-02-16 08:00:00,12.15,9.64,66.48,67.99
2023-02-16 09:00:00,12.77,9.78,71.47,176.82
2023-02-16 10:00:00,12.91,12.64,65.91,313.18
2023-02-16 11:00:00,15.58,10.53,72.43,197.89
2023-02-16 12:00:00,28.28,11.82,70.73,209.32
2023-02-16 13:00:00,13.04,14.13,64.72,251.11
2023-02-16 14:00:00,13.21,11.94,67.57,172.11
2023-02-16 15:00:00,16.1,10.35,67.03,196.79
2023-02-16 16:00:00,13.56,8.23,64.76,79.57
2023-02-16 17:00:00,10.71,6.96,69.98,151.39
2023-02-16 18:00:00,3.83,5.23,77.85,17.24
2023-02-16 19:00:00,0.0,4.55,78.49,0.0
2023-02-16 20:00:00,9.8,5.94,77.6,0.0
2023-02-16 21:00:00,0.0,2.95,75.35,0.0
2023-02-16 22:00:00,1.82,-0.1,81.52,68.64
2023-02-16 23:00:00,0.0,5.64,77.18,0.0
2023-02-17 00:00:00,0.0,2.79,80.56,0.0
2023-02-17 01:00:00,1.97,-0.49,68.17,0.0
2023-02-17 02:00:00,1.93,1.93,57.43,0.0
2023-02-17 03:00:00,2.53,3.84,78.46,0.0
2023-02-17 04:00:00,9.68,8.06,69.92,0.0
2023-02-17 05:00:00,2.72,3.64,75.98,0.0
2023-02-17 06:00:00,0.0,9.1,75.53,0.0
2023-02-17 07:00:00,9.48,11.24,82.39,30.27
2023-02-17 08:00:00,14.29,8.39,74.04,153.48
2023-02-17 09:00:00,2.74,10.13,70.8,214.47
2023-02-17 10:00:00,15.97,9.41,72.57,202.45
2023-02-17 11:00:00,18.02,11.57,69.22,241.7
2023-02-17 12:00:00,12.51,12.08,64.75,130.24
2023-02-17 13:00:00,22.06,13.3,72.74,209.12
2023-02-17 14:00:00,11.48,13.66,62.83,256.61
2023-02-17 15:00:00,10.86,9.19,71.59,147.33
2023-02-17 16:00:00,6.11,5.71,64.3,82.28
2023-02-17 17:00:00,3.79,8.4,75.47,175.56
2023-02-17 18:00:00,0.0,7.74,78.01,90.95
2023-02-17 19:00:00,0.0,6.35,85.42,23.38
2023-02-17 20:00:00,9.57,4.0,69.22,56.95
2023-02-17 21:00:00,0.0,3.86,74.04,0.0
2023-02-17 22:00:00,0.0,5.85,81.15,0.0
2023-02-17 23:00:00,0.0,3.08,78.72,0.0
2023-02-18 00:00:00,0.0,1.62,78.12,0.0
2023-02-18 01:00:00,0.0,1.54,72.44,0.0
2023-02-18 02:00:00,9.85,2.7,74.27,0.0
2023-02-18 03:00:00,6.06,7.11,83.44,19.3
2023-02-18 04:00:00,0.0,4.5,76.96,27.18
2023-02-18 05:00:00,13.51,6.04,79.1,80.09
2023-02-18 06:00:00,5.89,6.41,76.64,0.0
2023-02-18 07:00:00,1.87,10.86,68.72,20.07
2023-02-18 08:00:00,0.0,13.79,76.89,0.0
2023-02-18 09:00:00,24.17,11.81,72.66,159.03
2023-02-18 10:00:00,4.43,11.87,80.09,257.81
2023-02-18 11:00:00,4.37,12.27,62.48,206.71
2023-02-18 12:00:00,20.88,7.6,71.33,352.84
2023-02-18 13:00:00,28.88,13.69,61.0,224.46
2023-02-18 14:00:00,21.07,11.97,69.35,220.1
2023-02-18 15:00:00,13.81,11.76,75.03,105.56
2023-02-18 16:00:00,10.94,8.45,61.86,137.19
2023-02-18 17:00:00,8.94,7.9,73.61,0.0
2023-02-18 18:00:00,4.55,6.55,74.4,34.68
2023-02-18 19:00:00,1.69,8.12,73.71,36.22
2023-02-18 20:00:00,0.63,4.11,79.15,67.96
2023-02-18 21:00:00,0.0,8.0,82.82,0.0
2023-02-18 22:00:00,0.0,3.9,76.55,8.03
2023-02-18 23:00:00,0.0,-0.01,78.25,28.19
2023-02-19 00:00:00,0.0,2.34,77.96,22.11
2023-02-19 01:00:00,0.0,1.46,77.4,0.0
2023-02-19 02:00:00,0.0,-1.13,71.95,0.0
2023-02-19 03:00:00,0.0,7.26,82.93,17.35
2023-02-19 04:00:00,1.08,6.5,78.87,0.0
2023-02-19 05:00:00,8.35,7.37,79.37,0.0
2023-02-19 06:00:00,5.51,7.92,73.36,38.2
2023-02-19 07:00:00,0.0,6.12,72.51,63.26
2023-02-19 08:00:00,1.66,9.13,71.51,60.6
2023-02-19 09:00:00,16.38,12.81,62.65,82.4
2023-02-19 10:00:00,7.26,9.82,60.29,162.75
2023-02-19 11:00:00,13.32,7.36,64.73,364.14
2023-02-19 12:00:00,18.49,12.14,70.0,289.25
2023-02-19 13:00:00,8.86,12.14,64.47,253.92
2023-02-19 14:00:00,13.78,12.19,63.64,210.12
2023-02-19 15:00:00,2.73,12.59,66.25,166.61
2023-02-19 16:00:00,3.99,11.37,70.12,184.92
2023-02-19 17:00:00,5.85,9.41,73.03,40.98
2023-02-19 18:00:00,0.0,9.98,88.22,28.85
2023-02-19 19:00:00,2.64,3.26,82.66,0.0
2023-02-19 20:00:00,0.0,6.1,82.52,97.01
2023-02-19 21:00:00,3.31,5.31,83.23,37.11
2023-02-19 22:00:00,1.34,0.78,72.4,62.28
2023-02-19 23:00:00,8.18,-0.24,71.28,0.0
2023-02-20 00:00:00,0.75,1.33,72.02,52.91
2023-02-20 01:00:00,0.0,1.67,84.23,0.0
2023-02-20 02:00:00,0.73,5.0,74.82,5.5
2023-02-20 03:00:00,3.26,3.05,71.3,81.75
2023-02-20 04:00:00,0.29,3.61,75.4,0.0
2023-02-20 05:00:00,0.24,5.3,76.37,10.16
2023-02-20 06:00:00,0.0,10.06,78.9,21.9
2023-02-20 07:00:00,0.07,9.14,76.23,93.46
2023-02-20 08:00:00,0.0,9.96,68.42,107.78
2023-02-20 09:00:00,21.56,11.13,73.92,288.61
2023-02-20 10:00:00,6.08,14.73,65.7,160.97
2023-02-20 11:00:00,10.95,11.15,67.12,324.7
2023-02-20 12:00:00,11.33,15.45,70.99,321.39
2023-02-20 13:00:00,20.47,13.07,64.69,346.8
2023-02-20 14:00:00,11.77,11.83,66.05,146.3
2023-02-20 15:00:00,18.54,16.36,73.45,140.85
2023-02-20 16:00:00,3.78,8.21,68.27,204.91
2023-02-20 17:00:00,5.72,8.41,73.05,0.0
2023-02-20 18:00:00,0.0,5.35,80.34,0.0
2023-02-20 19:00:00,12.87,8.43,87.83,0.0
2023-02-20 20:00:00,0.0,8.7,80.59,9.6
2023-02-20 21:00:00,1.86,7.62,79.92,79.61
2023-02-20 22:00:00,3.8,5.94,80.21,0.0
2023-02-20 23:00:00,2.48,2.59,72.19,0.0
2023-02-21 00:00:00,0.0,2.32,78.3,15.57
2023-02-21 01:00:00,0.0,-0.13,77.57,23.48
2023-02-21 02:00:00,0.26,7.79,79.33,22.06
2023-02-21 03:00:00,0.0,5.45,78.3,0.0
2023-02-21 04:00:00,5.78,4.56,79.62,0.0
2023-02-21 05:00:00,13.26,9.41,76.16,0.0
2023-02-21 06:00:00,0.0,6.1,78.01,71.01
2023-02-21 07:00:00,0.0,10.15,68.99,78.78
2023-02-21 08:00:00,7.52,10.2,71.12,117.99
2023-02-21 09:00:00,26.86,12.86,77.6,245.57
2023-02-21 10:00:00,9.12,12.25,70.66,175.78
2023-02-21 11:00:00,25.38,9.97,67.96,247.82
2023-02-21 12:00:00,26.16,13.2,77.2,275.11
2023-02-21 13:00:00,12.22,14.97,61.26,237.02
2023-02-21 14:00:00,17.35,12.32,63.51,237.33
2023-02-21 15:00:00,21.15,13.13,79.21,180.28
2023-02-21 16:00:00,5.77,8.46,72.95,64.15
2023-02-21 17:00:00,2.94,9.29,73.92,78.5
2023-02-21 18:00:00,0.0,6.8,71.73,0.0
2023-02-21 19:00:00,0.0,8.25,79.96,8.28
2023-02-21 20:00:00,0.0,5.61,80.44,68.71
2023-02-21 21:00:00,0.0,5.89,72.25,0.0
2023-02-21 22:00:00,0.2,5.89,77.02,0.0
2023-02-21 23:00:00,0.0,4.6,76.04,0.0
2023-02-22 00:00:00,1.4,3.82,79.16,0.0
2023-02-22 01:00:00,0.0,1.45,72.28,29.73
2023-02-22 02:00:00,1.99,3.94,84.14,0.0
2023-02-22 03:00:00,5.0,3.67,82.46,85.49
2023-02-22 04:00:00,0.0,5.09,76.06,58.15
2023-02-22 05:00:00,2.24,6.23,76.8,0.0
2023-02-22 06:00:00,7.37,6.32,77.2,35.78
2023-02-22 07:00:00,0.0,5.66,71.4,51.74
2023-02-22 08:00:00,18.31,9.44,70.66,139.64
2023-02-22 09:00:00,14.22,12.2,69.46,177.01
2023-02-22 10:00:00,10.11,9.91,77.28,277.25
2023-02-22 11:00:00,15.65,13.14,72.95,338.13
2023-02-22 12:00:00,19.9,17.08,72.55,315.82
2023-02-22 13:00:00,16.45,15.15,70.07,312.58
2023-02-22 14:00:00,17.57,15.89,63.63,285.08
2023-02-22 15:00:00,6.18,12.59,70.6,222.64
2023-02-22 16:00:00,9.29,13.11,77.73,80.98
2023-02-22 17:00:00,0.0,8.12,69.0,156.45
2023-02-22 18:00:00,0.0,6.99,81.06,90.22
2023-02-22 19:00:00,0.0,1.5,89.49,0.0
2023-02-22 20:00:00,0.0,8.15,83.19,0.0
2023-02-22 21:00:00,7.42,7.82,84.95,30.62
2023-02-22 22:00:00,6.55,2.84,78.97,27.54
2023-02-22 23:00:00,3.65,2.94,82.72,0.0
2023-02-23 00:00:00,0.0,2.0,74.44,0.0
2023-02-23 01:00:00,0.0,4.44,82.01,15.29
2023-02-23 02:00:00,7.28,6.43,81.3,27.57
2023-02-23 03:00:00,0.85,1.49,79.48,36.29
2023-02-23 04:00:00,13.92,6.83,84.61,17.46
2023-02-23 05:00:00,2.36,6.66,75.34,0.0
2023-02-23 06:00:00,1.15,8.74,77.09,49.7
2023-02-23 07:00:00,2.55,10.72,75.92,76.7
2023-02-23 08:00:00,9.31,10.63,67.88,118.56
2023-02-23 09:00:00,11.12,11.84,72.09,191.51
2023-02-23 10:00:00,18.99,12.41,60.78,158.32
2023-02-23 11:00:00,22.18,15.28,73.61,264.84
2023-02-23 12:00:00,12.3,14.35,68.26,318.03
2023-02-23 13:00:00,8.45,13.78,65.77,290.94
2023-02-23 14:00:00,3.72,10.3,65.2,321.65
2023-02-23 15:00:00,15.08,11.29,69.79,187.4
2023-02-23 16:00:00,1.89,12.81,76.47,166.17
2023-02-23 17:00:00,0.0,9.88,78.18,113.04
2023-02-23 18:00:00,2.33,9.83,74.5,117.14
2023-02-23 19:00:00,14.96,10.75,73.8,7.24
2023-02-23 20:00:00,0.0,8.09,81.31,0.0
2023-02-23 21:00:00,5.03,5.16,74.42,42.4
2023-02-23 22:00:00,0.49,3.16,78.33,93.29
2023-02-23 23:00:00,0.0,-1.43,78.65,0.0
2023-02-24 00:00:00,5.51,3.41,79.74,42.05
2023-02-24 01:00:00,0.0,3.26,82.47,61.44
2023-02-24 02:00:00,1.6,5.19,71.86,50.85
2023-02-24 03:00:00,1.93,4.9,68.62,6.28
2023-02-24 04:00:00,0.0,5.6,75.34,0.0
2023-02-24 05:00:00,5.95,3.89,87.18,0.0
2023-02-24 06:00:00,0.0,6.86,88.29,22.93
2023-02-24 07:00:00,0.0,10.99,84.74,120.83
2023-02-24 08:00:00,11.96,14.67,72.21,162.4
2023-02-24 09:00:00,6.97,12.08,62.19,187.06
2023-02-24 10:00:00,15.31,13.73,57.8,280.13
2023-02-24 11:00:00,16.83,15.48,65.45,324.48
2023-02-24 12:00:00,24.0,12.12,67.19,310.38
2023-02-24 13:00:00,19.74,14.31,75.02,239.66
2023-02-24 14:00:00,14.99,11.59,73.86,243.29
2023-02-24 15:00:00,17.27,14.01,72.24,253.44
2023-02-24 16:00:00,17.08,11.54,68.73,76.55
2023-02-24 17:00:00,7.87,10.63,70.78,0.0
2023-02-24 18:00:00,0.06,7.18,79.45,75.4
2023-02-24 19:00:00,0.0,8.86,81.66,25.57
2023-02-24 20:00:00,0.0,10.41,80.14,30.34
2023-02-24 21:00:00,0.0,3.19,73.0,0.0
2023-02-24 22:00:00,0.0,3.73,81.43,36.88
2023-02-24 23:00:00,0.0,4.38,80.31,13.76
2023-02-25 00:00:00,0.34,5.55,72.96,0.0
2023-02-25 01:00:00,3.18,3.03,74.4,71.21
2023-02-25 02:00:00,0.0,-1.02,81.76,7.93
2023-02-25 03:00:00,2.92,8.16,77.14,0.0
2023-02-25 04:00:00,0.39,8.0,86.26,0.0
2023-02-25 05:00:00,0.0,4.2,80.82,0.0
2023-02-25 06:00:00,0.0,7.76,75.88,29.67
2023-02-25 07:00:00,3.78,13.41,75.68,90.55
2023-02-25 08:00:00,1.72,14.37,73.63,139.92
2023-02-25 09:00:00,16.3,14.39,67.6,275.53
2023-02-25 10:00:00,24.73,12.96,65.09,189.97
2023-02-25 11:00:00,24.66,13.97,72.16,259.22
2023-02-25 12:00:00,16.67,13.72,72.54,256.76
2023-02-25 13:00:00,26.29,16.06,71.68,275.12
2023-02-25 14:00:00,16.44,11.56,77.23,262.54
2023-02-25 15:00:00,10.67,10.9,68.54,233.11
2023-02-25 16:00:00,5.3,13.5,81.69,132.28
2023-02-25 17:00:00,2.83,10.18,71.22,33.59
2023-02-25 18:00:00,0.0,11.73,73.25,84.3
2023-02-25 19:00:00,1.02,6.34,69.52,120.58
2023-02-25 20:00:00,0.96,6.37,76.09,7.16
2023-02-25 21:00:00,0.02,3.6,75.8,0.0
2023-02-25 22:00:00,2.62,4.66,80.95,73.77
2023-02-25 23:00:00,7.14,1.19,79.54,0.0
2023-02-26 00:00:00,5.7,3.24,72.49,0.0
2023-02-26 01:00:00,0.0,1.51,76.49,0.0
2023-02-26 02:00:00,0.0,6.27,76.6,0.0
2023-02-26 03:00:00,5.61,7.11,69.57,0.0
2023-02-26 04:00:00,0.0,3.25,73.55,0.0
2023-02-26 05:00:00,0.0,10.59,74.6,0.63
2023-02-26 06:00:00,0.0,14.21,85.62,1.36
2023-02-26 07:00:00,0.0,10.6,76.82,48.43
2023-02-26 08:00:00,12.46,10.43,76.76,135.06
2023-02-26 09:00:00,17.59,18.4,63.89,205.66
2023-02-26 10:00:00,12.5,10.91,75.76,306.51
2023-02-26 11:00:00,2.26,14.08,75.3,289.28
2023-02-26 12:00:00,15.15,14.57,58.46,348.4
2023-02-26 13:00:00,20.15,16.73,65.27,325.99
2023-02-26 14:00:00,7.09,14.26,72.27,294.59
2023-02-26 15:00:00,14.13,11.75,74.6,286.59
2023-02-26 16:00:00,9.12,9.81,70.06,97.61
2023-02-26 17:00:00,8.25,9.83,74.34,55.84
2023-02-26 18:00:00,0.72,7.2,75.47,88.16
2023-02-26 19:00:00,0.0,8.02,79.0,0.0
2023-02-26 20:00:00,7.18,5.59,84.44,0.0
2023-02-26 21:00:00,0.0,2.69,74.6,0.0
2023-02-26 22:00:00,0.0,7.4,83.46,6.75
2023-02-26 23:00:00,0.0,3.39,74.54,0.0
2023-02-27 00:00:00,0.0,1.92,74.34,66.7
2023-02-27 01:00:00,0.0,4.29,82.68,0.0
2023-02-27 02:00:00,0.0,5.26,83.19,16.43
2023-02-27 03:00:00,10.27,2.43,82.84,0.0
2023-02-27 04:00:00,0.0,7.62,72.0,0.0
2023-02-27 05:00:00,0.0,6.07,76.25,0.0
2023-02-27 06:00:00,8.83,12.88,82.7,0.0
2023-02-27 07:00:00,3.64,11.8,76.2,135.85
2023-02-27 08:00:00,5.44,11.15,68.21,150.19
2023-02-27 09:00:00,19.61,11.5,73.8,196.74
2023-02-27 10:00:00,12.74,13.57,66.35,226.19
2023-02-27 11:00:00,29.22,15.51,77.9,364.21
2023-02-27 12:00:00,22.98,14.4,76.31,388.35
2023-02-27 13:00:00,15.34,13.85,71.94,363.64
2023-02-27 14:00:00,29.32,13.9,76.73,297.54
2023-02-27 15:00:00,9.74,11.78,71.84,237.33
2023-02-27 16:00:00,13.91,11.27,77.41,96.77
2023-02-27 17:00:00,6.69,6.58,83.38,69.27
2023-02-27 18:00:00,7.81,11.4,79.81,0.0
2023-02-27 19:00:00,9.37,8.76,77.31,0.0
2023-02-27 20:00:00,0.19,5.41,70.06,52.85
2023-02-27 21:00:00,0.0,9.72,78.17,0.0
2023-02-27 22:00:00,2.76,5.3,82.7,59.8
2023-02-27 23:00:00,0.0,2.55,83.31,44.09
2023-02-28 00:00:00,12.08,6.41,81.23,27.84
2023-02-28 01:00:00,0.82,5.66,76.0,30.64
2023-02-28 02:00:00,0.0,6.15,68.82,0.0
2023-02-28 03:00:00,1.11,5.31,76.23,92.89
2023-02-28 04:00:00,0.0,8.1,77.19,2.16
2023-02-28 05:00:00,0.0,7.88,77.14,15.1
2023-02-28 06:00:00,7.2,10.81,81.8,0.0
2023-02-28 07:00:00,1.08,7.18,86.05,37.08
2023-02-28 08:00:00,3.41,11.33,74.33,185.45
2023-02-28 09:00:00,16.93,16.67,70.55,239.39
2023-02-28 10:00:00,23.91,12.49,68.75,240.4
2023-02-28 11:00:00,23.04,13.32,69.67,240.23
2023-02-28 12:00:00,25.37,13.8,64.57,259.67
2023-02-28 13:00:00,14.19,12.09,69.65,371.96
2023-02-28 14:00:00,8.26,9.61,72.3,249.2
2023-02-28 15:00:00,22.72,12.77,72.68,211.56
2023-02-28 16:00:00,7.76,12.47,76.0,234.1
2023-02-28 17:00:00,3.51,10.88,78.29,27.53
2023-02-28 18:00:00,7.97,9.41,69.85,0.0
2023-02-28 19:00:00,3.34,8.49,81.89,0.0
2023-02-28 20:00:00,2.74,9.24,75.35,80.9
2023-02-28 21:00:00,12.99,5.78,73.23,99.67
2023-02-28 22:00:00,0.0,4.22,73.19,37.58
2023-02-28 23:00:00,5.57,4.3,80.88,39.17
2023-03-01 00:00:00,0.34,6.1,77.71,0.0
2023-03-01 01:00:00,1.61,7.93,70.42,97.37
2023-03-01 02:00:00,9.17,4.35,81.22,13.38
2023-03-01 03:00:00,3.05,6.6,71.63,42.66
2023-03-01 04:00:00,3.23,8.11,79.53,0.0
2023-03-01 05:00:00,6.44,6.66,80.02,0.0
2023-03-01 06:00:00,0.0,9.98,83.25,83.15
2023-03-01 07:00:00,0.11,8.3,85.15,112.72
2023-03-01 08:00:00,3.67,8.9,67.0,238.19
2023-03-01 09:00:00,2.26,14.21,71.49,246.99
2023-03-01 10:00:00,29.55,13.5,68.78,244.44
2023-03-01 11:00:00,12.58,15.17,71.34,290.78
2023-03-01 12:00:00,18.55,14.9,69.9,336.39
2023-03-01 13:00:00,17.54,12.81,67.4,288.63
2023-03-01 14:00:00,19.06,14.18,67.96,231.49
2023-03-01 15:00:00,18.95,11.01,66.17,294.29
2023-03-01 16:00:00,15.1,15.22,78.77,138.38
2023-03-01 17:00:00,1.65,8.52,78.53,92.64
2023-03-01 18:00:00,0.0,9.55,83.42,14.81
2023-03-01 19:00:00,1.7,6.56,77.27,0.0
2023-03-01 20:00:00,0.0,8.58,75.54,72.54
2023-03-01 21:00:00,9.64,5.74,73.43,0.0
2023-03-01 22:00:00,2.95,4.57,80.62,13.08
2023-03-01 23:00:00,4.41,6.81,73.63,12.31
2023-03-02 00:00:00,3.98,5.24,88.18,0.0
2023-03-02 01:00:00,7.04,6.38,72.4,0.0
2023-03-02 02:00:00,1.09,3.89,80.31,43.54
2023-03-02 03:00:00,0.0,3.84,86.77,37.18
2023-03-02 04:00:00,2.4,7.9,81.94,0.0
2023-03-02 05:00:00,0.0,8.25,79.82,35.37
2023-03-02 06:00:00,0.0,11.43,74.1,18.75
2023-03-02 07:00:00,8.79,11.32,69.44,23.8
2023-03-02 08:00:00,17.61,13.09,77.79,126.99
2023-03-02 09:00:00,14.53,10.47,79.4,296.88
2023-03-02 10:00:00,19.49,18.29,68.09,309.37
2023-03-02 11:00:00,29.88,14.68,63.59,299.59
2023-03-02 12:00:00,21.81,16.58,56.65,296.44
2023-03-02 13:00:00,35.28,13.34,64.38,302.03
2023-03-02 14:00:00,21.03,15.13,69.71,271.67
2023-03-02 15:00:00,3.83,11.11,79.86,197.67
2023-03-02 16:00:00,14.7,13.59,77.31,82.59
2023-03-02 17:00:00,7.56,10.76,77.88,144.83
2023-03-02 18:00:00,7.74,10.24,76.94,48.53
2023-03-02 19:00:00,4.04,10.28,76.02,0.0
2023-03-02 20:00:00,0.0,5.22,85.97,6.82
2023-03-02 21:00:00,0.0,5.28,79.94,0.0
2023-03-02 22:00:00,0.0,6.77,68.43,0.0
2023-03-02 23:00:00,0.0,9.55,75.57,0.0
2023-03-03 00:00:00,0.0,5.15,74.76,0.0
2023-03-03 01:00:00,3.53,6.78,76.32,100.15
2023-03-03 02:00:00,10.02,5.88,81.86,0.0
2023-03-03 03:00:00,2.37,10.78,78.51,0.0
2023-03-03 04:00:00,0.0,4.43,78.66,0.0
2023-03-03 05:00:00,2.67,9.32,85.61,52.19
2023-03-03 06:00:00,7.18,7.18,75.57,0.0
2023-03-03 07:00:00,1.74,6.71,85.78,51.82
2023-03-03 08:00:00,9.62,13.52,70.69,246.11
2023-03-03 09:00:00,14.83,14.24,72.42,257.95
2023-03-03 10:00:00,13.35,14.19,68.98,310.57
2023-03-03 11:00:00,24.03,15.04,70.01,442.3
2023-03-03 12:00:00,20.13,21.62,71.27,359.86
2023-03-03 13:00:00,22.66,14.74,71.56,300.29
2023-03-03 14:00:00,12.73,15.78,66.62,286.87
2023-03-03 15:00:00,12.12,12.66,66.36,188.98
2023-03-03 16:00:00,14.76,13.52,86.56,236.57
2023-03-03 17:00:00,3.16,11.24,74.04,118.68
2023-03-03 18:00:00,10.36,9.61,82.54,56.22
2023-03-03 19:00:00,0.0,12.77,71.01,60.65
2023-03-03 20:00:00,1.35,10.28,77.65,0.0
2023-03-03 21:00:00,5.6,7.16,78.41,0.0
2023-03-03 22:00:00,0.0,1.49,81.41,0.0
2023-03-03 23:00:00,0.0,4.87,65.44,0.0
2023-03-04 00:00:00,0.0,11.08,79.98,8.25
2023-03-04 01:00:00,7.58,5.38,73.4,56.6
2023-03-04 02:00:00,0.0,8.55,80.77,0.0
2023-03-04 03:00:00,15.35,10.02,73.97,7.5
2023-03-04 04:00:00,0.0,8.61,74.87,0.0
2023-03-04 05:00:00,1.11,7.7,77.78,40.14
2023-03-04 06:00:00,9.25,5.8,73.89,0.0
2023-03-04 07:00:00,17.56,13.34,74.18,0.0
2023-03-04 08:00:00,23.04,11.54,68.18,201.42
2023-03-04 09:00:00,22.34,14.56,62.91,300.95
2023-03-04 10:00:00,24.63,12.5,75.58,330.41
2023-03-04 11:00:00,24.17,14.97,63.01,311.63
2023-03-04 12:00:00,26.02,15.74,68.26,299.01
2023-03-04 13:00:00,17.31,16.04,73.25,368.36
2023-03-04 14:00:00,13.58,12.77,67.41,315.17
2023-03-04 15:00:00,15.07,16.6,67.95,245.27
2023-03-04 16:00:00,9.65,11.98,75.28,269.0
2023-03-04 17:00:00,2.81,8.62,82.15,44.74
2023-03-04 18:00:00,4.18,10.45,73.3,88.75
2023-03-04 19:00:00,5.73,9.45,78.4,1.59
2023-03-04 20:00:00,0.53,8.49,70.49,0.0
2023-03-04 21:00:00,8.87,9.86,77.18,0.0
2023-03-04 22:00:00,0.0,5.87,79.32,47.97
2023-03-04 23:00:00,0.0,5.6,74.88,0.0
2023-03-05 00:00:00,0.0,3.71,76.96,0.0
2023-03-05 01:00:00,0.0,7.73,72.21,0.0
2023-03-05 02:00:00,0.0,6.96,79.63,0.0
2023-03-05 03:00:00,0.0,6.55,84.52,24.59
2023-03-05 04:00:00,9.08,4.61,73.76,38.67
2023-03-05 05:00:00,3.78,12.52,76.13,0.0
2023-03-05 06:00:00,0.0,8.47,81.76,0.0
2023-03-05 07:00:00,16.78,11.03,82.72,132.05
2023-03-05 08:00:00,18.25,14.14,66.78,139.07
2023-03-05 09:00:00,18.94,12.06,71.33,203.29
2023-03-05 10:00:00,17.56,12.26,72.0,256.32
2023-03-05 11:00:00,15.34,11.5,69.08,369.22
2023-03-05 12:00:00,19.61,17.36,56.86,379.48
2023-03-05 13:00:00,27.63,14.66,72.09,317.41
2023-03-05 14:00:00,30.22,21.11,78.18,315.51
2023-03-05 15:00:00,24.7,12.47,72.76,333.76
2023-03-05 16:00:00,7.99,11.58,69.09,133.31
2023-03-05 17:00:00,0.0,11.08,74.09,0.0
2023-03-05 18:00:00,0.85,11.41,88.1,22.75
2023-03-05 19:00:00,0.0,8.69,83.8,0.0
2023-03-05 20:00:00,1.94,9.65,82.45,0.0
2023-03-05 21:00:00,0.0,5.43,81.03,32.6
2023-03-05 22:00:00,0.0,3.83,75.94,41.96
2023-03-05 23:00:00,0.0,2.49,78.24,0.0
2023-03-06 00:00:00,3.08,1.72,78.95,0.0
2023-03-06 01:00:00,0.0,5.3,82.08,115.88
2023-03-06 02:00:00,0.0,6.24,86.88,29.17
2023-03-06 03:00:00,0.0,6.37,84.93,33.81
2023-03-06 04:00:00,0.0,11.16,72.24,58.64
2023-03-06 05:00:00,10.63,12.33,80.46,0.85
2023-03-06 06:00:00,9.97,10.5,83.02,39.83
2023-03-06 07:00:00,3.04,8.88,79.84,132.27
2023-03-06 08:00:00,7.56,12.54,71.19,213.11
2023-03-06 09:00:00,18.61,13.51,86.84,247.17
2023-03-06 10:00:00,13.36,14.19,64.29,331.04
2023-03-06 11:00:00,23.39,14.6,64.26,330.22
2023-03-06 12:00:00,26.94,14.86,70.5,372.96
2023-03-06 13:00:00,28.94,15.23,80.26,301.21
2023-03-06 14:00:00,18.75,14.23,66.5,282.91
2023-03-06 15:00:00,14.57,15.12,70.94,249.16
2023-03-06 16:00:00,5.9,14.39,79.72,138.98
2023-03-06 17:00:00,0.82,10.64,76.66,71.11
2023-03-06 18:00:00,0.0,13.71,77.66,0.0
2023-03-06 19:00:00,2.2,7.92,82.17,20.11
2023-03-06 20:00:00,5.48,5.43,80.7,47.46
2023-03-06 21:00:00,0.0,8.4,84.49,0.0
2023-03-06 22:00:00,8.96,5.2,85.79,66.76
2023-03-06 23:00:00,0.0,6.98,80.87,46.93
2023-03-07 00:00:00,0.0,1.61,80.88,25.2
2023-03-07 01:00:00,0.0,9.38,80.49,7.68
2023-03-07 02:00:00,0.0,8.43,81.87,15.96
2023-03-07 03:00:00,5.3,4.88,79.7,59.35
2023-03-07 04:00:00,4.42,5.96,79.42,61.18
2023-03-07 05:00:00,0.0,13.47,85.41,66.75
2023-03-07 06:00:00,0.4,9.95,87.0,2.07
2023-03-07 07:00:00,9.01,11.05,69.3,126.27
2023-03-07 08:00:00,2.04,9.39,74.47,257.51
2023-03-07 09:00:00,12.98,14.25,68.91,237.98
2023-03-07 10:00:00,24.55,15.29,69.21,313.74
2023-03-07 11:00:00,14.54,17.68,71.78,368.49
2023-03-07 12:00:00,24.6,13.62,72.77,425.64
2023-03-07 13:00:00,13.92,13.21,69.2,413.45
2023-03-07 14:00:00,22.58,16.65,61.2,318.12
2023-03-07 15:00:00,15.94,16.97,67.53,193.74
2023-03-07 16:00:00,1.73,10.78,78.9,202.64
2023-03-07 17:00:00,12.9,14.88,63.13,52.61
2023-03-07 18:00:00,0.0,11.49,85.36,0.0
2023-03-07 19:00:00,0.0,12.31,82.03,0.0
2023-03-07 20:00:00,1.2,8.78,86.0,16.32
2023-03-07 21:00:00,6.89,2.84,78.43,68.05
2023-03-07 22:00:00,0.0,6.79,69.11,1.94
2023-03-07 23:00:00,0.37,8.71,81.57,10.57
2023-03-08 00:00:00,2.57,4.88,85.87,59.14
2023-03-08 01:00:00,4.16,6.07,84.12,0.0
2023-03-08 02:00:00,1.06,6.99,76.19,26.01
2023-03-08 03:00:00,0.0,2.34,79.94,0.0
2023-03-08 04:00:00,0.0,12.51,76.84,28.3
2023-03-08 05:00:00,0.52,8.57,75.4,0.0
2023-03-08 06:00:00,0.0,12.68,84.28,0.0
2023-03-08 07:00:00,0.0,12.79,70.93,107.72
2023-03-08 08:00:00,14.29,16.69,70.03,276.98
2023-03-08 09:00:00,21.93,16.02,66.91,318.14
2023-03-08 10:00:00,6.04,15.53,63.39,311.53
2023-03-08 11:00:00,16.49,14.71,70.57,308.73
2023-03-08 12:00:00,27.06,18.27,75.31,304.94
2023-03-08 13:00:00,34.89,12.75,68.92,441.59
2023-03-08 14:00:00,20.34,17.29,63.31,289.16
2023-03-08 15:00:00,12.14,13.01,76.63,258.82
2023-03-08 16:00:00,10.57,16.68,82.93,260.58
2023-03-08 17:00:00,14.29,13.29,73.68,20.0
2023-03-08 18:00:00,0.0,12.96,77.11,74.61
2023-03-08 19:00:00,0.0,10.54,82.08,0.0
2023-03-08 20:00:00,0.0,5.67,87.61,0.0
2023-03-08 21:00:00,0.0,6.41,76.9,0.0
2023-03-08 22:00:00,0.74,8.69,72.84,0.0
2023-03-08 23:00:00,9.75,7.17,82.66,22.04
2023-03-09 00:00:00,1.94,9.29,83.57,0.0
2023-03-09 01:00:00,0.0,7.9,79.61,0.0
2023-03-09 02:00:00,0.0,5.66,76.78,0.0
2023-03-09 03:00:00,0.0,6.8,84.55,0.0
2023-03-09 04:00:00,5.3,9.63,82.21,10.22
2023-03-09 05:00:00,0.0,6.0,75.73,0.0
2023-03-09 06:00:00,0.0,15.27,79.82,0.0
2023-03-09 07:00:00,25.33,14.1,70.23,112.0
2023-03-09 08:00:00,13.72,16.88,78.0,188.1
2023-03-09 09:00:00,12.35,12.3,71.19,293.56
2023-03-09 10:00:00,18.09,18.74,68.74,378.21
2023-03-09 11:00:00,29.92,21.22,69.75,326.01
2023-03-09 12:00:00,24.53,14.28,69.78,394.23
2023-03-09 13:00:00,14.4,18.3,74.39,217.43
2023-03-09 14:00:00,26.17,16.26,73.87,356.57
2023-03-09 15:00:00,12.85,12.37,71.72,266.0
2023-03-09 16:00:00,23.16,15.41,78.39,149.55
2023-03-09 17:00:00,12.65,14.88,78.99,118.65
2023-03-09 18:00:00,0.0,10.72,77.44,58.63
2023-03-09 19:00:00,7.69,12.96,78.95,0.0
2023-03-09 20:00:00,0.41,6.09,78.83,0.0
2023-03-09 21:00:00,5.12,5.4,82.1,8.25
2023-03-09 22:00:00,2.91,7.87,77.74,0.0
2023-03-09 23:00:00,0.0,7.14,77.62,0.0
2023-03-10 00:00:00,0.0,5.74,89.49,61.12
2023-03-10 01:00:00,6.18,8.97,84.34,3.11
2023-03-10 02:00:00,0.0,8.91,75.84,0.0
2023-03-10 03:00:00,0.0,10.36,82.5,0.0
2023-03-10 04:00:00,0.0,9.43,80.23,8.1
2023-03-10 05:00:00,2.54,12.09,81.6,43.12
2023-03-10 06:00:00,12.38,11.29,80.33,0.0
2023-03-10 07:00:00,0.0,17.58,83.0,127.54
2023-03-10 08:00:00,12.32,13.05,76.37,269.46
2023-03-10 09:00:00,25.69,19.92,72.26,381.4
2023-03-10 10:00:00,20.61,16.58,76.19,368.07
2023-03-10 11:00:00,26.24,14.26,71.15,417.4
2023-03-10 12:00:00,17.98,19.91,70.25,299.23
2023-03-10 13:00:00,26.09,17.26,71.55,497.04
2023-03-10 14:00:00,19.97,18.21,70.51,322.73
2023-03-10 15:00:00,23.13,18.16,72.62,240.33
2023-03-10 16:00:00,19.3,15.35,71.71,190.18
2023-03-10 17:00:00,21.84,12.29,73.3,180.63
2023-03-10 18:00:00,3.48,14.13,74.65,110.4
2023-03-10 19:00:00,1.95,10.88,72.68,6.27
2023-03-10 20:00:00,1.17,11.05,75.24,49.9
2023-03-10 21:00:00,0.0,4.33,78.77,2.16
2023-03-10 22:00:00,2.03,8.74,80.16,0.0
2023-03-10 23:00:00,0.0,6.07,78.29,73.84
2023-03-11 00:00:00,1.01,10.74,67.93,0.0
2023-03-11 01:00:00,7.91,8.85,87.58,76.78
2023-03-11 02:00:00,0.0,8.58,85.14,64.93
2023-03-11 03:00:00,6.84,9.87,81.93,30.7
2023-03-11 04:00:00,7.9,7.93,89.24,91.45
2023-03-11 05:00:00,0.0,14.38,74.82,111.62
2023-03-11 06:00:00,0.0,16.41,89.14,0.0
2023-03-11 07:00:00,2.79,14.51,72.29,66.8
2023-03-11 08:00:00,20.21,18.11,75.9,113.96
2023-03-11 09:00:00,17.44,14.83,66.26,405.23
2023-03-11 10:00:00,15.53,15.17,71.12,336.86
2023-03-11 11:00:00,20.99,17.34,71.98,456.99
2023-03-11 12:00:00,29.9,18.3,68.93,377.29
2023-03-11 13:00:00,27.29,16.47,73.61,477.15
2023-03-11 14:00:00,20.1,17.84,71.54,323.83
2023-03-11 15:00:00,15.38,16.58,70.02,233.41
2023-03-11 16:00:00,10.08,12.93,71.87,196.75
2023-03-11 17:00:00,0.9,14.76,81.17,80.65
2023-03-11 18:00:00,9.69,14.16,76.44,29.81
2023-03-11 19:00:00,0.0,11.48,84.28,0.0
2023-03-11 20:00:00,7.3,12.24,85.82,31.39
2023-03-11 21:00:00,9.13,6.46,71.36,0.0
2023-03-11 22:00:00,5.99,9.04,85.37,0.0
2023-03-11 23:00:00,0.0,5.26,90.01,0.0
2023-03-12 00:00:00,2.42,5.46,81.02,102.25
2023-03-12 01:00:00,0.0,6.59,82.76,11.26
2023-03-12 02:00:00,0.0,6.47,84.95,0.0
2023-03-12 03:00:00,1.95,8.05,78.38,0.0
2023-03-12 04:00:00,0.0,9.76,80.67,4.84
2023-03-12 05:00:00,7.13,13.07,73.19,92.27
2023-03-12 06:00:00,0.0,12.04,80.45,51.43
2023-03-12 07:00:00,7.77,10.81,79.66,63.35
2023-03-12 08:00:00,14.39,17.47,77.34,332.34
2023-03-12 09:00:00,16.39,14.55,78.02,297.44
2023-03-12 10:00:00,25.49,16.9,67.23,428.51
2023-03-12 11:00:00,21.66,18.41,67.44,350.69
2023-03-12 12:00:00,30.6,18.08,79.24,302.94
2023-03-12 13:00:00,16.43,19.7,69.35,338.02
2023-03-12 14:00:00,22.73,17.97,72.1,203.68
2023-03-12 15:00:00,29.57,14.5,72.35,404.6
2023-03-12 16:00:00,6.68,19.54,70.65,222.15
2023-03-12 17:00:00,2.5,14.37,85.29,63.21
2023-03-12 18:00:00,3.08,12.39,77.12,22.63
2023-03-12 19:00:00,1.08,13.32,74.12,9.47
2023-03-12 20:00:00,2.1,10.68,77.51,31.05
2023-03-12 21:00:00,2.94,9.95,69.75,60.48
2023-03-12 22:00:00,3.81,13.34,76.5,0.0
2023-03-12 23:00:00,6.66,7.31,74.92,0.0
2023-03-13 00:00:00,2.46,7.31,82.9,41.39
2023-03-13 01:00:00,0.0,8.34,76.44,40.12
2023-03-13 02:00:00,4.04,10.75,84.25,5.04
2023-03-13 03:00:00,11.4,6.39,86.8,108.88
2023-03-13 04:00:00,0.0,6.51,83.72,0.0
2023-03-13 05:00:00,0.0,10.47,78.73,0.0
2023-03-13 06:00:00,6.64,9.67,80.52,20.9
2023-03-13 07:00:00,5.98,13.39,69.6,77.9
2023-03-13 08:00:00,0.0,16.45,74.14,240.46
2023-03-13 09:00:00,23.39,14.69,68.44,263.37
2023-03-13 10:00:00,19.2,14.42,74.62,353.56
2023-03-13 11:00:00,24.46,17.91,83.02,511.2
2023-03-13 12:00:00,27.87,19.67,72.31,411.08
2023-03-13 13:00:00,26.14,14.38,60.2,376.72
2023-03-13 14:00:00,26.67,18.91,69.34,432.1
2023-03-13 15:00:00,15.69,18.11,73.35,252.47
2023-03-13 16:00:00,16.02,17.35,75.25,181.03
2023-03-13 17:00:00,5.14,16.67,73.57,140.47
2023-03-13 18:00:00,4.43,17.34,81.04,46.92
2023-03-13 19:00:00,3.69,10.93,73.6,61.02
2023-03-13 20:00:00,0.0,10.66,75.09,0.0
2023-03-13 21:00:00,6.52,8.57,83.04,29.8
2023-03-13 22:00:00,0.0,8.61,74.73,0.0
2023-03-13 23:00:00,4.85,11.18,82.5,0.0
2023-03-14 00:00:00,2.2,5.51,73.01,60.16
2023-03-14 01:00:00,11.03,6.65,88.68,0.0
2023-03-14 02:00:00,0.0,11.62,75.98,13.91
2023-03-14 03:00:00,0.0,11.7,78.74,7.78
2023-03-14 04:00:00,0.0,9.97,81.51,0.0
2023-03-14 05:00:00,0.0,13.61,77.03,48.3
2023-03-14 06:00:00,4.8,13.88,80.57,28.01
2023-03-14 07:00:00,0.0,17.49,80.14,14.54
2023-03-14 08:00:00,6.87,15.85,79.66,233.82
2023-03-14 09:00:00,12.26,18.78,76.74,272.4
2023-03-14 10:00:00,28.56,22.81,70.34,435.81
2023-03-14 11:00:00,35.76,19.22,69.46,352.64
2023-03-14 12:00:00,25.77,18.3,81.6,422.07
2023-03-14 13:00:00,24.48,19.47,74.95,443.01
2023-03-14 14:00:00,23.28,16.8,66.59,383.68
2023-03-14 15:00:00,25.63,21.51,73.28,349.2
2023-03-14 16:00:00,7.63,16.06,73.18,144.03
2023-03-14 17:00:00,8.26,13.95,76.59,196.45
2023-03-14 18:00:00,5.85,11.53,73.71,26.26
2023-03-14 19:00:00,3.01,14.1,77.8,67.99
2023-03-14 20:00:00,1.14,12.43,88.91,43.71
2023-03-14 21:00:00,6.01,8.67,82.75,0.0
2023-03-14 22:00:00,0.0,10.02,67.4,0.0
2023-03-14 23:00:00,4.07,5.35,85.94,0.0
2023-03-15 00:00:00,0.0,8.82,85.34,79.48
2023-03-15 01:00:00,0.0,9.53,78.1,69.27
2023-03-15 02:00:00,3.07,12.54,83.48,0.0
2023-03-15 03:00:00,8.24,8.38,75.6,0.0
2023-03-15 04:00:00,0.0,8.4,77.54,0.0
2023-03-15 05:00:00,5.72,10.37,87.39,0.0
2023-03-15 06:00:00,9.67,10.78,78.53,0.0
2023-03-15 07:00:00,14.85,17.42,67.96,142.49
2023-03-15 08:00:00,23.29,19.05,74.58,268.04
2023-03-15 09:00:00,23.48,17.63,72.43,366.62
2023-03-15 10:00:00,23.75,20.23,77.23,410.65
2023-03-15 11:00:00,16.38,18.55,70.31,343.13
2023-03-15 12:00:00,25.43,18.26,67.79,431.39
2023-03-15 13:00:00,20.93,17.62,75.46,548.37
2023-03-15 14:00:00,36.33,17.16,71.84,407.08
2023-03-15 15:00:00,17.97,13.89,69.07,335.49
2023-03-15 16:00:00,14.19,16.48,80.67,242.2
2023-03-15 17:00:00,10.27,14.67,78.27,136.84
2023-03-15 18:00:00,0.26,14.94,79.91,0.0
2023-03-15 19:00:00,10.17,12.35,80.78,0.0
2023-03-15 20:00:00,0.0,10.63,74.54,0.0
2023-03-15 21:00:00,1.17,8.18,77.26,64.07
2023-03-15 22:00:00,0.0,9.27,79.91,2.38
2023-03-15 23:00:00,0.0,10.1,78.92,0.0
2023-03-16 00:00:00,0.0,6.42,86.29,21.5
2023-03-16 01:00:00,0.0,9.06,81.01,0.0
2023-03-16 02:00:00,0.0,9.85,84.2,0.0
2023-03-16 03:00:00,0.0,8.74,79.97,0.0
2023-03-16 04:00:00,0.0,10.03,85.21,27.13
2023-03-16 05:00:00,0.0,12.88,81.91,62.94
2023-03-16 06:00:00,0.0,11.44,79.99,24.15
2023-03-16 07:00:00,11.66,15.7,77.27,149.89
2023-03-16 08:00:00,14.21,14.42,70.15,252.16
2023-03-16 09:00:00,10.64,19.37,75.39,328.23
2023-03-16 10:00:00,21.89,22.72,71.06,430.64
2023-03-16 11:00:00,21.97,16.82,67.76,320.51
2023-03-16 12:00:00,29.34,19.78,75.46,462.57
2023-03-16 13:00:00,34.53,17.09,64.02,389.2
2023-03-16 14:00:00,12.5,20.12,69.15,453.93
2023-03-16 15:00:00,20.08,14.72,77.99,315.8
2023-03-16 16:00:00,12.75,17.17,76.5,230.06
2023-03-16 17:00:00,11.13,13.26,77.1,43.03
2023-03-16 18:00:00,1.28,13.3,81.18,50.84
2023-03-16 19:00:00,0.0,10.35,80.82,31.37
2023-03-16 20:00:00,0.0,12.86,72.34,27.85
2023-03-16 21:00:00,0.0,8.5,78.18,0.0
2023-03-16 22:00:00,6.46,10.48,88.01,0.0
2023-03-16 23:00:00,0.13,8.19,76.63,11.18
2023-03-17 00:00:00,11.41,8.74,78.36,0.0
2023-03-17 01:00:00,0.0,9.43,77.24,21.74
2023-03-17 02:00:00,0.0,8.11,79.52,0.0
2023-03-17 03:00:00,0.0,10.85,77.04,0.0
2023-03-17 04:00:00,0.0,14.53,82.39,89.84
2023-03-17 05:00:00,0.0,11.12,80.94,21.97
2023-03-17 06:00:00,1.6,16.31,83.82,8.34
2023-03-17 07:00:00,10.28,18.26,72.11,219.77
2023-03-17 08:00:00,4.48,14.84,73.25,116.0
2023-03-17 09:00:00,25.12,14.59,71.75,288.46
2023-03-17 10:00:00,21.29,18.9,73.57,383.16
2023-03-17 11:00:00,27.86,17.7,66.33,492.65
2023-03-17 12:00:00,37.61,22.71,74.53,509.38
2023-03-17 13:00:00,32.37,18.87,76.23,406.43
2023-03-17 14:00:00,22.58,16.69,66.35,453.12
2023-03-17 15:00:00,14.41,15.21,70.43,309.06
2023-03-17 16:00:00,1.06,18.65,72.29,293.38
2023-03-17 17:00:00,2.92,14.12,90.53,68.87
2023-03-17 18:00:00,0.0,14.06,77.8,0.0
2023-03-17 19:00:00,0.0,14.59,88.34,0.0
2023-03-17 20:00:00,0.0,10.5,73.62,52.8
2023-03-17 21:00:00,0.46,10.34,75.0,0.0
2023-03-17 22:00:00,0.0,9.6,76.52,0.0
2023-03-17 23:00:00,0.0,10.5,75.72,25.34
2023-03-18 00:00:00,1.01,10.41,78.63,27.26
2023-03-18 01:00:00,2.65,8.96,76.43,44.35
2023-03-18 02:00:00,0.0,10.02,75.88,10.56
2023-03-18 03:00:00,8.47,9.95,85.77,0.0
2023-03-18 04:00:00,0.0,8.77,86.09,0.0
2023-03-18 05:00:00,0.11,13.45,84.72,1.28
2023-03-18 06:00:00,4.25,18.01,82.59,12.48
2023-03-18 07:00:00,8.76,13.75,77.85,115.37
2023-03-18 08:00:00,19.94,15.18,72.49,238.06
2023-03-18 09:00:00,21.84,16.02,68.14,259.44
2023-03-18 10:00:00,20.97,20.01,73.13,444.03
2023-03-18 11:00:00,29.65,19.95,64.45,467.09
2023-03-18 12:00:00,21.59,18.91,65.0,524.28
2023-03-18 13:00:00,28.13,17.22,76.08,458.04
2023-03-18 14:00:00,24.44,18.74,80.82,323.74
2023-03-18 15:00:00,18.87,14.63,74.87,317.38
2023-03-18 16:00:00,13.45,17.01,80.51,227.1
2023-03-18 17:00:00,0.0,17.26,76.16,159.87
2023-03-18 18:00:00,0.0,11.72,73.28,0.0
2023-03-18 19:00:00,0.56,9.87,83.03,2.06
2023-03-18 20:00:00,0.96,14.88,82.82,25.68
2023-03-18 21:00:00,0.0,9.47,80.33,0.0
2023-03-18 22:00:00,7.59,12.17,78.76,3.73
2023-03-18 23:00:00,0.0,9.09,84.78,0.0
2023-03-19 00:00:00,5.82,9.16,75.06,0.0
2023-03-19 01:00:00,2.56,10.53,76.12,0.0
2023-03-19 02:00:00,0.0,8.39,74.95,0.0
2023-03-19 03:00:00,10.65,11.21,80.41,34.18
2023-03-19 04:00:00,0.0,11.22,74.55,0.0
2023-03-19 05:00:00,5.51,10.55,76.57,0.0
2023-03-19 06:00:00,6.0,15.16,76.46,88.4
2023-03-19 07:00:00,3.47,15.25,76.1,172.99
2023-03-19 08:00:00,22.84,16.67,67.55,148.32
2023-03-19 09:00:00,18.98,15.6,73.35,303.15
2023-03-19 10:00:00,26.82,22.0,77.56,430.23
2023-03-19 11:00:00,29.54,21.07,71.01,482.53
2023-03-19 12:00:00,28.16,21.41,77.69,408.26
2023-03-19 13:00:00,32.85,18.7,77.0,524.27
2023-03-19 14:00:00,29.85,15.36,75.22,459.37
2023-03-19 15:00:00,9.99,21.93,73.29,365.48
2023-03-19 16:00:00,22.31,16.86,75.1,309.23
2023-03-19 17:00:00,0.0,14.28,81.22,147.57
2023-03-19 18:00:00,6.2,15.32,78.03,22.43
2023-03-19 19:00:00,6.76,15.52,70.58,77.88
2023-03-19 20:00:00,0.0,11.94,82.45,55.06
2023-03-19 21:00:00,0.0,13.51,74.33,0.0
2023-03-19 22:00:00,0.0,12.32,75.18,31.66
2023-03-19 23:00:00,0.0,7.5,79.99,0.0
2023-03-20 00:00:00,0.0,8.39,79.52,25.21
2023-03-20 01:00:00,4.68,11.83,72.94,23.83
2023-03-20 02:00:00,7.86,4.99,80.82,0.0
2023-03-20 03:00:00,8.37,10.91,84.83,0.0
2023-03-20 04:00:00,0.0,9.38,74.36,13.26
2023-03-20 05:00:00,0.0,12.49,86.36,0.0
2023-03-20 06:00:00,0.0,14.14,72.2,15.74
2023-03-20 07:00:00,2.8,15.32,88.0,167.48
2023-03-20 08:00:00,20.53,16.14,72.94,244.17
2023-03-20 09:00:00,30.54,16.08,73.65,358.7
2023-03-20 10:00:00,18.13,23.66,61.88,494.73
2023-03-20 11:00:00,24.92,23.31,70.03,498.31
2023-03-20 12:00:00,29.33,17.42,71.14,501.43
2023-03-20 13:00:00,30.16,22.74,69.91,426.75
2023-03-20 14:00:00,20.68,18.27,68.52,459.11
2023-03-20 15:00:00,23.39,18.54,68.19,363.98
2023-03-20 16:00:00,11.9,17.12,80.65,309.88
2023-03-20 17:00:00,7.54,14.72,77.56,129.53
2023-03-20 18:00:00,3.28,16.71,87.7,0.0
2023-03-20 19:00:00,0.04,13.7,77.36,0.0
2023-03-20 20:00:00,0.0,11.29,77.82,36.78
2023-03-20 21:00:00,0.0,8.6,84.08,0.0
2023-03-20 22:00:00,0.0,8.62,71.88,21.84
2023-03-20 23:00:00,0.0,6.63,73.93,5.71
2023-03-21 00:00:00,0.0,10.02,85.49,0.0
2023-03-21 01:00:00,9.59,7.78,74.14,0.0
2023-03-21 02:00:00,3.37,10.14,70.9,0.0
2023-03-21 03:00:00,0.0,14.2,89.34,0.0
2023-03-21 04:00:00,4.18,14.9,73.03,0.0
2023-03-21 05:00:00,0.0,13.64,80.92,0.0
2023-03-21 06:00:00,7.04,14.83,80.35,0.0
2023-03-21 07:00:00,9.98,20.05,63.36,118.07
2023-03-21 08:00:00,14.36,18.54,73.66,296.11
2023-03-21 09:00:00,23.9,17.88,75.17,347.06
2023-03-21 10:00:00,16.56,16.48,73.11,484.2
2023-03-21 11:00:00,22.22,20.62,74.86,559.86
2023-03-21 12:00:00,22.84,21.66,68.06,542.75
2023-03-21 13:00:00,29.84,18.57,73.9,509.69
2023-03-21 14:00:00,36.38,19.91,67.89,449.35
2023-03-21 15:00:00,34.6,17.81,65.88,396.82
2023-03-21 16:00:00,18.83,17.13,68.51,254.47
2023-03-21 17:00:00,10.77,11.32,70.1,178.64
2023-03-21 18:00:00,0.0,14.56,85.05,30.71
2023-03-21 19:00:00,0.0,15.64,72.43,0.0
2023-03-21 20:00:00,0.0,11.24,81.37,44.79
2023-03-21 21:00:00,0.0,11.57,78.67,4.57
2023-03-21 22:00:00,0.0,9.16,79.49,0.0
2023-03-21 23:00:00,0.0,10.89,86.82,0.0
2023-03-22 00:00:00,0.0,9.83,77.8,8.3
2023-03-22 01:00:00,4.49,8.55,83.06,49.82
2023-03-22 02:00:00,0.0,13.59,80.18,44.45
2023-03-22 03:00:00,1.44,13.58,79.24,17.67
2023-03-22 04:00:00,12.44,11.55,91.5,29.98
2023-03-22 05:00:00,0.0,14.96,72.79,63.58
2023-03-22 06:00:00,0.0,16.33,86.44,0.0
2023-03-22 07:00:00,6.18,17.84,80.69,75.87
2023-03-22 08:00:00,21.86,14.37,72.6,319.36
2023-03-22 09:00:00,33.33,20.81,81.07,333.15
2023-03-22 10:00:00,19.05,18.45,62.1,405.95
2023-03-22 11:00:00,32.46,19.37,67.73,401.47
2023-03-22 12:00:00,27.72,25.53,63.95,537.17
2023-03-22 13:00:00,28.84,20.69,72.4,410.2
2023-03-22 14:00:00,42.29,18.82,65.77,402.95
2023-03-22 15:00:00,12.56,14.38,75.09,389.05
2023-03-22 16:00:00,16.78,20.54,74.06,290.4
2023-03-22 17:00:00,10.7,13.86,75.01,99.05
2023-03-22 18:00:00,6.51,13.25,81.94,0.0
2023-03-22 19:00:00,0.59,13.3,78.65,0.0
2023-03-22 20:00:00,1.85,15.59,74.55,0.0
2023-03-22 21:00:00,0.0,13.27,94.0,13.31
2023-03-22 22:00:00,1.61,10.61,77.56,0.0
2023-03-22 23:00:00,0.0,11.05,68.91,0.0
2023-03-23 00:00:00,3.73,9.32,75.78,0.0
2023-03-23 01:00:00,0.0,10.97,73.65,56.65
2023-03-23 02:00:00,2.26,11.33,84.12,25.5
2023-03-23 03:00:00,0.0,13.92,81.6,39.65
2023-03-23 04:00:00,6.76,14.95,81.98,64.52
2023-03-23 05:00:00,0.0,15.21,78.14,0.0
2023-03-23 06:00:00,0.0,14.79,78.59,0.0
2023-03-23 07:00:00,15.6,18.29,75.55,39.12
2023-03-23 08:00:00,10.08,17.83,74.58,415.63
2023-03-23 09:00:00,18.02,16.89,77.09,358.24
2023-03-23 10:00:00,23.3,19.04,73.01,499.85
2023-03-23 11:00:00,38.22,20.52,72.83,437.68
2023-03-23 12:00:00,18.22,22.34,72.49,567.03
2023-03-23 13:00:00,48.8,19.98,74.75,592.47
2023-03-23 14:00:00,33.21,17.43,72.77,444.9
2023-03-23 15:00:00,23.28,19.17,74.71,315.18
2023-03-23 16:00:00,15.19,18.24,80.93,251.67
2023-03-23 17:00:00,9.75,17.18,74.07,22.53
2023-03-23 18:00:00,3.13,17.36,75.71,0.0
2023-03-23 19:00:00,3.87,16.26,74.06,41.05
2023-03-23 20:00:00,3.33,11.83,80.9,0.0
2023-03-23 21:00:00,0.54,10.75,70.72,0.0
2023-03-23 22:00:00,0.0,9.11,82.3,26.38
2023-03-23 23:00:00,0.0,12.08,79.44,30.2
2023-03-24 00:00:00,0.0,13.67,85.65,0.0
2023-03-24 01:00:00,6.8,10.31,76.61,4.44
2023-03-24 02:00:00,3.56,10.96,78.96,121.8
2023-03-24 03:00:00,0.0,15.17,85.58,0.0
2023-03-24 04:00:00,3.94,14.29,86.89,0.0
2023-03-24 05:00:00,1.17,15.35,76.57,97.09
2023-03-24 06:00:00,0.0,13.39,80.88,55.21
2023-03-24 07:00:00,5.83,18.43,78.86,110.42
2023-03-24 08:00:00,22.52,16.42,76.84,273.21
2023-03-24 09:00:00,27.99,17.04,71.59,371.7
2023-03-24 10:00:00,22.68,19.41,77.72,417.96
2023-03-24 11:00:00,32.92,19.43,60.87,504.18
2023-03-24 12:00:00,25.72,20.33,67.87,511.81
2023-03-24 13:00:00,22.2,17.72,72.55,513.53
2023-03-24 14:00:00,23.56,22.02,73.6,417.95
2023-03-24 15:00:00,27.48,21.57,79.67,307.97
2023-03-24 16:00:00,21.49,14.38,80.96,260.84
2023-03-24 17:00:00,11.24,19.03,75.96,221.85
2023-03-24 18:00:00,4.35,14.15,86.47,4.11
2023-03-24 19:00:00,3.1,16.19,76.4,0.0
2023-03-24 20:00:00,0.0,13.14,84.63,37.7
2023-03-24 21:00:00,2.59,12.3,89.03,0.0
2023-03-24 22:00:00,4.8,11.07,86.05,93.4
2023-03-24 23:00:00,4.53,13.37,80.5,0.0
2023-03-25 00:00:00,7.13,8.55,78.29,35.02
2023-03-25 01:00:00,4.25,12.42,72.31,0.0
2023-03-25 02:00:00,2.11,13.9,81.51,25.15
2023-03-25 03:00:00,6.42,13.93,74.38,13.75
2023-03-25 04:00:00,0.0,18.18,75.99,0.0
2023-03-25 05:00:00,0.0,13.68,74.0,0.0
2023-03-25 06:00:00,0.0,17.95,77.65,0.0
2023-03-25 07:00:00,3.83,17.11,77.22,152.43
2023-03-25 08:00:00,11.98,21.0,76.32,298.65
2023-03-25 09:00:00,21.81,19.55,69.88,371.52
2023-03-25 10:00:00,23.01,19.59,76.64,477.17
2023-03-25 11:00:00,29.12,23.47,69.25,514.3
2023-03-25 12:00:00,20.7,20.05,66.01,539.33
2023-03-25 13:00:00,32.25,18.04,71.42,506.17
2023-03-25 14:00:00,27.78,19.33,81.11,463.7
2023-03-25 15:00:00,17.77,20.81,74.56,512.78
2023-03-25 16:00:00,19.99,21.32,73.14,282.78
2023-03-25 17:00:00,13.92,17.55,69.73,170.58
2023-03-25 18:00:00,0.0,18.67,78.86,21.9
2023-03-25 19:00:00,0.0,12.02,81.13,0.0
2023-03-25 20:00:00,0.0,12.65,78.01,64.7
2023-03-25 21:00:00,0.0,11.92,71.63,0.0
2023-03-25 22:00:00,4.98,11.47,75.7,52.75
2023-03-25 23:00:00,0.0,11.37,87.23,0.0
2023-03-26 00:00:00,0.0,12.67,87.1,0.0
2023-03-26 01:00:00,0.0,10.57,75.49,18.27
2023-03-26 02:00:00,3.81,12.24,83.29,0.0
2023-03-26 03:00:00,0.0,12.66,74.03,26.78
2023-03-26 04:00:00,0.36,11.94,86.95,0.0
2023-03-26 05:00:00,1.66,14.77,81.15,0.0
2023-03-26 06:00:00,8.16,16.0,84.67,0.0
2023-03-26 07:00:00,0.58,17.25,68.76,281.74
2023-03-26 08:00:00,0.0,18.85,78.31,188.79
2023-03-26 09:00:00,24.14,19.98,72.82,384.44
2023-03-26 10:00:00,39.02,19.76,75.53,527.4
2023-03-26 11:00:00,38.9,23.66,74.84,576.3
2023-03-26 12:00:00,33.84,18.95,70.25,585.55
2023-03-26 13:00:00,28.52,19.68,67.26,508.62
2023-03-26 14:00:00,33.06,26.18,75.16,537.79
2023-03-26 15:00:00,17.2,17.75,72.55,429.62
2023-03-26 16:00:00,19.15,16.08,70.56,282.11
2023-03-26 17:00:00,11.46,19.05,72.74,152.56
2023-03-26 18:00:00,6.36,12.14,72.54,0.0
2023-03-26 19:00:00,16.56,14.52,77.37,0.0
2023-03-26 20:00:00,2.35,18.08,85.44,61.86
2023-03-26 21:00:00,0.0,9.66,80.82,65.61
2023-03-26 22:00:00,0.0,8.0,77.28,0.0
2023-03-26 23:00:00,0.0,8.46,83.95,0.0
2023-03-27 00:00:00,0.0,13.34,75.73,0.0
2023-03-27 01:00:00,0.0,13.97,80.37,0.0
2023-03-27 02:00:00,0.0,11.19,79.0,3.21
2023-03-27 03:00:00,0.91,14.38,83.79,47.34
2023-03-27 04:00:00,0.0,16.83,72.01,0.0
2023-03-27 05:00:00,6.73,18.83,75.64,0.0
2023-03-27 06:00:00,0.0,16.05,71.7,61.83
2023-03-27 07:00:00,8.51,13.24,76.01,119.62
2023-03-27 08:00:00,14.58,17.4,80.95,212.62
2023-03-27 09:00:00,24.33,19.23,70.3,365.75
2023-03-27 10:00:00,33.61,20.36,68.68,461.15
2023-03-27 11:00:00,26.76,21.0,74.59,610.51
2023-03-27 12:00:00,29.14,23.78,75.24,597.79
2023-03-27 13:00:00,30.14,23.93,69.79,590.13
2023-03-27 14:00:00,20.58,20.53,74.66,518.66
2023-03-27 15:00:00,18.48,22.28,67.44,437.32
2023-03-27 16:00:00,13.69,19.76,81.78,241.37
2023-03-27 17:00:00,13.81,17.97,88.05,132.82
2023-03-27 18:00:00,1.58,18.36,82.5,0.0
2023-03-27 19:00:00,1.16,15.4,69.47,0.0
2023-03-27 20:00:00,5.11,18.16,77.1,34.21
2023-03-27 21:00:00,0.0,10.13,82.96,6.73
2023-03-27 22:00:00,2.34,11.19,77.79,65.57
2023-03-27 23:00:00,0.0,11.46,86.25,0.0
2023-03-28 00:00:00,1.59,12.68,82.8,25.01
2023-03-28 01:00:00,0.0,14.51,76.32,0.0
2023-03-28 02:00:00,0.0,12.42,80.02,4.71
2023-03-28 03:00:00,0.0,10.42,75.39,37.02
2023-03-28 04:00:00,8.54,15.99,78.94,0.0
2023-03-28 05:00:00,5.56,17.02,77.08,27.56
2023-03-28 06:00:00,5.79,12.92,85.73,0.0
2023-03-28 07:00:00,16.11,18.09,87.85,61.78
2023-03-28 08:00:00,17.34,16.12,67.7,307.9
2023-03-28 09:00:00,24.95,19.01,63.17,483.25
2023-03-28 10:00:00,25.4,19.33,69.97,435.26
2023-03-28 11:00:00,30.56,23.25,62.6,602.13
2023-03-28 12:00:00,37.3,22.04,70.09,562.28
2023-03-28 13:00:00,39.68,19.06,73.94,474.23
2023-03-28 14:00:00,28.27,22.89,78.67,428.49
2023-03-28 15:00:00,21.06,17.47,73.79,396.84
2023-03-28 16:00:00,16.81,19.96,73.89,259.83
2023-03-28 17:00:00,12.31,16.47,67.37,79.32
2023-03-28 18:00:00,0.0,16.07,79.99,0.0
2023-03-28 19:00:00,0.0,16.52,80.21,0.0
2023-03-28 20:00:00,0.0,15.35,83.05,9.69
2023-03-28 21:00:00,0.0,15.94,76.31,0.0
2023-03-28 22:00:00,0.0,12.31,77.68,0.0
2023-03-28 23:00:00,0.0,12.59,72.46,10.09
2023-03-29 00:00:00,0.0,11.18,68.35,52.0
2023-03-29 01:00:00,8.71,12.59,74.27,19.71
2023-03-29 02:00:00,1.96,13.61,71.96,0.0
2023-03-29 03:00:00,1.8,13.33,81.49,46.4
2023-03-29 04:00:00,3.73,10.95,77.22,0.0
2023-03-29 05:00:00,0.0,16.43,77.12,0.0
2023-03-29 06:00:00,6.23,17.79,74.89,0.0
2023-03-29 07:00:00,8.38,16.99,61.06,85.33
2023-03-29 08:00:00,21.08,16.99,82.35,263.33
2023-03-29 09:00:00,17.69,23.55,67.74,298.34
2023-03-29 10:00:00,20.22,22.37,69.09,588.07
2023-03-29 11:00:00,37.86,21.43,62.88,502.39
2023-03-29 12:00:00,36.38,19.79,74.67,647.95
2023-03-29 13:00:00,27.54,20.25,70.87,551.17
2023-03-29 14:00:00,24.33,23.99,67.02,520.7
2023-03-29 15:00:00,30.88,20.87,70.78,377.65
2023-03-29 16:00:00,9.92,18.46,83.2,294.72
2023-03-29 17:00:00,18.69,19.37,76.86,179.7
2023-03-29 18:00:00,0.0,15.43,78.9,33.23
2023-03-29 19:00:00,3.83,18.77,75.1,38.74
2023-03-29 20:00:00,0.0,17.26,70.34,0.0
2023-03-29 21:00:00,3.62,12.59,79.01,0.0
2023-03-29 22:00:00,0.0,11.47,81.44,0.0
2023-03-29 23:00:00,0.0,6.99,85.31,26.16
2023-03-30 00:00:00,0.25,9.35,68.52,54.12
2023-03-30 01:00:00,0.0,9.81,74.13,80.8
2023-03-30 02:00:00,4.44,13.25,76.86,15.26
2023-03-30 03:00:00,0.0,13.13,79.74,0.0
2023-03-30 04:00:00,0.0,12.12,79.04,0.0
2023-03-30 05:00:00,0.0,15.46,79.15,52.08
2023-03-30 06:00:00,0.0,18.33,81.8,0.0
2023-03-30 07:00:00,7.82,19.66,72.66,132.35
2023-03-30 08:00:00,31.79,16.02,79.43,277.36
2023-03-30 09:00:00,29.19,20.59,74.86,404.64
2023-03-30 10:00:00,29.87,18.88,69.5,501.62
2023-03-30 11:00:00,31.87,23.95,78.11,564.4
2023-03-30 12:00:00,34.76,23.88,77.54,456.39
2023-03-30 13:00:00,36.73,20.35,74.77,558.22
2023-03-30 14:00:00,22.9,20.11,56.01,388.35
2023-03-30 15:00:00,31.17,19.93,80.58,444.72
2023-03-30 16:00:00,21.61,15.31,78.73,260.82
2023-03-30 17:00:00,13.27,19.28,87.2,41.53
2023-03-30 18:00:00,2.63,16.77,85.95,0.0
2023-03-30 19:00:00,0.12,17.96,87.65,0.0
2023-03-30 20:00:00,4.04,12.62,84.15,59.53
2023-03-30 21:00:00,3.55,12.54,86.5,9.83
2023-03-30 22:00:00,0.0,9.97,89.73,17.22
2023-03-30 23:00:00,0.0,10.48,80.84,59.06
2023-03-31 00:00:00,0.61,10.21,71.84,0.0
2023-03-31 01:00:00,9.29,14.73,78.17,37.71
2023-03-31 02:00:00,0.0,11.84,81.65,34.19
2023-03-31 03:00:00,0.0,14.28,80.08,0.0
2023-03-31 04:00:00,0.99,14.31,73.47,73.65
2023-03-31 05:00:00,0.31,13.74,71.55,0.0
2023-03-31 06:00:00,1.04,17.23,76.0,45.87
2023-03-31 07:00:00,10.56,20.06,81.15,75.72
2023-03-31 08:00:00,16.23,17.65,82.61,322.89
2023-03-31 09:00:00,33.79,22.72,77.22,507.21
2023-03-31 10:00:00,20.83,20.2,76.33,496.54
2023-03-31 11:00:00,28.97,21.43,69.64,552.87
2023-03-31 12:00:00,34.52,23.63,60.99,616.17
2023-03-31 13:00:00,24.08,21.07,67.77,549.22
2023-03-31 14:00:00,29.38,21.97,69.75,598.1
2023-03-31 15:00:00,34.82,20.48,70.15,423.72
2023-03-31 16:00:00,17.69,20.33,74.98,276.81
2023-03-31 17:00:00,10.48,14.1,79.32,124.56
2023-03-31 18:00:00,0.0,13.91,83.97,0.0
2023-03-31 19:00:00,0.0,17.51,78.31,0.0
2023-03-31 20:00:00,0.0,17.14,70.19,0.0
2023-03-31 21:00:00,0.0,12.21,77.29,0.0
2023-03-31 22:00:00,7.69,12.75,79.92,0.0
2023-03-31 23:00:00,3.35,13.33,85.82,104.94
2023-04-01 00:00:00,0.0,14.21,76.8,0.0
2023-04-01 01:00:00,1.48,8.94,82.21,7.33
2023-04-01 02:00:00,2.99,11.72,81.09,29.63
2023-04-01 03:00:00,6.84,13.62,79.86,31.51
2023-04-01 04:00:00,9.48,16.73,84.3,0.0
2023-04-01 05:00:00,0.0,21.53,76.34,0.0
2023-04-01 06:00:00,0.0,17.37,76.77,22.58
2023-04-01 07:00:00,1.68,16.3,76.99,167.09
2023-04-01 08:00:00,16.42,21.13,71.44,284.11
2023-04-01 09:00:00,28.0,24.0,75.11,342.01
2023-04-01 10:00:00,36.8,22.37,67.42,491.12
2023-04-01 11:00:00,33.98,20.84,71.11,516.54
2023-04-01 12:00:00,33.73,24.74,69.14,560.76
2023-04-01 13:00:00,35.34,23.98,71.06,575.53
2023-04-01 14:00:00,25.86,20.1,68.68,532.45
2023-04-01 15:00:00,37.74,22.12,70.88,509.12
2023-04-01 16:00:00,8.18,22.32,75.12,270.19
2023-04-01 17:00:00,10.33,21.48,78.06,192.5
2023-04-01 18:00:00,12.14,17.69,79.62,15.3
2023-04-01 19:00:00,0.04,15.81,88.17,64.8
2023-04-01 20:00:00,0.0,17.78,74.69,28.81
2023-04-01 21:00:00,0.0,11.87,79.32,0.0
2023-04-01 22:00:00,0.0,14.37,71.77,0.0
2023-04-01 23:00:00,8.24,10.25,81.5,15.56
2023-04-02 00:00:00,0.0,15.21,74.0,0.0
2023-04-02 01:00:00,9.2,12.73,78.18,0.0
2023-04-02 02:00:00,0.0,16.28,77.71,0.0
2023-04-02 03:00:00,0.0,15.52,80.98,8.05
2023-04-02 04:00:00,0.0,13.13,76.81,75.39
2023-04-02 05:00:00,3.53,19.63,76.6,0.0
2023-04-02 06:00:00,0.0,21.18,86.75,29.51
2023-04-02 07:00:00,12.13,21.14,78.41,150.84
2023-04-02 08:00:00,30.22,19.05,71.77,236.81
2023-04-02 09:00:00,17.39,21.0,71.25,462.81
2023-04-02 10:00:00,32.45,22.7,79.14,467.09
2023-04-02 11:00:00,30.95,21.5,68.74,583.1
2023-04-02 12:00:00,38.71,26.46,66.13,585.48
2023-04-02 13:00:00,35.04,23.19,66.49,626.67
2023-04-02 14:00:00,27.46,17.0,68.17,468.92
2023-04-02 15:00:00,28.49,22.29,69.53,445.61
2023-04-02 16:00:00,28.9,19.88,68.18,259.29
2023-04-02 17:00:00,8.21,19.22,71.37,130.4
2023-04-02 18:00:00,4.32,17.34,75.43,0.0
2023-04-02 19:00:00,0.0,18.4,82.53,104.6
2023-04-02 20:00:00,0.0,17.82,77.67,27.53
2023-04-02 21:00:00,2.83,15.11,78.54,0.0
2023-04-02 22:00:00,8.9,13.07,85.93,0.0
2023-04-02 23:00:00,2.13,13.16,86.05,0.0
2023-04-03 00:00:00,0.0,13.37,78.09,35.84
2023-04-03 01:00:00,0.0,11.89,76.35,0.0
2023-04-03 02:00:00,0.0,15.16,75.18,0.0
2023-04-03 03:00:00,3.63,15.71,82.97,88.53
2023-04-03 04:00:00,5.29,18.91,78.48,0.0
2023-04-03 05:00:00,0.0,19.55,77.57,4.02
2023-04-03 06:00:00,0.0,16.96,75.43,110.17
2023-04-03 07:00:00,11.08,21.26,73.06,189.74
2023-04-03 08:00:00,15.71,18.93,76.1,311.78
2023-04-03 09:00:00,25.52,23.26,65.85,457.35
2023-04-03 10:00:00,44.34,21.63,75.82,509.06
2023-04-03 11:00:00,33.93,21.11,67.17,655.12
2023-04-03 12:00:00,34.51,23.89,68.75,590.99
2023-04-03 13:00:00,31.52,17.81,63.16,492.18
2023-04-03 14:00:00,36.21,19.16,70.78,509.54
2023-04-03 15:00:00,24.83,21.51,70.79,383.68
2023-04-03 16:00:00,14.43,20.99,74.25,291.42
2023-04-03 17:00:00,17.42,18.88,84.27,145.17
2023-04-03 18:00:00,8.52,15.17,80.39,59.87
2023-04-03 19:00:00,0.0,15.4,75.53,34.76
2023-04-03 20:00:00,0.0,16.61,75.94,13.16
2023-04-03 21:00:00,6.05,15.96,82.48,0.0
2023-04-03 22:00:00,0.0,13.97,85.99,0.0
2023-04-03 23:00:00,4.74,15.81,80.91,0.0
2023-04-04 00:00:00,0.0,14.37,82.87,5.66
2023-04-04 01:00:00,5.36,12.26,82.47,39.73
2023-04-04 02:00:00,0.0,13.69,86.52,0.0
2023-04-04 03:00:00,4.38,12.24,69.67,0.0
2023-04-04 04:00:00,0.09,15.86,82.76,23.23
2023-04-04 05:00:00,0.0,19.51,84.34,0.0
2023-04-04 06:00:00,0.0,19.95,72.73,84.29
2023-04-04 07:00:00,13.74,22.68,72.41,221.93
2023-04-04 08:00:00,19.22,20.47,70.17,357.64
2023-04-04 09:00:00,29.78,24.81,68.71,475.82
2023-04-04 10:00:00,44.04,22.52,68.35,471.85
2023-04-04 11:00:00,26.51,26.35,70.98,631.38
2023-04-04 12:00:00,46.86,23.54,73.75,638.15
2023-04-04 13:00:00,36.52,24.82,75.17,628.55
2023-04-04 14:00:00,26.79,25.86,66.57,560.99
2023-04-04 15:00:00,18.29,21.73,68.13,460.58
2023-04-04 16:00:00,17.45,21.52,81.0,444.71
2023-04-04 17:00:00,15.15,22.45,80.07,156.49
2023-04-04 18:00:00,0.0,18.31,79.84,46.82
2023-04-04 19:00:00,9.07,14.64,81.79,0.0
2023-04-04 20:00:00,0.0,20.37,79.27,39.53
2023-04-04 21:00:00,0.0,14.11,82.04,46.97
2023-04-04 22:00:00,0.0,14.57,77.74,18.22
2023-04-04 23:00:00,2.18,16.06,80.77,83.46
2023-04-05 00:00:00,5.32,12.61,71.78,0.0
2023-04-05 01:00:00,0.0,11.98,75.9,0.0
2023-04-05 02:00:00,0.0,15.01,75.95,10.62
2023-04-05 03:00:00,1.19,11.71,77.47,44.04
2023-04-05 04:00:00,2.62,15.75,74.7,8.97
2023-04-05 05:00:00,2.43,18.03,76.67,64.29
2023-04-05 06:00:00,7.41,18.29,71.76,0.0
2023-04-05 07:00:00,3.32,17.04,79.49,105.43
2023-04-05 08:00:00,22.91,24.52,73.92,329.24
2023-04-05 09:00:00,33.79,22.57,63.74,439.98
2023-04-05 10:00:00,21.94,26.02,66.5,570.73
2023-04-05 11:00:00,38.3,23.14,71.36,604.92
2023-04-05 12:00:00,34.64,22.07,66.62,610.68
2023-04-05 13:00:00,35.89,24.2,66.19,602.54
2023-04-05 14:00:00,34.7,22.73,70.3,545.03
2023-04-05 15:00:00,23.71,20.01,73.98,428.59
2023-04-05 16:00:00,14.78,24.27,67.16,303.68
2023-04-05 17:00:00,9.95,18.88,79.5,142.28
2023-04-05 18:00:00,0.0,15.15,75.34,42.83
2023-04-05 19:00:00,0.0,20.19,79.25,9.7
2023-04-05 20:00:00,4.08,15.32,79.16,112.84
2023-04-05 21:00:00,0.0,14.08,76.7,8.04
2023-04-05 22:00:00,4.0,10.97,74.22,0.0
2023-04-05 23:00:00,2.78,17.48,77.91,133.53
2023-04-06 00:00:00,0.0,11.5,87.37,20.68
2023-04-06 01:00:00,0.0,14.37,72.44,49.51
2023-04-06 02:00:00,7.16,16.57,87.71,29.61
2023-04-06 03:00:00,0.0,16.39,77.95,31.15
2023-04-06 04:00:00,0.0,16.46,79.42,26.78
2023-04-06 05:00:00,2.77,14.38,73.81,0.0
2023-04-06 06:00:00,4.7,17.46,75.39,18.38
2023-04-06 07:00:00,8.37,20.75,74.14,98.36
2023-04-06 08:00:00,15.49,20.01,69.02,309.27
2023-04-06 09:00:00,35.52,23.02,71.13,413.42
2023-04-06 10:00:00,43.48,24.77,68.55,568.65
2023-04-06 11:00:00,42.73,25.83,78.84,631.01
2023-04-06 12:00:00,38.67,21.63,63.42,660.04
2023-04-06 13:00:00,32.01,28.3,70.1,628.67
2023-04-06 14:00:00,28.06,24.94,71.83,520.43
2023-04-06 15:00:00,30.12,22.61,66.82,436.65
2023-04-06 16:00:00,21.59,23.76,77.68,364.01
2023-04-06 17:00:00,18.29,25.1,74.67,218.0
2023-04-06 18:00:00,3.9,16.2,66.78,0.0
2023-04-06 19:00:00,0.0,17.33,82.55,0.0
2023-04-06 20:00:00,6.31,11.82,73.66,0.0
2023-04-06 21:00:00,0.0,15.93,74.01,52.26
2023-04-06 22:00:00,0.0,15.48,82.69,60.74
2023-04-06 23:00:00,1.5,14.17,77.51,0.0
2023-04-07 00:00:00,11.97,13.02,83.74,15.37
2023-04-07 01:00:00,18.66,10.4,85.2,91.72
2023-04-07 02:00:00,3.64,15.74,75.93,20.77
2023-04-07 03:00:00,0.0,18.7,83.12,71.08
2023-04-07 04:00:00,3.21,15.65,75.37,49.94
2023-04-07 05:00:00,5.33,18.91,90.32,0.0
2023-04-07 06:00:00,0.0,16.19,75.68,0.0
2023-04-07 07:00:00,20.78,21.54,81.69,168.48
2023-04-07 08:00:00,20.71,21.04,78.37,327.33
2023-04-07 09:00:00,30.32,21.34,73.66,501.36
2023-04-07 10:00:00,37.47,22.14,67.14,578.36
2023-04-07 11:00:00,39.87,23.37,68.73,475.48
2023-04-07 12:00:00,43.69,25.09,58.38,578.6
2023-04-07 13:00:00,33.63,21.53,70.61,512.92
2023-04-07 14:00:00,30.13,22.86,72.24,566.7
2023-04-07 15:00:00,20.73,22.78,72.75,467.57
2023-04-07 16:00:00,21.96,19.63,59.28,336.28
2023-04-07 17:00:00,14.68,24.21,70.23,118.8
2023-04-07 18:00:00,2.75,17.62,75.41,33.71
2023-04-07 19:00:00,10.05,16.69,80.61,35.81
2023-04-07 20:00:00,0.0,14.87,80.6,0.0
2023-04-07 21:00:00,4.01,19.39,78.3,0.0
2023-04-07 22:00:00,0.0,16.1,82.33,0.0
2023-04-07 23:00:00,0.0,12.62,74.02,89.59
2023-04-08 00:00:00,4.17,16.79,82.1,84.99
2023-04-08 01:00:00,5.09,15.15,81.42,28.17
2023-04-08 02:00:00,0.0,15.76,80.94,0.0
2023-04-08 03:00:00,0.0,15.35,78.14,44.34
2023-04-08 04:00:00,0.0,15.57,88.2,0.0
2023-04-08 05:00:00,0.0,18.96,81.51,0.0
2023-04-08 06:00:00,5.34,18.48,74.21,0.0
2023-04-08 07:00:00,13.58,24.5,77.7,173.99
2023-04-08 08:00:00,22.58,19.54,77.81,294.74
2023-04-08 09:00:00,27.98,26.18,69.04,466.18
2023-04-08 10:00:00,33.95,23.68,75.83,450.08
2023-04-08 11:00:00,33.85,25.0,71.3,638.72
2023-04-08 12:00:00,43.34,26.24,57.34,530.9
2023-04-08 13:00:00,40.34,23.14,70.89,684.63
2023-04-08 14:00:00,36.85,25.63,68.36,591.14
2023-04-08 15:00:00,24.53,17.69,74.66,447.43
2023-04-08 16:00:00,6.65,20.63,78.77,354.37
2023-04-08 17:00:00,16.72,19.02,77.44,119.97
2023-04-08 18:00:00,0.0,17.07,87.37,3.62
2023-04-08 19:00:00,0.0,17.85,78.15,39.74
2023-04-08 20:00:00,4.16,17.85,82.17,0.0
2023-04-08 21:00:00,0.0,17.44,83.07,0.0
2023-04-08 22:00:00,6.36,15.73,78.56,0.0
2023-04-08 23:00:00,3.7,13.41,82.94,0.0
2023-04-09 00:00:00,4.1,15.56,75.97,72.86
2023-04-09 01:00:00,0.0,15.24,76.83,0.0
2023-04-09 02:00:00,7.27,17.36,72.38,0.0
2023-04-09 03:00:00,1.57,17.84,80.15,0.0
2023-04-09 04:00:00,0.0,17.38,80.57,75.51
2023-04-09 05:00:00,0.86,16.73,84.84,0.0
2023-04-09 06:00:00,0.0,18.51,82.9,0.0
2023-04-09 07:00:00,12.71,20.01,74.93,168.36
2023-04-09 08:00:00,13.64,21.69,68.05,362.13
2023-04-09 09:00:00,19.91,23.89,74.03,484.51
2023-04-09 10:00:00,25.19,25.58,75.83,704.52
2023-04-09 11:00:00,44.96,24.55,73.06,660.82
2023-04-09 12:00:00,35.86,24.85,74.36,637.37
2023-04-09 13:00:00,47.49,24.94,68.22,610.06
2023-04-09 14:00:00,31.11,23.12,67.95,552.49
2023-04-09 15:00:00,17.78,21.5,68.18,392.05
2023-04-09 16:00:00,13.12,18.81,73.66,332.31
2023-04-09 17:00:00,17.67,19.72,75.96,210.16
2023-04-09 18:00:00,0.0,20.77,79.97,0.0
2023-04-09 19:00:00,0.0,17.12,78.29,0.0
2023-04-09 20:00:00,0.96,16.84,78.27,75.8
2023-04-09 21:00:00,3.01,17.22,75.06,0.0
2023-04-09 22:00:00,6.7,16.53,83.65,0.0
2023-04-09 23:00:00,8.69,12.83,79.32,0.0
2023-04-10 00:00:00,0.0,17.06,77.95,0.0
2023-04-10 01:00:00,0.0,17.49,75.09,19.31
2023-04-10 02:00:00,0.0,13.47,72.17,0.0
2023-04-10 03:00:00,1.56,14.88,85.37,0.0
2023-04-10 04:00:00,0.0,19.95,81.6,57.65
2023-04-10 05:00:00,0.0,18.48,70.71,0.0
2023-04-10 06:00:00,2.06,15.62,82.64,38.75
2023-04-10 07:00:00,10.09,18.56,80.85,248.65
2023-04-10 08:00:00,20.26,22.06,74.45,311.6
2023-04-10 09:00:00,23.82,21.27,79.75,509.74
2023-04-10 10:00:00,33.37,23.57,71.25,567.07
2023-04-10 11:00:00,33.21,24.96,62.08,692.18
2023-04-10 12:00:00,45.47,27.99,70.65,590.19
2023-04-10 13:00:00,44.97,24.31,70.39,563.7
2023-04-10 14:00:00,23.67,26.54,67.15,559.6
2023-04-10 15:00:00,22.8,26.46,74.62,428.44
2023-04-10 16:00:00,11.08,25.43,65.49,308.55
2023-04-10 17:00:00,6.49,21.93,81.19,162.11
2023-04-10 18:00:00,0.0,16.14,74.44,36.0
2023-04-10 19:00:00,0.0,19.69,73.9,0.0
2023-04-10 20:00:00,0.0,19.66,78.26,0.0
2023-04-10 21:00:00,0.0,16.37,80.99,0.0
2023-04-10 22:00:00,1.24,19.22,79.65,0.0
2023-04-10 23:00:00,0.42,16.95,75.11,0.0
2023-04-11 00:00:00,0.0,16.44,76.18,0.0
2023-04-11 01:00:00,1.06,17.65,73.04,3.47
2023-04-11 02:00:00,0.0,16.64,77.58,0.0
2023-04-11 03:00:00,0.0,11.78,84.08,48.31
2023-04-11 04:00:00,10.04,16.81,78.69,0.0
2023-04-11 05:00:00,8.04,21.41,83.0,0.0
2023-04-11 06:00:00,0.0,18.69,85.98,90.65
2023-04-11 07:00:00,15.49,21.15,73.18,128.2
2023-04-11 08:00:00,25.17,20.72,72.77,326.59
2023-04-11 09:00:00,21.83,27.41,82.49,417.8
2023-04-11 10:00:00,40.08,28.0,77.27,518.74
2023-04-11 11:00:00,48.45,23.37,60.69,731.14
2023-04-11 12:00:00,33.88,25.6,70.64,685.39
2023-04-11 13:00:00,33.72,23.77,69.05,660.46
2023-04-11 14:00:00,41.28,25.87,74.18,501.34
2023-04-11 15:00:00,30.34,24.86,67.91,496.53
2023-04-11 16:00:00,23.61,24.43,69.51,396.29
2023-04-11 17:00:00,12.55,22.26,72.74,232.65
2023-04-11 18:00:00,2.34,26.18,75.85,33.42
2023-04-11 19:00:00,0.0,16.96,82.78,0.0
2023-04-11 20:00:00,6.28,14.38,72.8,15.66
2023-04-11 21:00:00,7.02,15.98,75.59,33.38
2023-04-11 22:00:00,0.0,12.84,69.76,0.0
2023-04-11 23:00:00,0.0,12.49,83.74,0.0
2023-04-12 00:00:00,0.0,13.54,84.94,44.41
2023-04-12 01:00:00,3.09,13.87,76.95,43.8
2023-04-12 02:00:00,3.43,14.31,77.09,0.0
2023-04-12 03:00:00,0.0,18.05,80.85,39.75
2023-04-12 04:00:00,6.75,17.03,85.96,4.77
2023-04-12 05:00:00,0.0,18.89,80.63,39.05
2023-04-12 06:00:00,3.39,22.33,75.1,0.0
2023-04-12 07:00:00,4.52,20.31,67.9,209.51
2023-04-12 08:00:00,20.4,22.52,68.01,384.62
2023-04-12 09:00:00,28.01,24.81,71.88,466.7
2023-04-12 10:00:00,36.94,20.99,66.65,594.0
2023-04-12 11:00:00,37.47,20.61,69.9,629.1
2023-04-12 12:00:00,40.3,26.24,65.82,767.44
2023-04-12 13:00:00,44.65,26.36,63.63,655.51
2023-04-12 14:00:00,32.97,29.0,64.04,547.01
2023-04-12 15:00:00,19.42,24.4,79.32,448.48
2023-04-12 16:00:00,31.04,24.69,78.03,348.77
2023-04-12 17:00:00,18.92,21.45,84.65,214.92
2023-04-12 18:00:00,0.0,21.14,81.28,0.0
2023-04-12 19:00:00,4.14,22.59,76.43,92.38
2023-04-12 20:00:00,0.0,13.8,85.2,15.43
2023-04-12 21:00:00,1.58,17.84,78.42,23.32
2023-04-12 22:00:00,1.77,20.49,79.69,0.0
2023-04-12 23:00:00,0.0,16.28,78.37,0.96
2023-04-13 00:00:00,0.0,19.09,63.72,0.0
2023-04-13 01:00:00,0.0,14.7,86.48,50.89
2023-04-13 02:00:00,0.0,16.39,80.91,0.0
2023-04-13 03:00:00,0.0,17.32,80.1,38.35
2023-04-13 04:00:00,0.0,13.85,78.14,0.0
2023-04-13 05:00:00,0.0,17.15,79.27,9.78
2023-04-13 06:00:00,4.09,18.59,75.47,0.0
2023-04-13 07:00:00,19.68,23.72,78.95,240.14
2023-04-13 08:00:00,17.3,25.03,66.92,304.73
2023-04-13 09:00:00,30.83,24.97,72.31,473.66
2023-04-13 10:00:00,39.0,26.76,72.6,584.26
2023-04-13 11:00:00,42.99,25.29,67.8,651.53
2023-04-13 12:00:00,42.03,28.19,70.31,728.96
2023-04-13 13:00:00,44.61,25.63,63.84,653.39
2023-04-13 14:00:00,38.89,25.23,64.96,669.71
2023-04-13 15:00:00,21.97,23.79,72.57,448.98
2023-04-13 16:00:00,26.0,24.65,76.85,354.88
2023-04-13 17:00:00,16.08,21.24,66.49,140.53
2023-04-13 18:00:00,0.0,22.74,81.06,21.05
2023-04-13 19:00:00,0.23,17.23,75.74,0.0
2023-04-13 20:00:00,4.1,16.09,77.49,0.0
2023-04-13 21:00:00,0.0,18.62,71.76,59.42
2023-04-13 22:00:00,6.44,16.28,74.19,0.0
2023-04-13 23:00:00,14.18,15.05,83.28,29.33
2023-04-14 00:00:00,0.0,17.8,78.48,0.0
2023-04-14 01:00:00,0.0,14.98,76.4,5.63
2023-04-14 02:00:00,1.82,16.29,77.73,0.0
2023-04-14 03:00:00,4.33,20.29,80.76,0.0
2023-04-14 04:00:00,0.0,21.6,80.52,0.0
2023-04-14 05:00:00,8.72,22.87,77.94,90.73
2023-04-14 06:00:00,0.0,20.46,83.78,5.04
2023-04-14 07:00:00,15.04,24.78,80.58,264.1
2023-04-14 08:00:00,17.39,21.62,75.38,361.39
2023-04-14 09:00:00,40.05,22.74,71.52,476.15
2023-04-14 10:00:00,48.37,20.65,72.94,683.83
2023-04-14 11:00:00,36.01,29.2,70.23,698.72
2023-04-14 12:00:00,38.75,24.29,73.62,668.61
2023-04-14 13:00:00,45.77,25.6,73.16,700.4
2023-04-14 14:00:00,34.09,23.53,64.57,592.23
2023-04-14 15:00:00,29.46,25.95,65.82,396.05
2023-04-14 16:00:00,21.17,22.77,69.81,397.17
2023-04-14 17:00:00,0.0,19.71,80.61,236.11
2023-04-14 18:00:00,0.0,21.91,70.44,91.9
2023-04-14 19:00:00,0.0,16.86,80.29,21.11
2023-04-14 20:00:00,0.0,16.85,80.13,0.0
2023-04-14 21:00:00,8.66,13.27,84.13,41.75
2023-04-14 22:00:00,0.0,13.84,79.22,42.49
2023-04-14 23:00:00,4.88,16.55,71.6,81.91
2023-04-15 00:00:00,0.0,12.33,73.38,0.0
2023-04-15 01:00:00,0.0,13.47,72.27,0.0
2023-04-15 02:00:00,4.74,16.92,75.49,0.0
2023-04-15 03:00:00,2.04,16.64,77.26,26.87
2023-04-15 04:00:00,3.42,22.74,72.35,0.0
2023-04-15 05:00:00,5.81,23.63,85.53,38.8
2023-04-15 06:00:00,0.0,19.52,71.55,29.39
2023-04-15 07:00:00,7.33,23.67,82.32,212.65
2023-04-15 08:00:00,14.75,25.26,79.1,361.21
2023-04-15 09:00:00,25.11,23.6,75.6,577.7
2023-04-15 10:00:00,54.51,22.6,66.05,657.26
2023-04-15 11:00:00,48.54,26.06,70.23,654.1
2023-04-15 12:00:00,34.41,25.91,61.79,679.14
2023-04-15 13:00:00,33.13,25.22,73.07,640.47
2023-04-15 14:00:00,39.71,26.47,69.15,641.23
2023-04-15 15:00:00,33.35,23.29,69.06,451.05
2023-04-15 16:00:00,24.55,21.45,67.06,408.47
2023-04-15 17:00:00,9.47,22.77,63.2,249.55
2023-04-15 18:00:00,0.0,22.03,72.98,0.0
2023-04-15 19:00:00,1.97,17.61,83.74,0.0
2023-04-15 20:00:00,0.52,20.61,76.16,0.83
2023-04-15 21:00:00,0.0,14.18,77.33,44.2
2023-04-15 22:00:00,0.0,15.77,81.45,80.47
2023-04-15 23:00:00,0.0,15.91,87.2,0.0
2023-04-16 00:00:00,1.05,15.22,84.66,0.0
2023-04-16 01:00:00,17.91,15.53,73.17,0.0
2023-04-16 02:00:00,2.2,20.9,68.32,0.0
2023-04-16 03:00:00,0.0,16.25,89.83,0.0
2023-04-16 04:00:00,5.53,23.87,89.37,21.39
2023-04-16 05:00:00,2.9,21.07,78.97,0.0
2023-04-16 06:00:00,2.52,21.68,71.68,0.0
2023-04-16 07:00:00,14.77,23.74,80.26,329.12
2023-04-16 08:00:00,33.83,29.05,72.49,371.5
2023-04-16 09:00:00,23.61,23.04,70.39,512.15
2023-04-16 10:00:00,40.07,23.58,73.84,565.51
2023-04-16 11:00:00,35.96,24.81,70.04,705.01
2023-04-16 12:00:00,46.32,26.56,62.1,708.18
2023-04-16 13:00:00,36.01,22.87,66.75,597.55
2023-04-16 14:00:00,34.72,25.87,72.68,566.9
2023-04-16 15:00:00,28.62,28.41,73.51,546.31
2023-04-16 16:00:00,27.35,24.29,74.34,455.39
2023-04-16 17:00:00,16.64,22.2,80.11,203.77
2023-04-16 18:00:00,0.0,20.26,76.22,55.15
2023-04-16 19:00:00,0.33,21.99,78.92,0.0
2023-04-16 20:00:00,0.0,17.34,61.15,0.0
2023-04-16 21:00:00,0.0,21.65,75.78,54.55
2023-04-16 22:00:00,0.0,21.03,81.85,83.14
2023-04-16 23:00:00,0.0,17.18,76.08,65.05
2023-04-17 00:00:00,14.56,16.7,75.55,0.0
2023-04-17 01:00:00,2.6,18.96,72.67,0.0
2023-04-17 02:00:00,0.0,19.58,82.9,13.88
2023-04-17 03:00:00,0.0,16.58,80.62,0.0
2023-04-17 04:00:00,6.13,18.17,82.01,19.39
2023-04-17 05:00:00,12.53,17.78,69.25,41.03
2023-04-17 06:00:00,0.0,22.54,77.08,50.14
2023-04-17 07:00:00,0.0,24.35,73.89,271.71
2023-04-17 08:00:00,32.95,21.52,71.48,345.59
2023-04-17 09:00:00,33.06,24.35,67.73,443.82
2023-04-17 10:00:00,32.42,23.36,67.49,645.01
2023-04-17 11:00:00,45.17,24.76,72.47,793.63
2023-04-17 12:00:00,27.63,27.83,58.31,700.27
2023-04-17 13:00:00,41.99,25.09,77.11,733.78
2023-04-17 14:00:00,39.59,25.45,71.64,661.89
2023-04-17 15:00:00,36.27,22.0,70.6,521.6
2023-04-17 16:00:00,15.64,24.6,77.41,362.4
2023-04-17 17:00:00,11.76,22.93,68.03,141.24
2023-04-17 18:00:00,0.0,20.27,74.55,0.0
2023-04-17 19:00:00,1.53,20.05,77.27,0.0
2023-04-17 20:00:00,0.0,19.58,84.71,0.0
2023-04-17 21:00:00,0.0,16.56,77.65,54.87
2023-04-17 22:00:00,0.0,14.44,80.13,0.0
2023-04-17 23:00:00,3.91,20.5,74.93,0.0
2023-04-18 00:00:00,5.15,15.69,80.16,0.0
2023-04-18 01:00:00,0.0,16.93,86.11,32.84
2023-04-18 02:00:00,0.23,19.64,82.7,67.92
2023-04-18 03:00:00,0.0,25.48,77.31,53.17
2023-04-18 04:00:00,0.0,16.96,81.1,30.31
2023-04-18 05:00:00,0.0,21.56,80.61,0.0
2023-04-18 06:00:00,15.72,20.54,80.25,0.0
2023-04-18 07:00:00,4.69,22.17,80.69,286.76
2023-04-18 08:00:00,30.74,23.01,78.24,421.99
2023-04-18 09:00:00,37.03,23.24,70.01,440.57
2023-04-18 10:00:00,39.71,26.2,72.27,630.96
2023-04-18 11:00:00,52.96,23.83,66.15,725.0
2023-04-18 12:00:00,46.14,28.85,63.11,693.67
2023-04-18 13:00:00,44.75,26.89,66.71,591.38
2023-04-18 14:00:00,37.71,27.13,68.68,638.68
2023-04-18 15:00:00,38.39,24.56,62.34,478.06
2023-04-18 16:00:00,28.53,23.72,77.02,326.7
2023-04-18 17:00:00,7.61,23.82,61.3,171.66
2023-04-18 18:00:00,0.0,19.63,91.3,0.0
2023-04-18 19:00:00,0.0,19.94,85.23,0.0
2023-04-18 20:00:00,0.0,17.73,76.42,0.0
2023-04-18 21:00:00,0.0,16.64,77.77,0.0
2023-04-18 22:00:00,7.42,13.4,79.24,0.0
2023-04-18 23:00:00,0.0,19.8,74.78,15.55
2023-04-19 00:00:00,0.0,15.81,78.52,0.0
2023-04-19 01:00:00,0.35,19.68,76.84,0.0
2023-04-19 02:00:00,5.09,19.99,77.09,45.96
2023-04-19 03:00:00,0.0,16.07,78.47,0.0
2023-04-19 04:00:00,0.0,17.5,70.99,35.82
2023-04-19 05:00:00,1.27,26.01,77.76,57.79
2023-04-19 06:00:00,7.2,25.68,78.38,0.0
2023-04-19 07:00:00,8.53,23.41,75.62,183.79
2023-04-19 08:00:00,10.92,25.2,71.48,225.89
2023-04-19 09:00:00,35.09,24.45,76.18,516.9
2023-04-19 10:00:00,34.61,27.38,67.13,639.95
2023-04-19 11:00:00,35.71,25.58,69.04,590.05
2023-04-19 12:00:00,40.62,23.12,74.05,835.61
2023-04-19 13:00:00,41.74,24.37,67.5,728.47
2023-04-19 14:00:00,34.79,26.55,69.97,597.86
2023-04-19 15:00:00,18.14,23.45,70.01,596.08
2023-04-19 16:00:00,27.56,24.55,78.75,279.9
2023-04-19 17:00:00,19.13,21.33,73.68,129.9
2023-04-19 18:00:00,3.91,20.62,83.98,0.0
2023-04-19 19:00:00,0.0,22.59,77.04,90.05
2023-04-19 20:00:00,0.0,20.18,73.26,16.62
2023-04-19 21:00:00,0.0,18.63,80.96,32.97
2023-04-19 22:00:00,3.59,19.61,76.04,15.05
2023-04-19 23:00:00,4.01,18.31,80.66,28.69
2023-04-20 00:00:00,0.0,20.3,63.74,3.9
2023-04-20 01:00:00,0.49,16.66,77.42,13.55
2023-04-20 02:00:00,2.74,17.22,75.09,5.38
2023-04-20 03:00:00,8.73,16.27,72.08,0.0
2023-04-20 04:00:00,4.23,19.05,74.63,0.0
2023-04-20 05:00:00,4.73,23.04,74.52,13.68
2023-04-20 06:00:00,0.5,25.01,77.15,5.53
2023-04-20 07:00:00,20.06,25.62,67.97,119.42
2023-04-20 08:00:00,24.87,21.32,73.97,306.19
2023-04-20 09:00:00,26.52,28.11,77.15,582.27
2023-04-20 10:00:00,47.23,23.06,70.14,631.47
2023-04-20 11:00:00,47.47,29.03,71.78,750.67
2023-04-20 12:00:00,42.16,26.67,72.86,692.28
2023-04-20 13:00:00,40.41,28.64,73.91,647.78
2023-04-20 14:00:00,40.59,24.07,78.08,604.64
2023-04-20 15:00:00,34.47,28.28,67.82,517.0
2023-04-20 16:00:00,23.59,21.98,68.8,340.19
2023-04-20 17:00:00,13.47,22.36,78.72,258.01
2023-04-20 18:00:00,10.2,20.41,80.93,8.98
2023-04-20 19:00:00,6.43,17.6,81.27,92.45
2023-04-20 20:00:00,1.14,20.1,86.84,20.22
2023-04-20 21:00:00,5.65,22.48,77.45,0.0
2023-04-20 22:00:00,0.0,23.41,79.52,52.8
2023-04-20 23:00:00,2.39,17.77,72.49,0.0
2023-04-21 00:00:00,10.86,19.86,87.9,11.53
2023-04-21 01:00:00,0.0,18.26,75.54,0.0
2023-04-21 02:00:00,0.0,19.3,75.68,107.14
2023-04-21 03:00:00,0.0,18.41,75.49,71.98
2023-04-21 04:00:00,0.0,20.52,73.99,0.0
2023-04-21 05:00:00,0.0,22.41,73.57,0.0
2023-04-21 06:00:00,0.0,21.47,74.6,12.23
2023-04-21 07:00:00,3.28,23.77,67.8,238.41
2023-04-21 08:00:00,22.72,25.01,68.29,378.63
2023-04-21 09:00:00,37.42,27.82,79.89,482.15
2023-04-21 10:00:00,33.75,24.83,72.24,617.4
2023-04-21 11:00:00,52.83,27.36,72.19,728.41
2023-04-21 12:00:00,48.32,31.45,73.11,816.06
2023-04-21 13:00:00,49.9,29.79,76.73,750.02
2023-04-21 14:00:00,35.25,29.66,59.7,614.6
2023-04-21 15:00:00,37.13,26.21,64.0,565.81
2023-04-21 16:00:00,16.08,25.77,68.2,357.82
2023-04-21 17:00:00,17.06,25.93,72.28,239.76
2023-04-21 18:00:00,1.03,25.75,75.72,126.35
2023-04-21 19:00:00,3.32,17.43,74.98,0.0
2023-04-21 20:00:00,0.0,17.5,78.32,40.08
2023-04-21 21:00:00,0.0,21.71,77.4,0.0
2023-04-21 22:00:00,3.58,17.75,73.61,0.0
2023-04-21 23:00:00,0.0,16.46,66.34,1.48
2023-04-22 00:00:00,2.78,15.34,72.08,0.0
2023-04-22 01:00:00,0.0,16.91,74.3,123.15
2023-04-22 02:00:00,5.09,15.72,75.81,0.0
2023-04-22 03:00:00,0.0,23.5,71.39,29.34
2023-04-22 04:00:00,3.31,20.31,74.59,0.0
2023-04-22 05:00:00,3.75,21.44,71.39,21.6
2023-04-22 06:00:00,0.0,24.03,76.41,57.1
2023-04-22 07:00:00,15.32,26.07,69.09,170.76
2023-04-22 08:00:00,24.41,27.24,67.8,255.34
2023-04-22 09:00:00,29.08,28.53,63.43,536.68
2023-04-22 10:00:00,33.53,25.92,67.61,660.52
2023-04-22 11:00:00,32.37,27.09,63.05,771.96
2023-04-22 12:00:00,47.8,29.39,71.58,862.25
2023-04-22 13:00:00,34.76,26.63,69.41,716.75
2023-04-22 14:00:00,40.15,27.17,68.03,616.84
2023-04-22 15:00:00,30.74,27.18,65.98,480.26
2023-04-22 16:00:00,26.93,26.92,73.94,390.76
2023-04-22 17:00:00,10.02,20.59,77.91,221.11
2023-04-22 18:00:00,0.0,24.28,77.75,0.0
2023-04-22 19:00:00,4.39,21.09,85.06,38.93
2023-04-22 20:00:00,2.01,21.77,79.34,23.27
2023-04-22 21:00:00,1.9,20.87,81.61,2.16
2023-04-22 22:00:00,2.82,21.74,77.71,0.0
2023-04-22 23:00:00,0.0,20.73,80.42,0.0
2023-04-23 00:00:00,4.54,20.76,72.87,0.0
2023-04-23 01:00:00,3.67,21.13,74.57,11.79
2023-04-23 02:00:00,0.0,19.32,78.61,1.32
2023-04-23 03:00:00,0.0,19.6,78.57,9.42
2023-04-23 04:00:00,0.0,22.32,79.4,25.22
2023-04-23 05:00:00,0.0,23.24,82.36,19.29
2023-04-23 06:00:00,2.0,22.45,69.73,0.0
2023-04-23 07:00:00,20.53,25.17,69.4,201.47
2023-04-23 08:00:00,29.56,25.5,73.01,314.29
2023-04-23 09:00:00,24.75,24.9,66.17,514.58
2023-04-23 10:00:00,43.69,29.98,85.09,668.5
2023-04-23 11:00:00,52.54,28.01,69.78,706.01
2023-04-23 12:00:00,48.46,32.17,66.47,812.01
2023-04-23 13:00:00,51.11,24.65,64.62,709.87
2023-04-23 14:00:00,52.03,26.29,65.8,676.79
2023-04-23 15:00:00,38.77,26.67,69.94,549.6
2023-04-23 16:00:00,24.57,27.84,72.42,421.82
2023-04-23 17:00:00,18.21,25.16,71.99,244.07
2023-04-23 18:00:00,0.87,23.69,75.49,34.7
2023-04-23 19:00:00,0.14,19.52,83.58,0.0
2023-04-23 20:00:00,0.0,18.26,83.78,59.71
2023-04-23 21:00:00,9.38,20.18,78.12,76.37
2023-04-23 22:00:00,0.0,16.01,70.15,0.0
2023-04-23 23:00:00,9.19,17.18,79.55,11.83
2023-04-24 00:00:00,3.0,19.29,84.44,0.0
2023-04-24 01:00:00,0.0,16.49,83.52,0.0
2023-04-24 02:00:00,2.21,22.17,80.34,0.0
2023-04-24 03:00:00,0.0,22.2,83.78,0.0
2023-04-24 04:00:00,3.75,17.64,76.94,0.0
2023-04-24 05:00:00,5.31,20.13,79.81,0.0
2023-04-24 06:00:00,0.0,18.71,73.27,0.0
2023-04-24 07:00:00,12.8,23.02,75.54,200.35
2023-04-24 08:00:00,35.01,27.32,78.32,349.6
2023-04-24 09:00:00,29.9,25.99,66.65,576.04
2023-04-24 10:00:00,33.98,28.54,63.7,706.31
2023-04-24 11:00:00,53.88,25.07,67.5,868.79
2023-04-24 12:00:00,58.35,29.88,65.54,832.5
2023-04-24 13:00:00,45.01,27.01,70.26,761.92
2023-04-24 14:00:00,46.4,27.64,65.74,641.21
2023-04-24 15:00:00,40.98,26.64,78.19,563.56
2023-04-24 16:00:00,18.83,23.24,65.22,404.44
2023-04-24 17:00:00,9.14,22.27,80.35,175.23
2023-04-24 18:00:00,7.39,25.22,72.85,39.19
2023-04-24 19:00:00,10.11,22.79,67.69,0.0
2023-04-24 20:00:00,3.38,22.89,77.86,0.0
2023-04-24 21:00:00,0.0,20.4,75.4,27.79
2023-04-24 22:00:00,11.92,19.24,71.12,0.0
2023-04-24 23:00:00,0.0,15.0,68.26,0.0
2023-04-25 00:00:00,0.0,17.96,76.44,0.0
2023-04-25 01:00:00,2.05,18.62,81.36,0.0
2023-04-25 02:00:00,9.32,23.08,79.4,58.7
2023-04-25 03:00:00,5.12,21.34,76.76,0.0
2023-04-25 04:00:00,2.49,24.07,78.87,15.91
2023-04-25 05:00:00,2.78,23.4,76.34,20.68
2023-04-25 06:00:00,0.26,22.08,69.33,0.0
2023-04-25 07:00:00,15.51,25.03,66.79,206.4
2023-04-25 08:00:00,8.32,26.47,70.46,346.19
2023-04-25 09:00:00,31.46,25.16,68.6,623.46
2023-04-25 10:00:00,42.15,27.06,72.07,621.46
2023-04-25 11:00:00,38.49,27.92,70.61,723.96
2023-04-25 12:00:00,49.32,31.71,69.5,722.14
2023-04-25 13:00:00,44.17,24.17,65.42,688.77
2023-04-25 14:00:00,51.24,30.24,60.91,757.96
2023-04-25 15:00:00,42.67,25.16,71.47,581.05
2023-04-25 16:00:00,20.71,23.26,74.1,398.69
2023-04-25 17:00:00,11.26,27.15,61.95,169.92
2023-04-25 18:00:00,0.0,24.96,72.31,45.38
2023-04-25 19:00:00,0.0,24.72,73.02,0.0
2023-04-25 20:00:00,1.17,22.6,77.07,39.68
2023-04-25 21:00:00,0.0,24.08,72.46,0.0
2023-04-25 22:00:00,0.0,20.29,76.29,0.0
2023-04-25 23:00:00,3.74,18.36,75.43,37.91
2023-04-26 00:00:00,3.78,19.4,75.49,43.19
2023-04-26 01:00:00,0.0,21.37,72.7,29.87
2023-04-26 02:00:00,5.37,17.82,73.09,0.0
2023-04-26 03:00:00,0.0,18.87,70.88,0.0
2023-04-26 04:00:00,1.52,20.59,78.18,7.84
2023-04-26 05:00:00,4.92,18.21,79.14,0.0
2023-04-26 06:00:00,0.0,23.99,72.43,68.55
2023-04-26 07:00:00,15.0,21.23,81.3,84.47
2023-04-26 08:00:00,20.61,26.32,69.71,356.26
2023-04-26 09:00:00,32.36,28.98,76.86,533.42
2023-04-26 10:00:00,39.84,27.09,64.41,542.31
2023-04-26 11:00:00,41.33,31.9,56.49,693.66
2023-04-26 12:00:00,46.36,25.79,68.29,821.66
2023-04-26 13:00:00,36.52,30.92,67.86,764.98
2023-04-26 14:00:00,38.12,29.39,67.79,763.16
2023-04-26 15:00:00,31.82,23.82,66.0,636.16
2023-04-26 16:00:00,22.17,31.63,71.11,416.85
2023-04-26 17:00:00,10.83,24.88,71.14,220.23
2023-04-26 18:00:00,0.0,21.96,74.77,3.3
2023-04-26 19:00:00,2.88,19.6,80.49,0.0
2023-04-26 20:00:00,5.25,20.77,77.2,0.0
2023-04-26 21:00:00,0.0,19.92,79.33,5.03
2023-04-26 22:00:00,0.0,19.59,75.12,30.8
2023-04-26 23:00:00,0.0,18.29,74.57,14.48
2023-04-27 00:00:00,0.0,20.19,70.31,0.0
2023-04-27 01:00:00,0.0,18.32,74.23,46.87
2023-04-27 02:00:00,0.0,15.72,59.47,74.12
2023-04-27 03:00:00,0.0,20.09,73.13,46.9
2023-04-27 04:00:00,0.0,16.69,75.67,49.48
2023-04-27 05:00:00,1.09,23.33,78.9,0.0
2023-04-27 06:00:00,3.57,21.96,74.74,53.8
2023-04-27 07:00:00,9.04,25.54,75.23,213.66
2023-04-27 08:00:00,21.44,29.05,60.18,424.26
2023-04-27 09:00:00,28.27,25.56,68.72,582.09
2023-04-27 10:00:00,41.24,30.37,59.02,684.46
2023-04-27 11:00:00,41.12,27.88,60.38,727.19
2023-04-27 12:00:00,51.28,32.43,65.14,793.26
2023-04-27 13:00:00,35.5,28.02,72.8,819.53
2023-04-27 14:00:00,39.27,26.57,69.27,668.46
2023-04-27 15:00:00,35.64,28.83,69.1,608.49
2023-04-27 16:00:00,25.02,25.55,70.98,435.54
2023-04-27 17:00:00,28.54,23.53,69.92,191.43
2023-04-27 18:00:00,2.1,22.97,73.36,69.44
2023-04-27 19:00:00,0.0,22.54,78.22,0.0
2023-04-27 20:00:00,0.0,24.11,69.15,75.48
2023-04-27 21:00:00,0.0,16.52,79.04,21.71
2023-04-27 22:00:00,0.0,19.64,74.14,0.0
2023-04-27 23:00:00,0.0,20.34,80.21,0.0
2023-04-28 00:00:00,5.49,19.51,80.68,0.0
2023-04-28 01:00:00,0.0,21.92,67.51,0.0
2023-04-28 02:00:00,0.0,19.65,72.96,0.0
2023-04-28 03:00:00,0.0,20.22,71.59,0.0
2023-04-28 04:00:00,10.43,22.81,66.81,0.0
2023-04-28 05:00:00,0.0,23.03,70.71,29.3
2023-04-28 06:00:00,11.0,23.35,88.08,65.31
2023-04-28 07:00:00,17.37,26.45,76.33,146.81
2023-04-28 08:00:00,27.02,25.32,80.46,487.73
2023-04-28 09:00:00,36.33,26.44,72.95,562.25
2023-04-28 10:00:00,44.15,27.4,63.5,647.74
2023-04-28 11:00:00,35.04,31.66,64.3,814.72
2023-04-28 12:00:00,46.58,22.69,68.81,781.92
2023-04-28 13:00:00,51.68,29.75,68.4,772.75
2023-04-28 14:00:00,41.5,28.53,64.32,676.28
2023-04-28 15:00:00,25.69,24.3,61.25,527.85
2023-04-28 16:00:00,23.81,27.25,87.31,438.32
2023-04-28 17:00:00,22.71,26.37,72.58,193.84
2023-04-28 18:00:00,7.48,25.31,74.24,0.0
2023-04-28 19:00:00,0.0,17.53,76.44,27.55
2023-04-28 20:00:00,5.71,24.36,74.66,0.0
2023-04-28 21:00:00,0.0,19.12,76.49,0.0
2023-04-28 22:00:00,0.0,21.17,82.31,59.63
2023-04-28 23:00:00,0.0,20.78,75.25,0.0
2023-04-29 00:00:00,9.38,17.58,69.85,0.0
2023-04-29 01:00:00,0.0,20.82,74.85,31.14
2023-04-29 02:00:00,0.0,19.23,73.34,0.0
2023-04-29 03:00:00,0.0,16.65,82.78,0.0
2023-04-29 04:00:00,11.42,24.17,81.52,0.0
2023-04-29 05:00:00,9.76,21.49,76.2,11.58
2023-04-29 06:00:00,13.31,22.62,69.27,0.0
2023-04-29 07:00:00,11.64,24.82,66.94,283.71
2023-04-29 08:00:00,26.1,27.38,70.74,331.7
2023-04-29 09:00:00,25.31,27.75,70.27,595.72
2023-04-29 10:00:00,51.0,29.76,65.13,734.47
2023-04-29 11:00:00,40.0,26.48,63.6,745.41
2023-04-29 12:00:00,49.96,27.85,62.7,759.84
2023-04-29 13:00:00,40.42,28.93,65.88,834.25
2023-04-29 14:00:00,38.61,32.46,55.09,652.82
2023-04-29 15:00:00,29.39,27.64,63.08,543.15
2023-04-29 16:00:00,20.68,29.0,67.52,449.88
2023-04-29 17:00:00,9.36,25.7,79.11,211.65
2023-04-29 18:00:00,0.0,23.36,71.59,0.0
2023-04-29 19:00:00,5.0,22.54,76.56,87.35
2023-04-29 20:00:00,0.0,21.49,76.79,0.0
2023-04-29 21:00:00,1.32,22.0,82.15,0.0
2023-04-29 22:00:00,7.31,22.75,81.97,12.79
2023-04-29 23:00:00,0.0,20.22,75.37,31.25
2023-04-30 00:00:00,0.0,21.91,73.07,98.06
2023-04-30 01:00:00,0.0,17.77,72.12,0.0
2023-04-30 02:00:00,7.08,19.37,74.24,41.3
2023-04-30 03:00:00,1.16,19.55,73.27,37.15
2023-04-30 04:00:00,0.0,22.66,78.21,0.0
2023-04-30 05:00:00,2.9,22.52,77.54,39.36
2023-04-30 06:00:00,0.0,25.99,78.4,46.71
2023-04-30 07:00:00,16.79,23.96,79.15,142.54
2023-04-30 08:00:00,26.98,27.12,79.76,496.35
2023-04-30 09:00:00,32.85,29.44,69.0,500.27
2023-04-30 10:00:00,37.46,24.73,72.28,651.4
2023-04-30 11:00:00,42.07,33.6,64.03,776.76
2023-04-30 12:00:00,52.27,28.97,71.37,913.96
2023-04-30 13:00:00,54.77,25.31,71.09,774.44
2023-04-30 14:00:00,38.67,29.18,71.82,706.57
2023-04-30 15:00:00,37.44,28.13,68.84,649.82
2023-04-30 16:00:00,12.01,26.87,67.1,393.84
2023-04-30 17:00:00,9.19,27.81,65.88,152.72
2023-04-30 18:00:00,0.0,26.03,75.24,0.0
2023-04-30 19:00:00,0.0,23.83,83.11,68.54
2023-04-30 20:00:00,0.0,22.93,73.89,3.54
2023-04-30 21:00:00,0.0,20.79,79.37,96.53
2023-04-30 22:00:00,1.75,23.75,79.66,36.9
2023-04-30 23:00:00,0.0,16.74,74.02,0.0
2023-05-01 00:00:00,0.0,20.01,81.8,2.55
2023-05-01 01:00:00,0.0,20.03,60.68,0.0
2023-05-01 02:00:00,0.0,22.03,69.11,0.0
2023-05-01 03:00:00,2.75,19.51,70.64,223.95
2023-05-01 04:00:00,0.0,18.74,71.12,50.93
2023-05-01 05:00:00,0.0,23.75,76.9,43.05
2023-05-01 06:00:00,0.0,25.29,76.67,0.0
2023-05-01 07:00:00,21.13,29.0,74.6,291.83
2023-05-01 08:00:00,22.42,24.69,73.2,467.13
2023-05-01 09:00:00,37.27,30.57,63.4,676.96
2023-05-01 10:00:00,43.68,33.79,60.47,805.53
2023-05-01 11:00:00,34.99,28.8,67.54,722.27
2023-05-01 12:00:00,54.07,27.15,62.07,768.82
2023-05-01 13:00:00,49.07,28.75,57.71,746.04
2023-05-01 14:00:00,45.88,29.09,71.42,666.68
2023-05-01 15:00:00,58.53,29.39,75.13,599.05
2023-05-01 16:00:00,12.22,26.05,78.01,383.82
2023-05-01 17:00:00,23.15,29.13,73.57,316.98
2023-05-01 18:00:00,0.0,22.5,78.35,95.23
2023-05-01 19:00:00,1.72,19.96,82.07,0.0
2023-05-01 20:00:00,0.0,24.44,72.02,97.77
2023-05-01 21:00:00,0.0,16.64,80.78,74.41
2023-05-01 22:00:00,0.0,19.99,76.6,0.0
2023-05-01 23:00:00,1.98,26.14,79.79,0.0
2023-05-02 00:00:00,0.0,19.9,75.93,0.0
2023-05-02 01:00:00,4.5,17.85,81.48,0.0
2023-05-02 02:00:00,0.0,20.48,76.11,10.33
2023-05-02 03:00:00,0.0,21.29,67.58,4.46
2023-05-02 04:00:00,0.0,22.75,82.26,3.15
2023-05-02 05:00:00,7.54,24.95,70.26,26.18
2023-05-02 06:00:00,0.0,22.85,81.26,0.0
2023-05-02 07:00:00,15.05,29.59,71.96,235.6
2023-05-02 08:00:00,20.54,27.91,75.88,393.43
2023-05-02 09:00:00,39.8,29.91,73.6,597.48
2023-05-02 10:00:00,47.28,28.0,68.49,767.38
2023-05-02 11:00:00,59.24,32.33,67.88,741.29
2023-05-02 12:00:00,48.8,29.41,67.11,816.75
2023-05-02 13:00:00,52.16,30.31,55.27,796.58
2023-05-02 14:00:00,43.76,27.39,66.93,693.8
2023-05-02 15:00:00,43.02,26.47,62.35,632.47
2023-05-02 16:00:00,20.61,28.8,70.85,379.39
2023-05-02 17:00:00,17.37,25.33,66.69,187.26
2023-05-02 18:00:00,0.0,23.22,69.07,0.0
2023-05-02 19:00:00,0.0,22.34,83.02,54.6
2023-05-02 20:00:00,0.55,23.82,80.34,0.0
2023-05-02 21:00:00,1.51,20.13,74.98,23.0
2023-05-02 22:00:00,0.0,20.36,75.92,98.79
2023-05-02 23:00:00,1.29,20.12,73.76,0.0
2023-05-03 00:00:00,9.47,16.28,77.62,55.6
2023-05-03 01:00:00,5.91,17.34,71.39,83.57
2023-05-03 02:00:00,5.21,21.46,79.74,51.36
2023-05-03 03:00:00,0.0,20.11,73.5,0.0
2023-05-03 04:00:00,0.0,24.73,72.67,32.11
2023-05-03 05:00:00,5.73,25.76,74.88,0.0
2023-05-03 06:00:00,5.26,26.55,71.81,0.0
2023-05-03 07:00:00,21.84,30.05,73.82,186.46
2023-05-03 08:00:00,21.49,27.45,67.08,530.64
2023-05-03 09:00:00,34.14,29.95,70.04,551.38
2023-05-03 10:00:00,33.67,28.28,72.19,683.68
2023-05-03 11:00:00,46.17,34.85,61.51,756.5
2023-05-03 12:00:00,56.21,34.08,64.11,865.21
2023-05-03 13:00:00,45.72,29.97,67.41,815.83
2023-05-03 14:00:00,47.35,30.22,63.93,779.39
2023-05-03 15:00:00,34.38,31.37,70.02,625.57
2023-05-03 16:00:00,27.06,27.32,72.54,349.59
2023-05-03 17:00:00,6.12,25.1,77.59,176.33
2023-05-03 18:00:00,0.51,26.86,71.74,68.27
2023-05-03 19:00:00,0.0,23.98,70.05,0.0
2023-05-03 20:00:00,0.0,22.98,73.23,59.38
2023-05-03 21:00:00,0.0,19.91,69.93,0.0
2023-05-03 22:00:00,7.24,17.35,77.59,0.0
2023-05-03 23:00:00,4.66,20.76,68.96,0.0
2023-05-04 00:00:00,2.8,22.12,86.2,0.0
2023-05-04 01:00:00,9.13,20.02,81.01,0.0
2023-05-04 02:00:00,0.0,23.85,74.6,10.05
2023-05-04 03:00:00,10.48,20.36,78.87,25.58
2023-05-04 04:00:00,5.59,20.7,66.35,0.0
2023-05-04 05:00:00,0.0,23.88,87.15,0.0
2023-05-04 06:00:00,6.81,25.14,71.58,0.0
2023-05-04 07:00:00,6.46,28.14,71.34,185.9
2023-05-04 08:00:00,20.36,26.26,60.25,428.4
2023-05-04 09:00:00,32.14,31.58,69.89,568.94
2023-05-04 10:00:00,40.66,33.57,60.34,799.62
2023-05-04 11:00:00,42.55,30.06,65.38,874.19
2023-05-04 12:00:00,57.95,32.81,61.81,902.62
2023-05-04 13:00:00,47.33,28.02,59.48,790.04
2023-05-04 14:00:00,45.95,31.79,61.85,682.39
2023-05-04 15:00:00,32.37,30.94,68.59,600.56
2023-05-04 16:00:00,14.38,29.53,63.12,414.25
2023-05-04 17:00:00,14.72,26.57,68.2,187.88
2023-05-04 18:00:00,0.0,19.4,77.85,0.0
2023-05-04 19:00:00,0.0,22.73,87.54,0.0
2023-05-04 20:00:00,0.0,21.55,76.92,0.0
2023-05-04 21:00:00,11.92,19.81,69.95,34.42
2023-05-04 22:00:00,5.47,21.22,72.7,33.26
2023-05-04 23:00:00,0.63,19.64,74.69,55.04
2023-05-05 00:00:00,7.58,18.84,72.55,0.0
2023-05-05 01:00:00,0.0,18.54,78.81,20.05
2023-05-05 02:00:00,3.26,19.73,75.38,0.0
2023-05-05 03:00:00,1.2,24.2,78.83,0.0
2023-05-05 04:00:00,1.58,21.67,72.72,0.0
2023-05-05 05:00:00,7.63,23.17,80.92,53.44
2023-05-05 06:00:00,4.39,24.58,73.46,0.0
2023-05-05 07:00:00,14.93,27.46,66.85,298.2
2023-05-05 08:00:00,15.56,28.9,80.18,452.31
2023-05-05 09:00:00,30.29,22.94,58.1,581.14
2023-05-05 10:00:00,43.42,31.87,61.94,793.89
2023-05-05 11:00:00,49.81,33.19,61.5,843.05
2023-05-05 12:00:00,44.2,28.39,76.83,803.1
2023-05-05 13:00:00,63.72,28.38,73.67,913.72
2023-05-05 14:00:00,53.25,28.92,73.1,748.86
2023-05-05 15:00:00,39.66,27.52,65.57,601.79
2023-05-05 16:00:00,25.92,28.44,81.42,382.09
2023-05-05 17:00:00,11.92,22.89,73.55,278.9
2023-05-05 18:00:00,0.0,23.26,79.18,25.86
2023-05-05 19:00:00,0.46,27.28,75.19,31.46
2023-05-05 20:00:00,1.55,21.14,74.05,0.0
2023-05-05 21:00:00,0.0,24.44,73.03,41.71
2023-05-05 22:00:00,2.01,21.87,73.25,45.59
2023-05-05 23:00:00,0.0,17.04,77.34,0.0
2023-05-06 00:00:00,0.0,21.95,75.89,0.0
2023-05-06 01:00:00,0.0,20.61,73.89,29.07
2023-05-06 02:00:00,0.0,20.43,81.6,0.0
2023-05-06 03:00:00,11.33,22.63,59.22,7.6
2023-05-06 04:00:00,3.34,24.12,76.6,0.0
2023-05-06 05:00:00,0.0,25.8,77.64,60.93
2023-05-06 06:00:00,2.92,28.03,79.79,0.0
2023-05-06 07:00:00,4.01,27.79,71.14,276.87
2023-05-06 08:00:00,32.17,25.42,70.09,402.2
2023-05-06 09:00:00,33.48,28.26,71.91,655.16
2023-05-06 10:00:00,43.91,35.89,72.85,844.19
2023-05-06 11:00:00,57.55,31.95,62.89,773.26
2023-05-06 12:00:00,43.63,35.41,65.39,870.43
2023-05-06 13:00:00,41.22,33.3,72.78,964.11
2023-05-06 14:00:00,40.97,30.49,54.77,744.5
2023-05-06 15:00:00,42.54,29.81,63.53,608.25
2023-05-06 16:00:00,16.56,28.1,76.38,467.34
2023-05-06 17:00:00,0.0,23.49,76.93,223.56
2023-05-06 18:00:00,0.0,25.71,76.66,0.0
2023-05-06 19:00:00,3.31,26.8,71.81,56.61
2023-05-06 20:00:00,7.2,21.98,69.64,0.0
2023-05-06 21:00:00,0.0,22.96,71.09,0.0
2023-05-06 22:00:00,0.0,23.05,81.79,60.37
2023-05-06 23:00:00,6.92,19.03,70.91,0.0
2023-05-07 00:00:00,0.0,19.95,74.31,0.0
2023-05-07 01:00:00,0.0,18.99,70.03,43.96
2023-05-07 02:00:00,1.14,19.88,78.02,0.0
2023-05-07 03:00:00,2.7,19.74,71.11,0.0
2023-05-07 04:00:00,0.0,21.55,73.32,13.73
2023-05-07 05:00:00,0.21,27.4,65.39,0.0
2023-05-07 06:00:00,0.0,24.02,65.74,0.0
2023-05-07 07:00:00,9.43,27.4,71.25,254.9
2023-05-07 08:00:00,28.58,27.35,62.18,454.14
2023-05-07 09:00:00,30.67,31.75,77.26,591.41
2023-05-07 10:00:00,45.14,32.81,54.84,731.79
2023-05-07 11:00:00,52.63,32.41,60.14,855.98
2023-05-07 12:00:00,49.65,31.47,63.89,921.34
2023-05-07 13:00:00,50.97,30.22,62.32,818.32
2023-05-07 14:00:00,39.01,27.8,59.62,779.09
2023-05-07 15:00:00,35.32,33.28,61.94,637.66
2023-05-07 16:00:00,29.52,26.84,63.85,474.88
2023-05-07 17:00:00,14.33,28.48,69.78,225.02
2023-05-07 18:00:00,0.0,27.97,83.56,0.0
2023-05-07 19:00:00,1.35,23.45,74.19,0.0
2023-05-07 20:00:00,4.29,25.43,79.72,17.14
2023-05-07 21:00:00,0.0,23.85,76.34,90.92
2023-05-07 22:00:00,6.95,24.98,79.37,0.0
2023-05-07 23:00:00,0.0,20.09,59.8,40.24
2023-05-08 00:00:00,2.55,18.46,72.03,0.0
2023-05-08 01:00:00,7.18,20.19,80.09,5.52
2023-05-08 02:00:00,0.0,22.12,70.69,75.77
2023-05-08 03:00:00,0.0,22.61,82.36,38.21
2023-05-08 04:00:00,0.0,22.74,80.97,0.0
2023-05-08 05:00:00,0.0,20.92,71.21,0.0
2023-05-08 06:00:00,10.41,26.97,71.04,62.81
2023-05-08 07:00:00,8.33,31.27,65.9,231.67
2023-05-08 08:00:00,22.7,29.46,65.4,376.41
2023-05-08 09:00:00,38.04,30.79,60.32,572.61
2023-05-08 10:00:00,37.87,31.51,67.04,786.63
2023-05-08 11:00:00,47.91,31.65,56.61,887.86
2023-05-08 12:00:00,53.97,32.89,66.57,868.6
2023-05-08 13:00:00,48.29,31.65,67.03,961.91
2023-05-08 14:00:00,44.53,29.74,56.59,792.67
2023-05-08 15:00:00,33.64,27.97,74.23,601.39
2023-05-08 16:00:00,16.94,28.03,71.12,393.07
2023-05-08 17:00:00,15.4,27.95,74.71,175.84
2023-05-08 18:00:00,10.53,25.4,69.76,16.77
2023-05-08 19:00:00,0.11,25.37,76.66,0.0
2023-05-08 20:00:00,1.35,24.41,79.18,83.69
2023-05-08 21:00:00,4.16,24.16,73.06,73.32
2023-05-08 22:00:00,0.0,24.27,83.56,31.65
2023-05-08 23:00:00,10.22,21.36,73.77,0.0
2023-05-09 00:00:00,1.21,18.59,79.0,0.0
2023-05-09 01:00:00,9.79,20.68,74.76,62.78
2023-05-09 02:00:00,0.0,21.96,76.22,0.0
2023-05-09 03:00:00,10.91,19.0,64.94,56.11
2023-05-09 04:00:00,4.65,26.48,75.15,23.73
2023-05-09 05:00:00,3.32,25.2,69.62,2.59
2023-05-09 06:00:00,1.4,26.97,69.07,0.0
2023-05-09 07:00:00,12.07,30.23,79.43,221.36
2023-05-09 08:00:00,33.41,27.44,67.23,446.23
2023-05-09 09:00:00,37.9,30.89,61.21,669.27
2023-05-09 10:00:00,33.59,30.31,62.84,712.17
2023-05-09 11:00:00,43.92,30.67,57.14,830.58
2023-05-09 12:00:00,51.29,29.66,70.47,875.73
2023-05-09 13:00:00,52.48,34.37,60.16,876.86
2023-05-09 14:00:00,45.05,29.78,67.28,711.04
2023-05-09 15:00:00,44.37,31.14,73.01,551.82
2023-05-09 16:00:00,14.5,24.95,65.8,470.44
2023-05-09 17:00:00,14.43,29.86,73.37,150.18
2023-05-09 18:00:00,0.0,28.31,68.15,64.25
2023-05-09 19:00:00,4.56,25.11,85.53,0.0
2023-05-09 20:00:00,0.0,23.25,77.98,0.0
2023-05-09 21:00:00,2.52,23.47,72.33,0.0
2023-05-09 22:00:00,0.0,26.45,69.43,18.96
2023-05-09 23:00:00,7.68,17.85,72.73,0.0
2023-05-10 00:00:00,6.25,22.94,71.34,1.0
2023-05-10 01:00:00,3.5,19.72,82.8,37.0
2023-05-10 02:00:00,0.0,22.0,66.91,0.0
2023-05-10 03:00:00,3.48,22.34,73.71,0.0
2023-05-10 04:00:00,0.0,23.02,72.95,0.0
2023-05-10 05:00:00,5.13,25.06,72.45,70.74
2023-05-10 06:00:00,9.9,24.11,72.49,84.25
2023-05-10 07:00:00,20.08,29.73,69.87,126.55
2023-05-10 08:00:00,22.0,25.29,72.4,494.13
2023-05-10 09:00:00,39.47,30.99,69.01,634.16
2023-05-10 10:00:00,37.92,30.05,66.47,807.57
2023-05-10 11:00:00,54.39,28.86,48.21,821.67
2023-05-10 12:00:00,55.45,31.78,64.54,790.74
2023-05-10 13:00:00,39.73,28.09,55.1,878.42
2023-05-10 14:00:00,38.71,30.78,67.61,714.32
2023-05-10 15:00:00,35.6,27.06,73.34,552.24
2023-05-10 16:00:00,24.57,29.8,63.41,373.66
2023-05-10 17:00:00,6.4,25.82,69.14,257.59
2023-05-10 18:00:00,2.33,25.47,70.04,6.97
2023-05-10 19:00:00,1.51,25.67,79.22,39.12
2023-05-10 20:00:00,0.0,22.33,73.51,33.45
2023-05-10 21:00:00,0.0,22.72,81.68,0.0
2023-05-10 22:00:00,6.29,19.02,75.11,0.0
2023-05-10 23:00:00,9.93,22.81,74.25,0.0
2023-05-11 00:00:00,0.0,25.07,73.12,0.0
2023-05-11 01:00:00,0.0,27.3,76.86,0.0
2023-05-11 02:00:00,2.95,22.39,64.09,19.52
2023-05-11 03:00:00,0.0,24.58,73.2,53.76
2023-05-11 04:00:00,0.0,20.48,72.42,0.0
2023-05-11 05:00:00,4.44,28.25,76.4,64.06
2023-05-11 06:00:00,0.0,28.09,71.84,5.68
2023-05-11 07:00:00,21.65,26.87,64.99,241.03
2023-05-11 08:00:00,26.98,31.52,67.81,357.38
2023-05-11 09:00:00,35.07,29.57,60.29,535.22
2023-05-11 10:00:00,45.44,29.96,54.49,773.38
2023-05-11 11:00:00,51.05,32.32,66.75,894.05
2023-05-11 12:00:00,42.7,29.41,65.67,851.14
2023-05-11 13:00:00,60.24,33.41,65.45,938.07
2023-05-11 14:00:00,46.22,28.76,70.63,802.93
2023-05-11 15:00:00,40.19,27.98,62.38,580.17
2023-05-11 16:00:00,32.25,27.22,60.62,443.9
2023-05-11 17:00:00,7.61,29.35,69.84,352.83
2023-05-11 18:00:00,2.84,25.31,71.04,0.0
2023-05-11 19:00:00,0.0,22.55,68.56,26.41
2023-05-11 20:00:00,5.08,22.83,72.38,0.0
2023-05-11 21:00:00,0.0,22.94,69.72,35.34
2023-05-11 22:00:00,0.0,19.85,63.59,63.36
2023-05-11 23:00:00,0.0,19.41,70.57,0.0
2023-05-12 00:00:00,2.59,25.93,66.83,55.95
2023-05-12 01:00:00,2.82,20.15,73.67,111.06
2023-05-12 02:00:00,0.0,21.73,69.23,3.31
2023-05-12 03:00:00,0.0,22.43,78.07,39.24
2023-05-12 04:00:00,0.0,23.36,80.53,0.0
2023-05-12 05:00:00,0.0,26.65,75.91,0.96
2023-05-12 06:00:00,5.05,28.6,64.75,0.0
2023-05-12 07:00:00,11.61,27.39,77.45,270.23
2023-05-12 08:00:00,9.26,26.73,75.39,505.31
2023-05-12 09:00:00,35.52,32.79,65.53,623.95
2023-05-12 10:00:00,40.02,30.84,70.46,847.57
2023-05-12 11:00:00,41.8,34.99,60.09,936.32
2023-05-12 12:00:00,45.98,27.21,53.18,932.49
2023-05-12 13:00:00,52.25,31.92,59.05,834.02
2023-05-12 14:00:00,54.23,34.87,72.49,740.3
2023-05-12 15:00:00,39.64,29.53,57.98,588.81
2023-05-12 16:00:00,23.07,28.75,67.51,492.53
2023-05-12 17:00:00,16.56,28.59,70.09,169.8
2023-05-12 18:00:00,0.0,25.59,69.94,33.84
2023-05-12 19:00:00,0.0,24.79,70.29,0.0
2023-05-12 20:00:00,0.0,23.53,72.87,41.18
2023-05-12 21:00:00,0.0,21.91,69.7,0.86
2023-05-12 22:00:00,0.0,24.83,65.4,66.68
2023-05-12 23:00:00,0.95,22.8,73.58,57.07
2023-05-13 00:00:00,0.0,22.37,77.6,71.75
2023-05-13 01:00:00,0.0,23.65,76.59,73.04
2023-05-13 02:00:00,0.0,22.01,68.19,7.18
2023-05-13 03:00:00,3.65,21.78,65.98,0.0
2023-05-13 04:00:00,0.0,23.16,70.82,0.0
2023-05-13 05:00:00,4.66,25.57,80.08,0.0
2023-05-13 06:00:00,0.0,24.75,75.47,0.0
2023-05-13 07:00:00,9.39,27.16,73.17,235.21
2023-05-13 08:00:00,18.06,28.33,71.69,419.75
2023-05-13 09:00:00,34.98,34.65,67.27,624.19
2023-05-13 10:00:00,52.38,25.65,64.18,800.14
2023-05-13 11:00:00,54.99,31.33,65.89,849.76
2023-05-13 12:00:00,59.6,35.32,59.51,839.38
2023-05-13 13:00:00,55.03,31.94,55.51,862.3
2023-05-13 14:00:00,39.91,32.7,67.19,730.58
2023-05-13 15:00:00,36.01,30.6,71.36,619.66
2023-05-13 16:00:00,22.18,28.03,61.65,514.88
2023-05-13 17:00:00,21.89,23.67,73.76,218.24
2023-05-13 18:00:00,0.0,27.28,80.64,88.55
2023-05-13 19:00:00,5.36,24.02,72.23,71.58
2023-05-13 20:00:00,5.36,22.76,68.15,0.0
2023-05-13 21:00:00,10.98,22.33,72.85,0.0
2023-05-13 22:00:00,0.0,26.02,69.49,0.0
2023-05-13 23:00:00,4.27,26.84,69.15,57.67
2023-05-14 00:00:00,13.69,22.45,74.13,0.0
2023-05-14 01:00:00,0.0,21.26,63.94,45.4
2023-05-14 02:00:00,0.0,20.34,64.74,60.42
2023-05-14 03:00:00,0.0,24.42,72.06,0.0
2023-05-14 04:00:00,4.28,28.09,71.85,0.0
2023-05-14 05:00:00,0.0,25.23,73.68,35.63
2023-05-14 06:00:00,0.0,22.26,81.34,7.59
2023-05-14 07:00:00,16.61,29.65,69.9,198.81
2023-05-14 08:00:00,28.13,31.49,69.95,432.73
2023-05-14 09:00:00,40.77,27.38,60.01,633.35
2023-05-14 10:00:00,48.13,31.7,67.14,701.77
2023-05-14 11:00:00,59.87,32.75,59.67,908.27
2023-05-14 12:00:00,48.33,31.87,62.32,876.75
2023-05-14 13:00:00,48.14,30.27,61.76,730.8
2023-05-14 14:00:00,42.16,33.38,68.47,778.82
2023-05-14 15:00:00,43.19,29.75,58.34,599.8
2023-05-14 16:00:00,32.42,26.55,55.55,534.78
2023-05-14 17:00:00,16.69,24.22,68.31,203.84
2023-05-14 18:00:00,7.1,29.54,74.31,0.0
2023-05-14 19:00:00,0.0,26.96,72.72,25.4
2023-05-14 20:00:00,10.0,24.7,78.12,0.0
2023-05-14 21:00:00,9.14,22.6,74.15,0.0
2023-05-14 22:00:00,4.41,21.63,69.14,25.48
2023-05-14 23:00:00,10.69,20.04,60.34,0.0
2023-05-15 00:00:00,0.0,21.31,70.5,0.0
2023-05-15 01:00:00,0.0,18.1,76.83,86.3
2023-05-15 02:00:00,0.0,21.37,69.73,28.97
2023-05-15 03:00:00,4.33,23.02,71.83,0.0
2023-05-15 04:00:00,0.0,25.89,73.79,0.0
2023-05-15 05:00:00,4.54,25.8,66.61,25.29
2023-05-15 06:00:00,8.22,28.76,74.8,48.67
2023-05-15 07:00:00,18.24,31.17,77.28,196.63
2023-05-15 08:00:00,28.88,31.79,65.82,471.19
2023-05-15 09:00:00,32.5,31.65,58.97,615.14
2023-05-15 10:00:00,41.98,31.53,62.69,774.97
2023-05-15 11:00:00,59.99,30.04,50.9,882.94
2023-05-15 12:00:00,59.02,33.65,63.37,905.44
2023-05-15 13:00:00,52.26,35.36,64.29,911.68
2023-05-15 14:00:00,44.56,32.19,71.4,808.77
2023-05-15 15:00:00,26.27,34.54,63.64,565.07
2023-05-15 16:00:00,20.75,26.62,68.73,384.99
2023-05-15 17:00:00,25.53,26.16,64.79,215.94
2023-05-15 18:00:00,0.0,28.88,69.9,91.43
2023-05-15 19:00:00,1.14,26.41,64.06,0.0
2023-05-15 20:00:00,6.04,27.3,70.71,0.0
2023-05-15 21:00:00,0.0,23.61,70.16,0.0
2023-05-15 22:00:00,1.11,21.11,73.18,0.0
2023-05-15 23:00:00,5.63,21.92,68.57,8.91
2023-05-16 00:00:00,0.07,19.26,71.82,70.04
2023-05-16 01:00:00,17.21,20.24,69.74,22.8
2023-05-16 02:00:00,0.0,24.94,69.75,0.0
2023-05-16 03:00:00,6.35,25.53,71.81,137.66
2023-05-16 04:00:00,0.0,25.55,71.61,3.93
2023-05-16 05:00:00,4.63,22.59,75.21,0.0
2023-05-16 06:00:00,2.65,26.61,70.8,70.6
2023-05-16 07:00:00,9.74,26.17,67.07,212.26
2023-05-16 08:00:00,28.7,32.18,65.5,538.51
2023-05-16 09:00:00,27.49,29.69,60.76,600.46
2023-05-16 10:00:00,50.94,29.48,60.95,860.22
2023-05-16 11:00:00,54.57,32.21,71.9,889.76
2023-05-16 12:00:00,58.48,31.04,56.84,975.29
2023-05-16 13:00:00,59.13,35.12,60.35,974.79
2023-05-16 14:00:00,49.53,30.18,60.81,732.09
2023-05-16 15:00:00,39.53,28.06,63.1,707.78
2023-05-16 16:00:00,22.04,25.52,64.75,384.92
2023-05-16 17:00:00,9.87,28.55,70.21,183.36
2023-05-16 18:00:00,7.12,26.2,62.85,0.0
2023-05-16 19:00:00,8.62,23.17,76.59,25.18
2023-05-16 20:00:00,0.0,27.2,74.57,1.65
2023-05-16 21:00:00,0.28,25.12,65.19,0.0
2023-05-16 22:00:00,0.0,22.94,60.06,7.31
2023-05-16 23:00:00,7.04,25.22,66.52,29.56
2023-05-17 00:00:00,3.99,23.79,69.91,33.41
2023-05-17 01:00:00,11.65,20.99,84.02,54.71
2023-05-17 02:00:00,0.0,21.06,73.84,91.0
2023-05-17 03:00:00,0.0,25.57,62.08,0.0
2023-05-17 04:00:00,1.39,25.76,67.67,0.0
2023-05-17 05:00:00,3.88,26.51,70.85,30.68
2023-05-17 06:00:00,0.0,25.77,72.39,0.0
2023-05-17 07:00:00,8.98,29.98,61.96,203.04
2023-05-17 08:00:00,32.76,28.46,65.45,507.76
2023-05-17 09:00:00,43.17,30.8,60.46,641.21
2023-05-17 10:00:00,42.08,34.69,56.94,732.51
2023-05-17 11:00:00,61.2,30.98,62.76,809.9
2023-05-17 12:00:00,61.96,29.32,64.99,918.02
2023-05-17 13:00:00,53.87,30.19,65.67,941.48
2023-05-17 14:00:00,48.05,33.79,65.33,849.35
2023-05-17 15:00:00,42.17,31.51,61.56,652.96
2023-05-17 16:00:00,22.3,29.71,69.69,558.24
2023-05-17 17:00:00,14.4,27.74,70.08,231.73
2023-05-17 18:00:00,0.0,28.44,71.79,0.0
2023-05-17 19:00:00,5.26,24.48,68.06,0.0
2023-05-17 20:00:00,0.0,25.58,68.64,0.0
2023-05-17 21:00:00,9.02,22.47,71.49,42.6
2023-05-17 22:00:00,0.0,21.34,83.32,78.2
2023-05-17 23:00:00,0.0,21.36,72.63,0.0
2023-05-18 00:00:00,0.0,21.86,67.78,23.11
2023-05-18 01:00:00,0.0,22.68,66.67,52.34
2023-05-18 02:00:00,8.51,23.75,68.37,0.56
2023-05-18 03:00:00,0.0,16.7,81.72,0.0
2023-05-18 04:00:00,7.66,23.49,68.84,12.36
2023-05-18 05:00:00,2.03,25.53,75.37,38.07
2023-05-18 06:00:00,0.0,30.62,68.95,0.0
2023-05-18 07:00:00,7.84,26.74,69.55,225.49
2023-05-18 08:00:00,37.67,30.43,69.79,402.38
2023-05-18 09:00:00,33.37,34.13,60.9,522.25
2023-05-18 10:00:00,40.9,29.31,58.97,848.36
2023-05-18 11:00:00,60.16,33.23,69.47,888.76
2023-05-18 12:00:00,57.25,31.0,65.76,1000.19
2023-05-18 13:00:00,47.71,31.43,65.13,931.82
2023-05-18 14:00:00,49.12,30.33,66.11,779.3
2023-05-18 15:00:00,32.89,29.68,66.06,646.6
2023-05-18 16:00:00,34.21,35.55,75.92,488.46
2023-05-18 17:00:00,20.66,30.59,68.46,286.54
2023-05-18 18:00:00,3.19,29.81,73.72,16.13
2023-05-18 19:00:00,2.17,27.3,63.58,55.28
2023-05-18 20:00:00,10.57,21.9,66.71,0.0
2023-05-18 21:00:00,0.0,24.86,64.83,0.0
2023-05-18 22:00:00,0.0,25.43,77.2,0.0
2023-05-18 23:00:00,2.7,21.07,58.07,10.26
2023-05-19 00:00:00,12.52,24.68,68.53,0.0
2023-05-19 01:00:00,0.0,24.33,55.57,0.0
2023-05-19 02:00:00,0.0,27.12,66.39,22.37
2023-05-19 03:00:00,2.5,23.38,68.09,0.0
2023-05-19 04:00:00,0.0,23.05,77.47,0.0
2023-05-19 05:00:00,0.0,25.73,72.52,0.0
2023-05-19 06:00:00,6.73,30.62,66.38,76.03
2023-05-19 07:00:00,28.28,25.38,73.28,302.47
2023-05-19 08:00:00,28.92,26.11,65.63,400.59
2023-05-19 09:00:00,33.82,31.46,63.66,627.37
2023-05-19 10:00:00,38.77,31.19,55.87,843.49
2023-05-19 11:00:00,55.15,32.59,55.93,923.49
2023-05-19 12:00:00,62.12,34.64,56.42,922.84
2023-05-19 13:00:00,56.45,31.47,61.11,836.51
2023-05-19 14:00:00,48.05,28.33,62.27,766.87
2023-05-19 15:00:00,35.7,35.37,71.19,628.17
2023-05-19 16:00:00,21.19,28.25,67.47,476.3
2023-05-19 17:00:00,19.37,26.92,54.42,324.57
2023-05-19 18:00:00,5.48,29.95,71.85,0.0
2023-05-19 19:00:00,0.0,25.68,63.29,0.0
2023-05-19 20:00:00,9.54,25.12,65.71,0.0
2023-05-19 21:00:00,3.44,25.18,66.48,51.59
2023-05-19 22:00:00,8.4,25.58,67.22,0.0
2023-05-19 23:00:00,0.0,22.25,63.67,72.68
2023-05-20 00:00:00,0.0,25.92,71.26,0.0
2023-05-20 01:00:00,0.0,18.78,63.19,0.0
2023-05-20 02:00:00,3.02,25.07,72.03,0.0
2023-05-20 03:00:00,10.78,22.67,81.43,35.33
2023-05-20 04:00:00,4.24,28.13,63.6,0.0
2023-05-20 05:00:00,0.0,26.87,68.82,8.54
2023-05-20 06:00:00,0.0,26.54,57.63,0.0
2023-05-20 07:00:00,21.81,30.5,66.15,224.59
2023-05-20 08:00:00,22.09,32.17,68.46,440.36
2023-05-20 09:00:00,49.2,32.7,66.78,652.14
2023-05-20 10:00:00,46.59,30.15,61.97,771.39
2023-05-20 11:00:00,63.41,31.74,65.03,821.01
2023-05-20 12:00:00,59.84,32.87,72.98,1065.81
2023-05-20 13:00:00,53.04,32.63,69.15,829.54
2023-05-20 14:00:00,45.18,33.71,58.97,813.94
2023-05-20 15:00:00,37.38,27.39,55.92,568.57
2023-05-20 16:00:00,30.45,31.05,63.22,364.84
2023-05-20 17:00:00,14.9,28.6,62.92,245.43
2023-05-20 18:00:00,0.0,26.2,72.5,8.72
2023-05-20 19:00:00,0.0,25.1,64.34,63.07
2023-05-20 20:00:00,0.47,24.95,69.88,19.98
2023-05-20 21:00:00,0.0,17.14,74.44,0.0
2023-05-20 22:00:00,2.75,22.15,69.74,0.0
2023-05-20 23:00:00,0.0,21.3,65.52,74.95
2023-05-21 00:00:00,0.0,24.08,75.82,46.44
2023-05-21 01:00:00,0.0,21.57,60.56,0.0
2023-05-21 02:00:00,0.0,23.25,68.31,1.9
2023-05-21 03:00:00,0.0,27.56,69.74,7.2
2023-05-21 04:00:00,0.0,27.5,70.03,0.0
2023-05-21 05:00:00,11.72,28.52,70.85,38.59
2023-05-21 06:00:00,0.0,27.01,73.0,41.59
2023-05-21 07:00:00,15.57,30.39,67.19,232.14
2023-05-21 08:00:00,30.41,30.04,63.11,452.82
2023-05-21 09:00:00,40.4,31.16,60.84,735.19
2023-05-21 10:00:00,48.05,33.16,58.23,855.27
2023-05-21 11:00:00,46.94,31.65,64.23,905.53
2023-05-21 12:00:00,64.73,36.0,56.72,852.27
2023-05-21 13:00:00,64.96,32.52,64.52,919.11
2023-05-21 14:00:00,38.42,33.58,61.39,843.54
2023-05-21 15:00:00,33.47,34.46,60.27,522.52
2023-05-21 16:00:00,26.33,32.58,68.04,479.46
2023-05-21 17:00:00,8.71,26.49,63.72,220.83
2023-05-21 18:00:00,3.04,28.9,73.14,0.0
2023-05-21 19:00:00,0.0,28.42,71.01,0.0
2023-05-21 20:00:00,12.99,27.3,66.97,0.0
2023-05-21 21:00:00,7.14,22.25,72.59,69.6
2023-05-21 22:00:00,1.28,22.37,72.68,0.0
2023-05-21 23:00:00,6.16,25.17,75.74,48.28
2023-05-22 00:00:00,6.64,21.61,74.48,0.0
2023-05-22 01:00:00,0.0,22.71,72.11,37.94
2023-05-22 02:00:00,0.0,26.96,64.01,0.08
2023-05-22 03:00:00,0.47,24.51,81.89,17.6
2023-05-22 04:00:00,5.17,24.18,62.63,0.36
2023-05-22 05:00:00,0.83,25.09,74.4,32.08
2023-05-22 06:00:00,0.0,28.8,71.81,0.0
2023-05-22 07:00:00,9.75,26.77,61.19,171.77
2023-05-22 08:00:00,27.69,30.14,64.03,489.83
2023-05-22 09:00:00,39.34,32.34,62.19,561.05
2023-05-22 10:00:00,60.57,35.07,67.52,785.76
2023-05-22 11:00:00,46.04,34.3,56.42,903.27
2023-05-22 12:00:00,59.31,31.71,58.34,896.54
2023-05-22 13:00:00,63.29,35.32,48.31,871.41
2023-05-22 14:00:00,62.37,31.87,69.66,825.86
2023-05-22 15:00:00,37.37,29.2,57.23,713.69
2023-05-22 16:00:00,31.09,30.29,66.28,421.05
2023-05-22 17:00:00,17.98,32.31,66.55,214.01
2023-05-22 18:00:00,1.17,28.47,69.16,0.0
2023-05-22 19:00:00,0.0,26.87,73.7,0.0
2023-05-22 20:00:00,2.62,28.91,78.01,7.09
2023-05-22 21:00:00,0.0,21.74,70.91,46.74
2023-05-22 22:00:00,4.09,21.24,72.93,50.83
2023-05-22 23:00:00,0.76,20.08,71.29,0.0
2023-05-23 00:00:00,0.0,24.01,74.43,0.0
2023-05-23 01:00:00,12.28,23.76,67.03,1.08
2023-05-23 02:00:00,0.0,27.02,74.72,41.46
2023-05-23 03:00:00,0.0,25.21,74.9,7.74
2023-05-23 04:00:00,11.95,24.95,74.76,14.47
2023-05-23 05:00:00,0.0,26.97,66.05,57.09
2023-05-23 06:00:00,0.0,28.5,68.51,0.0
2023-05-23 07:00:00,13.75,26.21,67.96,232.82
2023-05-23 08:00:00,33.31,36.18,57.49,552.75
2023-05-23 09:00:00,41.21,32.84,70.25,656.28
2023-05-23 10:00:00,41.19,33.01,60.63,752.46
2023-05-23 11:00:00,51.4,34.32,61.11,876.47
2023-05-23 12:00:00,52.88,34.68,56.46,895.12
2023-05-23 13:00:00,54.13,32.81,53.05,927.79
2023-05-23 14:00:00,51.5,31.33,57.67,771.03
2023-05-23 15:00:00,42.48,33.0,63.37,679.67
2023-05-23 16:00:00,17.6,31.53,67.71,434.21
2023-05-23 17:00:00,21.01,27.94,67.57,137.65
2023-05-23 18:00:00,1.52,31.1,71.08,15.33
2023-05-23 19:00:00,8.31,27.55,67.66,7.42
2023-05-23 20:00:00,2.67,27.22,71.83,25.89
2023-05-23 21:00:00,6.61,27.51,76.76,0.0
2023-05-23 22:00:00,2.8,23.97,72.87,0.0
2023-05-23 23:00:00,8.08,24.07,73.39,20.07
2023-05-24 00:00:00,3.13,25.0,70.51,75.95
2023-05-24 01:00:00,0.0,22.1,61.53,0.56
2023-05-24 02:00:00,13.63,24.16,63.82,21.23
2023-05-24 03:00:00,5.33,25.1,71.32,0.0
2023-05-24 04:00:00,3.44,23.97,68.99,0.0
2023-05-24 05:00:00,0.0,31.72,71.24,48.37
2023-05-24 06:00:00,0.0,25.57,77.42,45.42
2023-05-24 07:00:00,16.45,27.08,70.08,280.38
2023-05-24 08:00:00,29.25,33.51,70.34,463.9
2023-05-24 09:00:00,36.45,33.34,62.44,698.77
2023-05-24 10:00:00,50.0,30.66,56.35,863.94
2023-05-24 11:00:00,64.36,34.42,59.09,994.76
2023-05-24 12:00:00,60.93,36.32,55.02,995.42
2023-05-24 13:00:00,47.98,33.15,67.17,916.95
2023-05-24 14:00:00,48.49,37.91,64.33,753.84
2023-05-24 15:00:00,35.31,28.47,64.57,676.7
2023-05-24 16:00:00,26.05,32.27,70.22,485.82
2023-05-24 17:00:00,12.21,32.01,56.35,280.29
2023-05-24 18:00:00,0.0,30.16,71.98,67.69
2023-05-24 19:00:00,0.0,26.68,62.49,0.0
2023-05-24 20:00:00,0.0,25.3,69.01,105.05
2023-05-24 21:00:00,0.0,25.73,67.48,0.0
2023-05-24 22:00:00,0.0,25.68,72.35,20.97
2023-05-24 23:00:00,12.32,24.76,70.18,0.0
2023-05-25 00:00:00,6.53,25.57,75.46,0.0
2023-05-25 01:00:00,0.0,21.63,65.72,0.0
2023-05-25 02:00:00,0.11,23.71,72.28,0.0
2023-05-25 03:00:00,0.0,23.08,69.54,0.0
2023-05-25 04:00:00,10.17,25.22,60.56,1.74
2023-05-25 05:00:00,11.38,29.23,64.14,55.93
2023-05-25 06:00:00,0.94,28.71,67.98,0.0
2023-05-25 07:00:00,20.89,35.0,71.71,291.25
2023-05-25 08:00:00,29.55,31.38,66.05,479.81
2023-05-25 09:00:00,32.28,32.15,55.82,723.06
2023-05-25 10:00:00,46.88,33.04,59.37,800.98
2023-05-25 11:00:00,55.84,32.05,69.16,850.84
2023-05-25 12:00:00,54.26,33.38,59.29,888.94
2023-05-25 13:00:00,53.74,35.58,57.44,852.86
2023-05-25 14:00:00,48.81,33.05,62.53,846.46
2023-05-25 15:00:00,39.81,30.44,65.48,745.47
2023-05-25 16:00:00,28.81,29.14,61.45,446.66
2023-05-25 17:00:00,8.39,28.89,68.66,277.29
2023-05-25 18:00:00,0.0,28.64,67.09,0.0
2023-05-25 19:00:00,0.0,29.59,72.33,9.02
2023-05-25 20:00:00,5.87,23.31,69.58,33.43
2023-05-25 21:00:00,0.0,24.32,71.14,0.0
2023-05-25 22:00:00,6.92,24.45,64.94,0.0
2023-05-25 23:00:00,8.32,20.0,64.63,35.8
2023-05-26 00:00:00,0.0,21.94,73.15,0.0
2023-05-26 01:00:00,0.0,22.42,68.03,66.77
2023-05-26 02:00:00,0.0,22.68,69.85,17.68
2023-05-26 03:00:00,0.0,25.45,66.89,35.84
2023-05-26 04:00:00,0.0,25.78,72.92,0.0
2023-05-26 05:00:00,0.0,26.2,65.38,0.0
2023-05-26 06:00:00,9.18,29.46,67.74,26.7
2023-05-26 07:00:00,18.8,33.35,69.76,242.66
2023-05-26 08:00:00,23.06,34.38,69.29,478.36
2023-05-26 09:00:00,30.87,28.3,58.73,728.61
2023-05-26 10:00:00,47.58,34.09,69.56,863.86
2023-05-26 11:00:00,53.98,33.08,60.33,1017.08
2023-05-26 12:00:00,60.19,33.92,53.21,961.2
2023-05-26 13:00:00,52.05,32.64,60.61,886.46
2023-05-26 14:00:00,52.61,33.17,57.85,816.34
2023-05-26 15:00:00,52.06,32.44,63.52,695.01
2023-05-26 16:00:00,33.5,29.95,63.21,527.55
2023-05-26 17:00:00,14.52,28.11,66.21,173.43
2023-05-26 18:00:00,0.0,27.71,63.86,0.43
2023-05-26 19:00:00,0.0,27.78,73.37,80.48
2023-05-26 20:00:00,7.08,27.3,62.64,0.0
2023-05-26 21:00:00,0.0,26.78,62.88,46.55
2023-05-26 22:00:00,0.27,23.29,70.26,24.66
2023-05-26 23:00:00,0.31,24.34,76.44,47.79
2023-05-27 00:00:00,0.0,25.64,66.35,0.0
2023-05-27 01:00:00,0.0,26.21,71.61,0.0
2023-05-27 02:00:00,1.94,24.26,73.48,1.01
2023-05-27 03:00:00,0.0,24.73,72.18,0.0
2023-05-27 04:00:00,3.0,26.59,66.55,0.0
2023-05-27 05:00:00,0.0,25.12,62.65,12.64
2023-05-27 06:00:00,7.32,28.32,57.07,89.23
2023-05-27 07:00:00,9.6,31.5,64.21,267.84
2023-05-27 08:00:00,38.98,32.5,69.0,509.79
2023-05-27 09:00:00,30.12,31.71,55.42,734.97
2023-05-27 10:00:00,52.34,33.48,62.95,780.61
2023-05-27 11:00:00,58.32,31.89,53.7,916.2
2023-05-27 12:00:00,52.65,35.12,58.64,1078.33
2023-05-27 13:00:00,58.01,33.39,61.99,920.5
2023-05-27 14:00:00,57.41,32.49,56.15,884.66
2023-05-27 15:00:00,27.3,31.52,61.89,724.93
2023-05-27 16:00:00,31.73,31.09,61.03,404.63
2023-05-27 17:00:00,0.0,29.11,69.05,263.23
2023-05-27 18:00:00,0.0,30.03,69.29,7.34
2023-05-27 19:00:00,9.77,26.63,68.39,16.5
2023-05-27 20:00:00,0.0,29.4,75.9,0.0
2023-05-27 21:00:00,0.0,28.11,71.42,0.0
2023-05-27 22:00:00,0.0,22.6,64.66,0.0
2023-05-27 23:00:00,12.41,24.02,67.68,0.0
2023-05-28 00:00:00,0.0,22.51,67.41,59.25
2023-05-28 01:00:00,0.0,23.33,68.19,90.87
2023-05-28 02:00:00,8.98,28.49,80.42,69.83
2023-05-28 03:00:00,11.15,24.66,69.65,43.01
2023-05-28 04:00:00,0.0,27.04,57.61,0.0
2023-05-28 05:00:00,0.0,28.6,65.08,0.0
2023-05-28 06:00:00,12.58,26.81,58.13,10.5
2023-05-28 07:00:00,24.48,28.4,63.56,216.97
2023-05-28 08:00:00,32.89,28.9,52.86,509.1
2023-05-28 09:00:00,35.88,30.58,56.36,715.19
2023-05-28 10:00:00,49.61,27.44,51.53,858.62
2023-05-28 11:00:00,54.7,34.73,60.05,979.01
2023-05-28 12:00:00,59.61,37.92,57.8,915.26
2023-05-28 13:00:00,64.37,33.94,59.65,974.4
2023-05-28 14:00:00,55.18,30.31,58.61,797.02
2023-05-28 15:00:00,34.29,31.06,53.75,632.12
2023-05-28 16:00:00,37.07,30.4,65.36,506.85
2023-05-28 17:00:00,16.79,28.07,74.82,309.39
2023-05-28 18:00:00,4.12,30.53,69.84,24.4
2023-05-28 19:00:00,8.8,29.14,65.66,1.04
2023-05-28 20:00:00,0.0,24.0,60.65,15.51
2023-05-28 21:00:00,0.0,26.73,63.25,6.82
2023-05-28 22:00:00,0.0,27.54,70.06,0.0
2023-05-28 23:00:00,0.0,27.79,73.16,0.0
2023-05-29 00:00:00,2.08,29.64,68.78,0.0
2023-05-29 01:00:00,15.07,22.28,71.47,3.99
2023-05-29 02:00:00,0.0,30.23,71.01,0.57
2023-05-29 03:00:00,0.0,24.67,70.01,33.81
2023-05-29 04:00:00,3.84,25.23,64.18,0.0
2023-05-29 05:00:00,0.74,28.27,68.34,28.15
2023-05-29 06:00:00,0.0,27.75,63.23,0.0
2023-05-29 07:00:00,7.17,31.01,64.97,340.61
2023-05-29 08:00:00,30.31,28.77,64.13,485.92
2023-05-29 09:00:00,36.35,31.97,68.8,798.53
2023-05-29 10:00:00,36.94,35.81,52.27,852.25
2023-05-29 11:00:00,63.02,33.63,60.22,920.25
2023-05-29 12:00:00,63.58,34.2,64.88,918.8
2023-05-29 13:00:00,56.17,34.69,61.61,858.79
2023-05-29 14:00:00,51.45,35.58,62.98,785.08
2023-05-29 15:00:00,47.34,29.14,63.34,637.51
2023-05-29 16:00:00,30.26,32.58,68.97,501.63
2023-05-29 17:00:00,20.39,29.67,59.45,223.13
2023-05-29 18:00:00,0.0,29.25,60.54,9.35
2023-05-29 19:00:00,7.87,29.74,67.44,64.1
2023-05-29 20:00:00,1.92,24.02,56.67,0.0
2023-05-29 21:00:00,1.16,23.35,73.63,103.96
2023-05-29 22:00:00,0.0,20.71,73.58,0.0
2023-05-29 23:00:00,1.72,22.99,65.31,0.0
2023-05-30 00:00:00,0.0,26.67,65.3,0.0
2023-05-30 01:00:00,0.0,23.94,66.79,46.83
2023-05-30 02:00:00,0.0,22.0,67.41,0.0
2023-05-30 03:00:00,0.0,24.5,67.79,0.0
2023-05-30 04:00:00,12.75,23.53,69.95,0.0
2023-05-30 05:00:00,7.99,25.46,66.29,77.57
2023-05-30 06:00:00,11.52,29.79,71.87,11.29
2023-05-30 07:00:00,7.68,27.95,66.8,182.68
2023-05-30 08:00:00,29.44,33.73,59.12,423.6
2023-05-30 09:00:00,33.26,32.4,66.76,767.36
2023-05-30 10:00:00,46.07,33.51,51.7,806.32
2023-05-30 11:00:00,50.53,33.28,57.03,886.82
2023-05-30 12:00:00,65.45,35.55,61.99,1040.79
2023-05-30 13:00:00,53.66,35.4,53.88,984.53
2023-05-30 14:00:00,56.65,34.01,60.04,901.08
2023-05-30 15:00:00,44.65,33.67,62.8,636.21
2023-05-30 16:00:00,42.83,31.08,57.85,407.2
2023-05-30 17:00:00,6.14,31.39,64.2,256.92
2023-05-30 18:00:00,7.56,28.33,66.37,16.76
2023-05-30 19:00:00,6.88,27.72,64.4,18.23
2023-05-30 20:00:00,0.0,25.96,78.66,73.91
2023-05-30 21:00:00,6.04,24.56,63.34,0.0
2023-05-30 22:00:00,2.02,23.3,72.18,42.98
2023-05-30 23:00:00,0.0,25.11,65.19,0.0
2023-05-31 00:00:00,0.0,26.72,61.4,42.79
2023-05-31 01:00:00,0.0,26.61,67.35,0.0
2023-05-31 02:00:00,12.3,22.25,70.08,0.0
2023-05-31 03:00:00,0.0,28.14,71.43,0.0
2023-05-31 04:00:00,4.69,25.96,74.64,0.0
2023-05-31 05:00:00,0.0,29.01,81.56,2.02
2023-05-31 06:00:00,0.0,27.29,68.08,0.0
2023-05-31 07:00:00,21.55,30.68,60.93,290.35
2023-05-31 08:00:00,21.0,32.23,64.1,516.97
2023-05-31 09:00:00,38.66,29.66,58.43,770.25
2023-05-31 10:00:00,50.6,34.64,62.8,858.3
2023-05-31 11:00:00,56.88,36.62,50.69,962.91
2023-05-31 12:00:00,57.12,33.75,68.67,1039.93
2023-05-31 13:00:00,58.59,36.65,61.45,905.5
2023-05-31 14:00:00,54.56,33.05,49.75,765.57
2023-05-31 15:00:00,45.56,34.33,56.22,695.85
2023-05-31 16:00:00,23.18,27.16,65.91,413.83
2023-05-31 17:00:00,13.36,35.23,70.12,373.73
2023-05-31 18:00:00,7.17,32.09,60.47,72.77
2023-05-31 19:00:00,5.37,27.23,70.4,108.2
2023-05-31 20:00:00,0.0,22.65,57.09,3.12
2023-05-31 21:00:00,2.11,26.14,66.38,27.53
2023-05-31 22:00:00,0.0,21.88,72.39,0.0
2023-05-31 23:00:00,0.28,25.16,64.07,44.15
2023-06-01 00:00:00,11.39,25.01,58.97,0.0
2023-06-01 01:00:00,0.0,22.47,67.24,0.0
2023-06-01 02:00:00,0.0,27.1,63.48,0.0
2023-06-01 03:00:00,4.58,27.26,69.65,0.0
2023-06-01 04:00:00,0.0,28.64,62.08,73.9
2023-06-01 05:00:00,0.0,27.91,62.64,90.78
2023-06-01 06:00:00,3.58,26.35,56.4,0.0
2023-06-01 07:00:00,11.3,32.43,64.77,316.36
2023-06-01 08:00:00,27.77,31.14,60.7,533.97
2023-06-01 09:00:00,45.74,29.94,53.49,609.38
2023-06-01 10:00:00,53.08,36.22,58.82,822.95
2023-06-01 11:00:00,57.98,38.21,61.98,910.64
2023-06-01 12:00:00,56.33,34.1,55.43,1010.2
2023-06-01 13:00:00,58.6,38.33,58.19,878.21
2023-06-01 14:00:00,49.81,33.7,59.21,837.52
2023-06-01 15:00:00,44.02,31.96,53.41,653.58
2023-06-01 16:00:00,26.2,30.42,71.79,510.07
2023-06-01 17:00:00,14.01,33.75,61.56,240.94
2023-06-01 18:00:00,0.0,27.62,69.79,0.0
2023-06-01 19:00:00,0.0,29.36,70.35,0.0
2023-06-01 20:00:00,0.0,25.57,65.81,101.8
2023-06-01 21:00:00,0.0,24.73,69.54,0.0
2023-06-01 22:00:00,1.55,26.91,67.74,0.0
2023-06-01 23:00:00,1.28,23.59,59.42,29.17
2023-06-02 00:00:00,4.7,23.46,64.52,0.0
2023-06-02 01:00:00,0.0,26.7,63.12,0.0
2023-06-02 02:00:00,2.45,28.13,63.87,111.57
2023-06-02 03:00:00,3.3,27.02,59.66,0.0
2023-06-02 04:00:00,2.67,25.46,71.81,0.0
2023-06-02 05:00:00,0.0,26.95,74.19,7.99
2023-06-02 06:00:00,0.9,29.43,71.07,86.51
2023-06-02 07:00:00,17.33,31.2,69.94,168.5
2023-06-02 08:00:00,29.31,29.79,59.46,501.56
2023-06-02 09:00:00,28.87,34.25,55.93,794.17
2023-06-02 10:00:00,51.65,33.77,53.63,851.27
2023-06-02 11:00:00,69.81,30.66,59.74,880.52
2023-06-02 12:00:00,56.37,32.41,57.32,944.61
2023-06-02 13:00:00,52.17,33.09,56.13,952.63
2023-06-02 14:00:00,52.93,33.45,64.0,911.37
2023-06-02 15:00:00,43.26,36.58,61.13,672.84
2023-06-02 16:00:00,36.42,32.24,56.99,529.1
2023-06-02 17:00:00,7.6,28.88,60.19,180.72
2023-06-02 18:00:00,4.39,29.71,69.59,0.0
2023-06-02 19:00:00,3.54,27.27,71.39,0.0
2023-06-02 20:00:00,0.0,27.42,68.94,71.9
2023-06-02 21:00:00,2.03,26.89,75.66,3.44
2023-06-02 22:00:00,6.18,27.35,74.36,14.49
2023-06-02 23:00:00,5.23,24.39,68.39,13.9
2023-06-03 00:00:00,0.0,27.62,61.66,55.46
2023-06-03 01:00:00,4.92,26.33,59.3,0.0
2023-06-03 02:00:00,0.0,23.6,63.92,34.41
2023-06-03 03:00:00,0.44,30.23,69.62,0.0
2023-06-03 04:00:00,0.44,27.5,74.99,99.16
2023-06-03 05:00:00,0.0,26.38,67.94,0.0
2023-06-03 06:00:00,7.15,32.65,71.7,0.0
2023-06-03 07:00:00,14.69,34.79,62.04,280.64
2023-06-03 08:00:00,22.63,31.78,63.97,493.05
2023-06-03 09:00:00,39.14,31.87,62.9,707.98
2023-06-03 10:00:00,51.9,33.33,47.29,858.44
2023-06-03 11:00:00,64.06,35.6,54.13,890.27
2023-06-03 12:00:00,62.31,36.9,60.6,1058.79
2023-06-03 13:00:00,51.58,35.31,57.57,989.47
2023-06-03 14:00:00,65.74,33.88,51.21,915.02
2023-06-03 15:00:00,43.09,35.88,46.63,665.22
2023-06-03 16:00:00,37.0,31.22,59.02,509.88
2023-06-03 17:00:00,14.28,32.7,62.91,263.02
2023-06-03 18:00:00,3.2,28.77,61.43,56.4
2023-06-03 19:00:00,5.04,28.91,66.57,58.01
2023-06-03 20:00:00,7.31,26.62,68.38,9.65
2023-06-03 21:00:00,6.34,25.7,69.21,0.0
2023-06-03 22:00:00,5.23,24.26,54.07,88.98
2023-06-03 23:00:00,0.0,27.2,59.28,27.8
2023-06-04 00:00:00,0.0,22.95,64.0,0.0
2023-06-04 01:00:00,2.0,23.11,68.38,20.33
2023-06-04 02:00:00,5.6,29.33,67.97,0.0
2023-06-04 03:00:00,0.0,27.84,67.88,52.77
2023-06-04 04:00:00,6.39,22.15,63.6,0.0
2023-06-04 05:00:00,8.72,26.99,63.88,0.0
2023-06-04 06:00:00,0.0,25.79,61.88,12.22
2023-06-04 07:00:00,10.21,28.81,66.77,305.73
2023-06-04 08:00:00,28.57,25.64,55.92,495.61
2023-06-04 09:00:00,43.45,32.68,62.7,725.11
2023-06-04 10:00:00,47.8,31.46,57.9,847.79
2023-06-04 11:00:00,64.94,34.37,55.64,945.54
2023-06-04 12:00:00,61.38,31.17,52.24,984.84
2023-06-04 13:00:00,57.07,34.41,49.08,937.7
2023-06-04 14:00:00,42.34,32.92,53.62,764.87
2023-06-04 15:00:00,33.71,35.96,56.8,654.95
2023-06-04 16:00:00,31.1,34.74,48.68,502.52
2023-06-04 17:00:00,2.43,32.28,61.95,241.33
2023-06-04 18:00:00,6.08,28.76,70.14,0.0
2023-06-04 19:00:00,0.0,32.09,68.36,0.0
2023-06-04 20:00:00,19.46,23.81,63.04,0.0
2023-06-04 21:00:00,13.85,23.07,65.76,0.0
2023-06-04 22:00:00,0.0,24.92,62.74,0.0
2023-06-04 23:00:00,0.0,29.1,66.27,0.26
2023-06-05 00:00:00,5.97,24.08,72.89,19.67
2023-06-05 01:00:00,10.22,24.29,70.03,0.0
2023-06-05 02:00:00,0.0,22.27,67.79,0.0
2023-06-05 03:00:00,0.0,27.84,62.73,0.0
2023-06-05 04:00:00,0.0,28.89,68.94,129.87
2023-06-05 05:00:00,3.5,29.77,56.76,0.0
2023-06-05 06:00:00,2.98,28.23,63.93,0.0
2023-06-05 07:00:00,21.68,29.37,65.52,280.24
2023-06-05 08:00:00,22.29,29.4,63.89,509.48
2023-06-05 09:00:00,27.8,33.19,61.47,721.04
2023-06-05 10:00:00,56.22,31.66,58.0,829.05
2023-06-05 11:00:00,51.99,31.96,54.55,961.31
2023-06-05 12:00:00,46.86,33.64,57.88,985.94
2023-06-05 13:00:00,57.83,33.34,50.77,933.77
2023-06-05 14:00:00,55.83,32.74,52.31,863.46
2023-06-05 15:00:00,40.97,33.95,58.43,747.76
2023-06-05 16:00:00,26.74,32.14,61.06,490.32
2023-06-05 17:00:00,14.31,30.2,53.47,253.61
2023-06-05 18:00:00,0.0,29.85,67.47,53.41
2023-06-05 19:00:00,0.0,26.21,69.05,48.07
2023-06-05 20:00:00,0.0,27.2,64.8,79.2
2023-06-05 21:00:00,3.13,26.25,77.06,0.0
2023-06-05 22:00:00,1.93,22.15,61.78,45.26
2023-06-05 23:00:00,1.01,26.65,63.38,30.08
2023-06-06 00:00:00,0.0,22.79,62.88,0.0
2023-06-06 01:00:00,0.0,24.9,64.48,12.58
2023-06-06 02:00:00,0.0,27.55,63.21,52.56
2023-06-06 03:00:00,1.07,27.87,57.82,0.0
2023-06-06 04:00:00,8.57,27.12,62.12,22.13
2023-06-06 05:00:00,0.0,27.53,64.37,43.57
2023-06-06 06:00:00,0.0,31.45,71.0,0.0
2023-06-06 07:00:00,17.27,32.19,73.28,247.83
2023-06-06 08:00:00,37.07,30.81,66.53,507.56
2023-06-06 09:00:00,39.1,31.5,53.91,656.72
2023-06-06 10:00:00,47.03,29.74,52.72,809.11
2023-06-06 11:00:00,45.27,34.69,54.4,944.72
2023-06-06 12:00:00,59.72,34.39,63.78,1025.11
2023-06-06 13:00:00,69.34,36.65,54.37,983.65
2023-06-06 14:00:00,52.85,34.6,49.56,809.99
2023-06-06 15:00:00,41.66,35.75,55.28,729.13
2023-06-06 16:00:00,31.48,30.66,63.64,450.72
2023-06-06 17:00:00,15.23,33.12,65.72,174.44
2023-06-06 18:00:00,0.0,28.49,63.86,0.0
2023-06-06 19:00:00,4.94,29.81,68.27,56.15
2023-06-06 20:00:00,1.35,24.13,53.49,32.8
2023-06-06 21:00:00,0.11,26.49,65.38,0.0
2023-06-06 22:00:00,0.0,21.25,69.16,0.0
2023-06-06 23:00:00,7.82,24.19,60.69,0.0
2023-06-07 00:00:00,3.99,25.49,60.34,5.44
2023-06-07 01:00:00,0.0,23.74,55.19,0.0
2023-06-07 02:00:00,6.01,23.18,72.47,0.0
2023-06-07 03:00:00,0.0,27.77,60.92,0.0
2023-06-07 04:00:00,0.0,26.9,65.73,0.0
2023-06-07 05:00:00,0.0,27.34,67.54,0.0
2023-06-07 06:00:00,0.0,29.7,72.08,20.53
2023-06-07 07:00:00,18.16,36.18,61.16,255.94
2023-06-07 08:00:00,18.62,34.42,56.83,478.09
2023-06-07 09:00:00,34.51,35.47,58.32,652.38
2023-06-07 10:00:00,38.84,34.81,62.28,933.65
2023-06-07 11:00:00,56.69,34.77,54.01,911.52
2023-06-07 12:00:00,58.32,29.82,49.75,999.63
2023-06-07 13:00:00,55.24,33.08,47.16,929.02
2023-06-07 14:00:00,45.03,32.98,49.76,856.62
2023-06-07 15:00:00,34.84,29.4,61.77,720.83
2023-06-07 16:00:00,32.4,29.8,57.92,425.01
2023-06-07 17:00:00,12.02,26.94,58.9,255.14
2023-06-07 18:00:00,1.9,29.53,60.94,59.54
2023-06-07 19:00:00,0.0,29.95,64.95,88.08
2023-06-07 20:00:00,1.09,29.33,63.33,0.0
2023-06-07 21:00:00,7.82,26.91,63.16,2.08
2023-06-07 22:00:00,3.52,23.35,71.27,110.57
2023-06-07 23:00:00,0.0,20.92,72.21,56.75
2023-06-08 00:00:00,1.54,21.15,56.14,0.0
2023-06-08 01:00:00,0.0,22.3,65.82,0.0
2023-06-08 02:00:00,0.05,23.56,60.3,47.83
2023-06-08 03:00:00,0.0,25.81,62.95,0.0
2023-06-08 04:00:00,0.0,25.14,65.73,54.39
2023-06-08 05:00:00,1.27,29.05,63.12,16.71
2023-06-08 06:00:00,0.0,29.2,65.34,25.89
2023-06-08 07:00:00,9.26,30.98,64.96,243.12
2023-06-08 08:00:00,21.34,34.45,60.66,462.97
2023-06-08 09:00:00,32.35,30.84,53.88,772.37
2023-06-08 10:00:00,44.08,34.84,52.38,844.1
2023-06-08 11:00:00,58.27,34.47,47.33,934.68
2023-06-08 12:00:00,53.98,34.0,49.92,984.92
2023-06-08 13:00:00,60.4,36.27,64.34,964.88
2023-06-08 14:00:00,51.59,35.76,51.57,804.89
2023-06-08 15:00:00,30.15,31.31,51.15,671.03
2023-06-08 16:00:00,33.6,31.8,60.79,463.56
2023-06-08 17:00:00,20.22,31.52,61.05,298.22
2023-06-08 18:00:00,0.0,29.12,63.21,0.0
2023-06-08 19:00:00,2.52,29.54,71.23,0.0
2023-06-08 20:00:00,0.0,27.73,66.93,0.0
2023-06-08 21:00:00,0.59,29.8,61.54,0.0
2023-06-08 22:00:00,0.0,22.28,62.06,68.08
2023-06-08 23:00:00,0.0,24.59,61.67,0.81
2023-06-09 00:00:00,0.0,22.9,68.22,25.06
2023-06-09 01:00:00,0.0,26.1,62.31,26.82
2023-06-09 02:00:00,0.0,22.16,54.88,2.81
2023-06-09 03:00:00,0.0,26.88,63.61,0.0
2023-06-09 04:00:00,0.0,25.96,56.16,52.23
2023-06-09 05:00:00,1.62,26.96,74.77,7.3
2023-06-09 06:00:00,0.0,26.83,59.02,69.95
2023-06-09 07:00:00,16.48,30.08,60.45,287.44
2023-06-09 08:00:00,25.7,34.39,60.14,464.44
2023-06-09 09:00:00,49.06,33.2,55.33,675.64
2023-06-09 10:00:00,44.42,35.31,53.74,821.56
2023-06-09 11:00:00,60.34,37.88,56.3,1017.77
2023-06-09 12:00:00,66.53,35.25,61.48,970.4
2023-06-09 13:00:00,60.3,33.43,58.03,916.97
2023-06-09 14:00:00,50.26,34.98,62.58,873.92
2023-06-09 15:00:00,38.86,32.17,51.54,695.64
2023-06-09 16:00:00,35.94,31.21,60.44,510.06
2023-06-09 17:00:00,6.85,27.97,62.04,350.89
2023-06-09 18:00:00,0.0,31.57,65.6,45.65
2023-06-09 19:00:00,0.0,27.65,70.73,1.35
2023-06-09 20:00:00,7.43,27.58,62.75,0.0
2023-06-09 21:00:00,2.28,24.11,61.82,0.0
2023-06-09 22:00:00,0.0,26.26,66.52,35.55
2023-06-09 23:00:00,0.0,23.37,54.96,0.0
2023-06-10 00:00:00,0.0,24.48,62.33,107.05
2023-06-10 01:00:00,0.0,26.69,62.84,0.72
2023-06-10 02:00:00,5.87,27.02,58.91,2.44
2023-06-10 03:00:00,0.0,26.19,68.8,0.0
2023-06-10 04:00:00,9.65,23.73,58.2,24.84
2023-06-10 05:00:00,4.97,34.46,62.83,0.0
2023-06-10 06:00:00,6.55,33.26,64.98,108.24
2023-06-10 07:00:00,12.63,32.51,67.69,322.68
2023-06-10 08:00:00,28.87,30.76,58.46,545.33
2023-06-10 09:00:00,33.5,33.08,61.12,632.1
2023-06-10 10:00:00,48.41,33.01,58.35,869.57
2023-06-10 11:00:00,60.47,37.12,54.47,1018.88
2023-06-10 12:00:00,67.31,35.29,48.06,1021.89
2023-06-10 13:00:00,50.86,33.03,46.68,908.32
2023-06-10 14:00:00,49.37,33.16,55.38,826.8
2023-06-10 15:00:00,41.19,35.55,53.73,679.02
2023-06-10 16:00:00,21.39,35.47,63.11,465.95
2023-06-10 17:00:00,18.96,34.12,64.65,333.25
2023-06-10 18:00:00,0.0,31.28,62.59,0.0
2023-06-10 19:00:00,0.0,27.97,57.72,32.8
2023-06-10 20:00:00,0.0,20.78,66.06,0.0
2023-06-10 21:00:00,0.0,26.83,58.42,0.0
2023-06-10 22:00:00,0.0,25.43,59.72,0.0
2023-06-10 23:00:00,0.0,25.22,58.61,0.0
2023-06-11 00:00:00,0.0,24.92,62.48,75.54
2023-06-11 01:00:00,0.0,22.33,69.02,13.24
2023-06-11 02:00:00,1.92,26.59,63.15,0.0
2023-06-11 03:00:00,9.92,27.54,60.96,50.86
2023-06-11 04:00:00,0.84,28.67,55.54,61.57
2023-06-11 05:00:00,5.98,30.41,65.93,5.2
2023-06-11 06:00:00,0.0,31.02,59.27,101.74
2023-06-11 07:00:00,16.38,30.28,61.17,298.26
2023-06-11 08:00:00,23.23,32.17,56.4,530.97
2023-06-11 09:00:00,33.3,33.53,60.29,662.47
2023-06-11 10:00:00,47.2,34.36,53.72,891.92
2023-06-11 11:00:00,64.74,36.64,53.22,970.66
2023-06-11 12:00:00,65.32,36.1,55.6,1019.67
2023-06-11 13:00:00,59.05,38.79,64.05,925.59
2023-06-11 14:00:00,42.44,38.55,58.95,866.95
2023-06-11 15:00:00,40.98,33.51,55.66,661.79
2023-06-11 16:00:00,31.62,24.64,58.19,389.48
2023-06-11 17:00:00,16.48,33.58,57.96,307.1
2023-06-11 18:00:00,0.0,28.73,58.42,0.0
2023-06-11 19:00:00,0.0,26.91,60.41,5.36
2023-06-11 20:00:00,0.0,26.51,59.31,16.65
2023-06-11 21:00:00,3.22,25.38,66.44,16.33
2023-06-11 22:00:00,0.0,26.7,57.82,0.0
2023-06-11 23:00:00,0.0,21.86,69.84,13.56
2023-06-12 00:00:00,0.86,22.69,66.59,23.55
2023-06-12 01:00:00,5.1,25.71,62.93,36.75
2023-06-12 02:00:00,4.16,26.76,62.83,86.67
2023-06-12 03:00:00,3.5,27.6,60.04,11.71
2023-06-12 04:00:00,0.0,25.77,64.18,3.2
2023-06-12 05:00:00,0.0,26.6,68.27,0.0
2023-06-12 06:00:00,0.0,28.84,59.32,21.8
2023-06-12 07:00:00,21.46,31.62,52.58,290.89
2023-06-12 08:00:00,38.21,35.32,61.35,487.87
2023-06-12 09:00:00,46.48,29.29,57.38,730.78
2023-06-12 10:00:00,54.28,33.74,48.57,847.04
2023-06-12 11:00:00,59.94,32.01,49.5,994.61
2023-06-12 12:00:00,56.36,31.54,48.54,1040.6
2023-06-12 13:00:00,56.88,36.61,49.55,1005.99
2023-06-12 14:00:00,61.71,35.27,52.55,867.56
2023-06-12 15:00:00,36.56,34.28,54.43,651.55
2023-06-12 16:00:00,39.54,34.19,54.58,466.89
2023-06-12 17:00:00,13.52,30.18,56.45,287.27
2023-06-12 18:00:00,7.95,28.98,61.69,122.44
2023-06-12 19:00:00,0.0,32.93,63.67,0.0
2023-06-12 20:00:00,3.52,26.86,61.25,22.79
2023-06-12 21:00:00,0.0,27.78,68.62,0.0
2023-06-12 22:00:00,0.0,25.53,65.37,0.0
2023-06-12 23:00:00,1.31,21.32,54.88,0.0
2023-06-13 00:00:00,6.06,20.79,65.11,0.0
2023-06-13 01:00:00,0.0,23.9,65.52,67.67
2023-06-13 02:00:00,0.0,27.67,60.32,0.0
2023-06-13 03:00:00,0.0,27.92,55.01,0.0
2023-06-13 04:00:00,0.0,29.21,62.53,0.0
2023-06-13 05:00:00,3.29,26.62,62.45,0.0
2023-06-13 06:00:00,5.7,33.12,56.88,68.83
2023-06-13 07:00:00,15.11,29.25,52.65,267.87
2023-06-13 08:00:00,41.02,32.81,57.05,449.79
2023-06-13 09:00:00,43.61,33.4,54.25,674.88
2023-06-13 10:00:00,49.68,33.87,51.74,824.38
2023-06-13 11:00:00,48.06,37.39,52.41,959.99
2023-06-13 12:00:00,58.19,33.47,46.98,1004.76
2023-06-13 13:00:00,55.71,32.01,50.66,1056.95
2023-06-13 14:00:00,57.52,34.25,56.5,766.84
2023-06-13 15:00:00,45.04,32.62,53.67,702.62
2023-06-13 16:00:00,22.81,39.14,49.13,482.28
2023-06-13 17:00:00,16.5,32.53,57.54,305.14
2023-06-13 18:00:00,4.03,29.06,57.14,17.74
2023-06-13 19:00:00,9.17,26.48,63.83,29.52
2023-06-13 20:00:00,5.33,23.62,64.08,17.25
2023-06-13 21:00:00,4.57,24.3,54.2,0.0
2023-06-13 22:00:00,0.36,25.78,66.28,60.56
2023-06-13 23:00:00,2.33,27.91,56.93,39.93
2023-06-14 00:00:00,7.5,27.16,69.94,45.78
2023-06-14 01:00:00,0.0,25.54,61.9,63.2
2023-06-14 02:00:00,0.0,24.94,55.92,20.88
2023-06-14 03:00:00,0.0,26.92,56.44,74.05
2023-06-14 04:00:00,2.27,26.38,63.89,18.88
2023-06-14 05:00:00,7.38,32.06,60.19,0.0
2023-06-14 06:00:00,0.0,29.53,61.66,0.0
2023-06-14 07:00:00,1.14,31.03,67.62,256.88
2023-06-14 08:00:00,27.44,27.98,53.65,472.58
2023-06-14 09:00:00,47.78,33.06,55.38,786.66
2023-06-14 10:00:00,55.04,35.92,60.59,878.34
2023-06-14 11:00:00,60.36,32.61,53.84,967.87
2023-06-14 12:00:00,58.15,33.41,44.11,1016.52
2023-06-14 13:00:00,50.11,36.33,55.02,1112.13
2023-06-14 14:00:00,54.9,31.29,47.67,806.94
2023-06-14 15:00:00,37.3,35.56,62.11,662.81
2023-06-14 16:00:00,43.02,31.35,53.03,429.53
2023-06-14 17:00:00,18.91,30.43,74.41,246.44
2023-06-14 18:00:00,0.0,27.67,69.48,12.28
2023-06-14 19:00:00,0.0,29.38,58.16,0.0
2023-06-14 20:00:00,0.0,32.33,62.25,0.0
2023-06-14 21:00:00,0.0,27.94,65.92,7.12
2023-06-14 22:00:00,6.7,23.85,66.07,0.0
2023-06-14 23:00:00,1.12,27.35,64.36,15.51
2023-06-15 00:00:00,0.0,24.31,68.07,55.71
2023-06-15 01:00:00,11.34,27.86,61.19,33.85
2023-06-15 02:00:00,0.3,27.22,59.97,44.05
2023-06-15 03:00:00,4.61,20.52,60.07,54.3
2023-06-15 04:00:00,0.0,25.43,66.1,14.14
2023-06-15 05:00:00,2.18,30.53,63.63,0.0
2023-06-15 06:00:00,1.87,30.24,63.26,0.0
2023-06-15 07:00:00,4.16,29.19,63.19,238.73
2023-06-15 08:00:00,42.03,31.17,46.55,472.8
2023-06-15 09:00:00,50.08,29.66,56.28,742.25
2023-06-15 10:00:00,49.47,34.09,54.24,881.6
2023-06-15 11:00:00,51.22,39.19,60.49,998.79
2023-06-15 12:00:00,61.96,36.55,44.16,939.94
2023-06-15 13:00:00,58.36,39.15,59.93,1035.54
2023-06-15 14:00:00,53.99,36.03,53.52,842.91
2023-06-15 15:00:00,43.49,35.53,57.18,650.66
2023-06-15 16:00:00,32.98,36.39,65.18,477.02
2023-06-15 17:00:00,24.18,31.99,62.02,382.48
2023-06-15 18:00:00,3.41,29.56,63.81,0.0
2023-06-15 19:00:00,0.0,30.71,63.02,0.0
2023-06-15 20:00:00,8.18,30.35,59.39,0.0
2023-06-15 21:00:00,9.84,25.44,61.66,0.0
2023-06-15 22:00:00,18.91,24.17,58.23,0.0
2023-06-15 23:00:00,0.0,25.39,61.58,7.16
2023-06-16 00:00:00,1.46,26.62,49.78,53.78
2023-06-16 01:00:00,0.0,26.73,63.61,15.71
2023-06-16 02:00:00,3.32,22.78,60.85,0.0
2023-06-16 03:00:00,0.0,30.25,59.78,0.0
2023-06-16 04:00:00,11.54,26.18,62.56,0.0
2023-06-16 05:00:00,0.0,28.14,54.29,2.65
2023-06-16 06:00:00,0.0,28.15,71.11,66.52
2023-06-16 07:00:00,12.68,36.65,58.36,251.03
2023-06-16 08:00:00,18.11,32.94,55.73,494.92
2023-06-16 09:00:00,46.88,31.79,49.56,795.04
2023-06-16 10:00:00,39.5,36.02,52.92,908.68
2023-06-16 11:00:00,58.05,36.33,58.74,993.34
2023-06-16 12:00:00,47.45,34.58,56.64,1096.57
2023-06-16 13:00:00,55.96,36.47,56.07,989.12
2023-06-16 14:00:00,61.75,32.64,55.53,765.54
2023-06-16 15:00:00,44.53,32.51,52.6,747.79
2023-06-16 16:00:00,24.78,28.44,49.21,419.73
2023-06-16 17:00:00,15.32,28.61,57.87,281.07
2023-06-16 18:00:00,0.11,33.58,60.28,0.0
2023-06-16 19:00:00,2.84,31.95,66.71,0.0
2023-06-16 20:00:00,0.0,27.59,63.01,0.0
2023-06-16 21:00:00,3.56,29.75,69.52,0.0
2023-06-16 22:00:00,0.0,25.31,67.45,0.0
2023-06-16 23:00:00,0.0,24.64,59.18,51.63
2023-06-17 00:00:00,0.0,25.09,52.14,0.0
2023-06-17 01:00:00,3.8,24.9,68.05,27.26
2023-06-17 02:00:00,0.14,25.22,67.92,0.0
2023-06-17 03:00:00,0.0,28.73,54.29,0.0
2023-06-17 04:00:00,0.0,27.78,68.66,16.19
2023-06-17 05:00:00,1.19,30.11,63.03,0.0
2023-06-17 06:00:00,0.0,32.04,61.92,0.0
2023-06-17 07:00:00,12.04,32.05,66.6,283.21
2023-06-17 08:00:00,27.09,30.54,62.84,555.76
2023-06-17 09:00:00,46.57,30.81,57.3,702.6
2023-06-17 10:00:00,48.81,34.6,54.82,842.48
2023-06-17 11:00:00,57.38,34.46,54.54,972.95
2023-06-17 12:00:00,72.97,35.15,49.12,1001.99
2023-06-17 13:00:00,49.37,34.77,51.18,977.32
2023-06-17 14:00:00,40.81,39.47,47.95,738.94
2023-06-17 15:00:00,47.09,30.85,52.38,653.1
2023-06-17 16:00:00,25.9,28.5,54.29,457.35
2023-06-17 17:00:00,13.61,31.94,55.35,266.16
2023-06-17 18:00:00,0.0,29.22,61.8,9.29
2023-06-17 19:00:00,0.0,29.31,59.5,31.81
2023-06-17 20:00:00,9.59,28.64,63.63,12.88
2023-06-17 21:00:00,4.81,29.01,53.01,0.0
2023-06-17 22:00:00,5.17,22.63,60.55,72.35
2023-06-17 23:00:00,0.0,24.03,61.78,63.6
2023-06-18 00:00:00,0.0,25.85,59.22,0.0
2023-06-18 01:00:00,0.0,26.7,59.91,16.64
2023-06-18 02:00:00,0.0,30.05,52.85,0.0
2023-06-18 03:00:00,5.74,28.36,62.56,6.94
2023-06-18 04:00:00,3.1,27.38,64.01,52.67
2023-06-18 05:00:00,0.0,26.91,63.24,106.51
2023-06-18 06:00:00,0.0,28.86,65.97,37.56
2023-06-18 07:00:00,11.39,30.1,59.19,273.47
2023-06-18 08:00:00,31.22,33.8,58.17,482.82
2023-06-18 09:00:00,47.01,34.04,54.48,715.95
2023-06-18 10:00:00,42.25,31.67,55.55,933.69
2023-06-18 11:00:00,59.73,33.95,43.23,963.33
2023-06-18 12:00:00,65.57,36.74,46.31,955.32
2023-06-18 13:00:00,55.44,35.52,59.05,884.58
2023-06-18 14:00:00,56.15,35.46,39.81,891.35
2023-06-18 15:00:00,59.3,34.29,53.0,719.21
2023-06-18 16:00:00,29.36,35.74,61.64,467.52
2023-06-18 17:00:00,17.88,31.75,57.72,310.02
2023-06-18 18:00:00,0.0,29.22,58.75,0.0
2023-06-18 19:00:00,1.09,26.86,61.42,0.0
2023-06-18 20:00:00,2.76,27.99,59.01,0.0
2023-06-18 21:00:00,1.17,21.57,60.93,0.0
2023-06-18 22:00:00,0.0,25.29,57.36,11.79
2023-06-18 23:00:00,1.24,24.75,66.32,57.58
2023-06-19 00:00:00,8.77,22.27,67.55,0.0
2023-06-19 01:00:00,2.69,23.31,59.76,24.43
2023-06-19 02:00:00,5.77,27.29,53.5,8.61
2023-06-19 03:00:00,0.0,26.92,57.81,7.69
2023-06-19 04:00:00,4.5,27.7,59.51,43.59
2023-06-19 05:00:00,1.68,29.32,62.96,2.46
2023-06-19 06:00:00,0.0,30.18,55.39,24.01
2023-06-19 07:00:00,17.44,33.78,54.0,294.58
2023-06-19 08:00:00,24.05,32.74,57.98,474.72
2023-06-19 09:00:00,38.62,30.62,58.05,721.98
2023-06-19 10:00:00,53.09,37.59,48.66,853.39
2023-06-19 11:00:00,59.73,35.57,44.1,959.18
2023-06-19 12:00:00,52.86,33.82,66.85,983.78
2023-06-19 13:00:00,64.27,32.32,54.69,989.37
2023-06-19 14:00:00,55.39,35.12,50.44,870.01
2023-06-19 15:00:00,38.19,33.3,57.7,726.75
2023-06-19 16:00:00,20.77,35.64,54.81,499.07
2023-06-19 17:00:00,14.66,30.6,62.18,178.58
2023-06-19 18:00:00,0.0,28.32,61.23,1.57
2023-06-19 19:00:00,0.68,30.49,60.89,3.18
2023-06-19 20:00:00,0.0,29.35,59.86,12.13
2023-06-19 21:00:00,0.0,26.8,53.19,0.0
2023-06-19 22:00:00,0.0,27.02,70.12,0.0
2023-06-19 23:00:00,0.0,25.09,55.72,31.23
2023-06-20 00:00:00,3.8,25.47,53.29,0.0
2023-06-20 01:00:00,0.0,27.5,59.02,8.56
2023-06-20 02:00:00,10.07,26.92,55.28,0.0
2023-06-20 03:00:00,0.0,26.13,59.83,0.0
2023-06-20 04:00:00,7.87,30.2,63.52,0.0
2023-06-20 05:00:00,0.0,23.98,65.06,0.0
2023-06-20 06:00:00,5.16,34.1,64.16,23.69
2023-06-20 07:00:00,16.01,27.88,55.97,228.66
2023-06-20 08:00:00,36.84,31.25,55.33,508.2
2023-06-20 09:00:00,40.1,33.45,55.05,727.63
2023-06-20 10:00:00,45.37,34.04,42.64,836.68
2023-06-20 11:00:00,66.48,36.84,53.28,905.73
2023-06-20 12:00:00,59.32,32.88,42.8,1121.3
2023-06-20 13:00:00,59.28,35.35,60.63,939.53
2023-06-20 14:00:00,59.37,33.17,49.4,897.19
2023-06-20 15:00:00,36.23,34.13,52.09,804.08
2023-06-20 16:00:00,33.57,32.37,51.24,539.49
2023-06-20 17:00:00,11.99,31.48,54.35,243.8
2023-06-20 18:00:00,0.0,28.9,71.46,0.0
2023-06-20 19:00:00,0.43,27.69,64.79,0.0
2023-06-20 20:00:00,0.0,28.07,52.34,44.08
2023-06-20 21:00:00,0.0,28.35,67.61,28.31
2023-06-20 22:00:00,8.11,24.47,66.05,0.0
2023-06-20 23:00:00,5.32,23.43,58.68,0.0
2023-06-21 00:00:00,0.0,26.23,61.28,0.0
2023-06-21 01:00:00,1.46,25.1,59.67,49.33
2023-06-21 02:00:00,0.0,27.33,69.6,6.02
2023-06-21 03:00:00,8.14,24.65,55.76,10.75
2023-06-21 04:00:00,0.0,23.94,60.47,0.0
2023-06-21 05:00:00,1.39,27.64,57.6,0.0
2023-06-21 06:00:00,6.88,28.47,52.58,48.13
2023-06-21 07:00:00,10.86,31.14,68.11,260.91
2023-06-21 08:00:00,39.35,31.23,48.83,545.34
2023-06-21 09:00:00,33.24,35.02,53.77,687.78
2023-06-21 10:00:00,61.74,33.75,42.38,854.15
2023-06-21 11:00:00,55.72,35.13,48.09,1001.55
2023-06-21 12:00:00,58.54,35.31,51.85,1036.58
2023-06-21 13:00:00,46.61,35.22,45.96,1005.76
2023-06-21 14:00:00,49.23,34.28,54.02,851.23
2023-06-21 15:00:00,36.19,34.56,51.33,737.8
2023-06-21 16:00:00,26.35,30.91,60.54,555.43
2023-06-21 17:00:00,14.7,34.09,63.96,253.57
2023-06-21 18:00:00,5.75,29.53,56.81,0.0
2023-06-21 19:00:00,1.25,26.08,60.13,67.14
2023-06-21 20:00:00,1.85,27.87,60.66,0.0
2023-06-21 21:00:00,0.0,24.76,62.84,31.47
2023-06-21 22:00:00,0.0,27.0,59.81,0.0
2023-06-21 23:00:00,10.79,29.59,60.69,0.0
2023-06-22 00:00:00,0.0,23.42,58.18,56.43
2023-06-22 01:00:00,9.94,25.83,59.97,0.0
2023-06-22 02:00:00,0.0,22.15,65.89,0.0
2023-06-22 03:00:00,0.01,27.37,62.63,26.37
2023-06-22 04:00:00,6.42,25.72,62.9,26.35
2023-06-22 05:00:00,7.63,27.45,63.01,0.0
2023-06-22 06:00:00,0.0,27.79,58.63,7.39
2023-06-22 07:00:00,13.2,32.75,58.4,132.19
2023-06-22 08:00:00,29.66,34.51,48.97,535.24
2023-06-22 09:00:00,44.44,33.58,58.67,719.43
2023-06-22 10:00:00,57.3,32.59,36.82,863.55
2023-06-22 11:00:00,57.97,38.0,49.3,966.75
2023-06-22 12:00:00,63.7,33.49,55.1,1024.44
2023-06-22 13:00:00,67.77,30.5,42.92,964.26
2023-06-22 14:00:00,54.24,35.24,52.74,772.13
2023-06-22 15:00:00,44.29,31.32,48.92,816.76
2023-06-22 16:00:00,20.88,34.47,52.55,559.93
2023-06-22 17:00:00,0.0,30.53,61.54,194.51
2023-06-22 18:00:00,2.33,31.2,60.39,0.0
2023-06-22 19:00:00,0.0,31.5,49.23,0.0
2023-06-22 20:00:00,0.0,25.08,54.52,53.94
2023-06-22 21:00:00,1.46,25.33,64.27,0.0
2023-06-22 22:00:00,0.0,25.51,61.64,0.0
2023-06-22 23:00:00,6.77,28.24,68.14,0.0
2023-06-23 00:00:00,0.52,23.67,67.47,0.0
2023-06-23 01:00:00,0.0,23.96,57.34,0.0
2023-06-23 02:00:00,5.94,26.61,71.57,3.98
2023-06-23 03:00:00,0.0,25.29,59.18,0.0
2023-06-23 04:00:00,3.16,27.79,54.24,0.0
2023-06-23 05:00:00,0.0,25.59,55.89,30.98
2023-06-23 06:00:00,0.0,34.41,47.77,22.73
2023-06-23 07:00:00,16.03,28.58,64.5,286.24
2023-06-23 08:00:00,30.06,31.84,62.03,490.87
2023-06-23 09:00:00,45.28,33.45,46.9,678.12
2023-06-23 10:00:00,50.32,38.14,49.25,859.6
2023-06-23 11:00:00,46.9,32.16,49.87,990.44
2023-06-23 12:00:00,57.37,38.95,44.25,890.6
2023-06-23 13:00:00,62.69,36.33,40.62,985.09
2023-06-23 14:00:00,50.15,35.15,49.34,881.0
2023-06-23 15:00:00,40.92,31.55,50.38,709.82
2023-06-23 16:00:00,35.9,33.63,52.11,492.25
2023-06-23 17:00:00,11.25,29.83,57.58,130.37
2023-06-23 18:00:00,0.0,32.52,66.2,0.0
2023-06-23 19:00:00,0.0,26.75,57.54,89.47
2023-06-23 20:00:00,0.0,27.26,59.91,0.65
2023-06-23 21:00:00,0.0,25.34,62.69,0.0
2023-06-23 22:00:00,0.0,23.68,61.82,0.85
2023-06-23 23:00:00,2.95,26.64,55.98,17.74
2023-06-24 00:00:00,0.0,26.04,59.19,32.94
2023-06-24 01:00:00,1.84,27.56,61.45,0.0
2023-06-24 02:00:00,10.88,22.08,53.07,21.25
2023-06-24 03:00:00,0.0,28.56,65.03,83.83
2023-06-24 04:00:00,1.67,32.48,65.87,50.31
2023-06-24 05:00:00,0.0,27.77,55.1,117.02
2023-06-24 06:00:00,0.0,33.76,59.68,0.0
2023-06-24 07:00:00,12.0,30.74,59.33,342.36
2023-06-24 08:00:00,27.1,29.72,50.98,459.95
2023-06-24 09:00:00,44.54,32.89,54.05,724.05
2023-06-24 10:00:00,66.0,36.4,50.87,901.75
2023-06-24 11:00:00,53.6,33.12,41.71,939.38
2023-06-24 12:00:00,57.44,33.77,51.01,1003.36
2023-06-24 13:00:00,57.52,35.99,43.55,1010.44
2023-06-24 14:00:00,54.28,34.31,54.75,829.61
2023-06-24 15:00:00,43.96,34.67,48.28,789.84
2023-06-24 16:00:00,37.67,32.94,52.9,430.25
2023-06-24 17:00:00,0.95,32.22,62.98,355.53
2023-06-24 18:00:00,0.0,29.1,61.19,50.07
2023-06-24 19:00:00,0.0,29.14,53.31,0.0
2023-06-24 20:00:00,6.58,25.61,53.64,0.0
2023-06-24 21:00:00,0.0,29.01,55.71,0.0
2023-06-24 22:00:00,0.0,24.37,60.68,0.0
2023-06-24 23:00:00,3.43,27.4,60.5,0.0
2023-06-25 00:00:00,1.46,24.48,54.15,62.76
2023-06-25 01:00:00,0.0,25.52,52.53,98.43
2023-06-25 02:00:00,0.0,24.63,59.77,9.97
2023-06-25 03:00:00,0.0,24.38,57.46,0.0
2023-06-25 04:00:00,0.66,23.96,69.15,0.0
2023-06-25 05:00:00,0.0,26.55,58.55,0.0
2023-06-25 06:00:00,2.96,29.3,67.44,0.0
2023-06-25 07:00:00,0.0,31.67,49.93,199.44
2023-06-25 08:00:00,24.81,34.47,45.5,604.02
2023-06-25 09:00:00,35.6,32.59,45.69,721.06
2023-06-25 10:00:00,50.34,32.52,55.65,822.92
2023-06-25 11:00:00,54.63,31.89,57.49,1005.14
2023-06-25 12:00:00,64.69,35.91,44.46,939.41
2023-06-25 13:00:00,46.7,37.55,46.4,909.51
2023-06-25 14:00:00,52.15,36.81,43.86,824.43
2023-06-25 15:00:00,45.71,34.91,42.24,788.65
2023-06-25 16:00:00,41.09,33.73,56.96,486.52
2023-06-25 17:00:00,12.61,34.64,56.89,136.3
2023-06-25 18:00:00,1.95,30.61,58.42,60.5
2023-06-25 19:00:00,0.0,29.95,51.37,0.0
2023-06-25 20:00:00,0.0,26.81,66.57,0.0
2023-06-25 21:00:00,5.07,23.69,55.85,0.0
2023-06-25 22:00:00,0.0,24.25,61.03,26.05
2023-06-25 23:00:00,7.07,25.1,51.09,20.2
2023-06-26 00:00:00,0.0,25.05,57.07,89.92
2023-06-26 01:00:00,3.12,28.95,59.48,0.0
2023-06-26 02:00:00,11.21,25.76,59.66,2.34
2023-06-26 03:00:00,2.52,28.75,58.8,0.0
2023-06-26 04:00:00,1.66,26.56,60.5,0.0
2023-06-26 05:00:00,0.05,28.01,52.37,44.28
2023-06-26 06:00:00,0.0,27.27,59.01,23.16
2023-06-26 07:00:00,23.62,29.74,56.0,272.37
2023-06-26 08:00:00,26.26,33.48,54.18,520.12
2023-06-26 09:00:00,45.35,33.48,51.31,671.1
2023-06-26 10:00:00,42.46,36.14,43.0,813.62
2023-06-26 11:00:00,50.74,35.12,41.78,965.44
2023-06-26 12:00:00,68.46,34.22,36.95,1055.61
2023-06-26 13:00:00,55.73,39.05,52.45,1043.97
2023-06-26 14:00:00,60.55,34.07,53.5,903.68
2023-06-26 15:00:00,41.85,35.79,55.17,706.83
2023-06-26 16:00:00,18.88,31.62,54.56,512.27
2023-06-26 17:00:00,20.84,32.64,44.77,258.77
2023-06-26 18:00:00,0.0,31.78,52.89,0.0
2023-06-26 19:00:00,4.19,29.05,58.88,1.23
2023-06-26 20:00:00,0.15,22.72,58.7,0.0
2023-06-26 21:00:00,0.0,26.43,56.91,0.0
2023-06-26 22:00:00,0.99,28.06,59.87,81.81
2023-06-26 23:00:00,13.18,26.15,58.08,41.14
2023-06-27 00:00:00,2.96,25.79,58.29,0.0
2023-06-27 01:00:00,0.0,21.62,54.49,0.0
2023-06-27 02:00:00,6.45,24.13,62.59,0.0
2023-06-27 03:00:00,1.26,27.19,55.53,0.0
2023-06-27 04:00:00,1.26,28.22,51.03,52.06
2023-06-27 05:00:00,0.0,31.03,53.83,32.65
2023-06-27 06:00:00,1.4,29.61,55.94,124.21
2023-06-27 07:00:00,21.69,32.0,60.06,317.57
2023-06-27 08:00:00,24.88,32.43,52.47,508.51
2023-06-27 09:00:00,50.83,31.46,49.68,738.58
2023-06-27 10:00:00,51.24,29.72,42.78,852.98
2023-06-27 11:00:00,52.43,35.59,51.95,906.29
2023-06-27 12:00:00,65.78,35.25,44.42,1061.92
2023-06-27 13:00:00,56.04,33.49,47.52,1013.12
2023-06-27 14:00:00,56.34,30.99,56.42,851.05
2023-06-27 15:00:00,40.53,34.69,53.15,718.42
2023-06-27 16:00:00,29.54,31.87,44.54,560.36
2023-06-27 17:00:00,18.44,32.31,46.25,300.26
2023-06-27 18:00:00,1.75,33.63,57.36,0.0
2023-06-27 19:00:00,0.0,24.32,51.62,12.18
2023-06-27 20:00:00,0.0,26.0,60.92,0.0
2023-06-27 21:00:00,5.58,25.94,57.89,55.65
2023-06-27 22:00:00,0.0,28.48,58.51,51.55
2023-06-27 23:00:00,0.0,21.8,54.15,65.93
2023-06-28 00:00:00,0.0,28.74,66.05,0.0
2023-06-28 01:00:00,0.0,25.31,71.55,0.0
2023-06-28 02:00:00,0.0,25.34,55.95,55.7
2023-06-28 03:00:00,0.0,25.94,59.1,0.0
2023-06-28 04:00:00,0.0,26.49,57.83,0.0
2023-06-28 05:00:00,0.0,30.67,56.04,26.63
2023-06-28 06:00:00,0.0,27.73,53.18,0.0
2023-06-28 07:00:00,17.64,31.85,49.33,347.16
2023-06-28 08:00:00,42.43,31.6,46.66,512.59
2023-06-28 09:00:00,33.17,31.88,52.29,711.98
2023-06-28 10:00:00,58.69,39.37,46.08,843.72
2023-06-28 11:00:00,63.54,35.53,34.79,1041.18
2023-06-28 12:00:00,55.06,36.09,49.56,1013.48
2023-06-28 13:00:00,58.92,36.97,47.49,941.21
2023-06-28 14:00:00,48.98,31.35,55.41,822.47
2023-06-28 15:00:00,43.35,36.91,52.13,700.29
2023-06-28 16:00:00,38.92,27.35,44.95,448.9
2023-06-28 17:00:00,19.09,29.62,43.6,309.11
2023-06-28 18:00:00,3.05,28.95,53.74,0.0
2023-06-28 19:00:00,0.0,29.74,54.21,0.0
2023-06-28 20:00:00,0.0,27.8,62.06,30.51
2023-06-28 21:00:00,0.0,26.0,57.3,17.11
2023-06-28 22:00:00,7.24,25.51,63.01,0.0
2023-06-28 23:00:00,0.0,23.08,50.72,33.01
2023-06-29 00:00:00,0.0,21.84,61.83,0.0
2023-06-29 01:00:00,0.76,26.45,60.6,0.0
2023-06-29 02:00:00,0.0,26.89,46.91,32.59
2023-06-29 03:00:00,0.0,29.46,63.61,23.15
2023-06-29 04:00:00,0.0,25.75,57.47,0.0
2023-06-29 05:00:00,0.0,29.92,58.96,59.87
2023-06-29 06:00:00,0.0,29.26,52.67,4.33
2023-06-29 07:00:00,19.66,33.51,60.79,294.5
2023-06-29 08:00:00,21.99,34.37,46.07,573.62
2023-06-29 09:00:00,32.6,33.79,54.09,758.98
2023-06-29 10:00:00,47.89,33.48,52.44,917.13
2023-06-29 11:00:00,62.02,36.58,42.47,970.09
2023-06-29 12:00:00,58.48,36.12,56.92,1034.04
2023-06-29 13:00:00,54.84,33.29,48.5,971.14
2023-06-29 14:00:00,51.93,31.5,51.61,800.66
2023-06-29 15:00:00,31.71,32.79,42.29,718.24
2023-06-29 16:00:00,32.8,35.36,62.59,509.99
2023-06-29 17:00:00,17.74,33.42,48.29,286.54
2023-06-29 18:00:00,0.0,27.61,62.12,0.0
2023-06-29 19:00:00,6.04,26.2,52.03,0.0
2023-06-29 20:00:00,0.0,29.88,53.9,32.83
2023-06-29 21:00:00,6.77,24.02,60.94,0.0
2023-06-29 22:00:00,0.93,26.52,62.14,72.94
2023-06-29 23:00:00,0.0,23.77,50.64,0.0
