[2026-06-17 14:51:09] laravel.EMERGENCY: Unable to create configured logger. Using emergency logger. {"exception":"[object] (InvalidArgumentException(code: 0): Log [] is not defined. at /Users/paul/WorkSpace/TestSoloCoder/8dcba39c-18f8-480b-b0ba-16d88d729ae7/vendor/laravel/framework/src/Illuminate/Log/LogManager.php:212)
[stacktrace]
#0 /Users/paul/WorkSpace/TestSoloCoder/8dcba39c-18f8-480b-b0ba-16d88d729ae7/vendor/laravel/framework/src/Illuminate/Log/LogManager.php(137): Illuminate\\Log\\LogManager->resolve(NULL, NULL)
#1 /Users/paul/WorkSpace/TestSoloCoder/8dcba39c-18f8-480b-b0ba-16d88d729ae7/vendor/laravel/framework/src/Illuminate/Log/LogManager.php(124): Illuminate\\Log\\LogManager->get(NULL)
#2 /Users/paul/WorkSpace/TestSoloCoder/8dcba39c-18f8-480b-b0ba-16d88d729ae7/vendor/laravel/framework/src/Illuminate/Log/LogManager.php(681): Illuminate\\Log\\LogManager->driver()
#3 /Users/paul/WorkSpace/TestSoloCoder/8dcba39c-18f8-480b-b0ba-16d88d729ae7/vendor/laravel/framework/src/Illuminate/Foundation/Exceptions/Handler.php(317): Illuminate\\Log\\LogManager->error('Class \"Redis\" n...', Array)
#4 /Users/paul/WorkSpace/TestSoloCoder/8dcba39c-18f8-480b-b0ba-16d88d729ae7/vendor/laravel/framework/src/Illuminate/Foundation/Exceptions/Handler.php(278): Illuminate\\Foundation\\Exceptions\\Handler->reportThrowable(Object(Error))
#5 /Users/paul/WorkSpace/TestSoloCoder/8dcba39c-18f8-480b-b0ba-16d88d729ae7/vendor/laravel/framework/src/Illuminate/Foundation/Console/Kernel.php(523): Illuminate\\Foundation\\Exceptions\\Handler->report(Object(Error))
#6 /Users/paul/WorkSpace/TestSoloCoder/8dcba39c-18f8-480b-b0ba-16d88d729ae7/vendor/laravel/framework/src/Illuminate/Foundation/Console/Kernel.php(203): Illuminate\\Foundation\\Console\\Kernel->reportException(Object(Error))
#7 /Users/paul/WorkSpace/TestSoloCoder/8dcba39c-18f8-480b-b0ba-16d88d729ae7/artisan(12): Illuminate\\Foundation\\Console\\Kernel->handle(Object(Symfony\\Component\\Console\\Input\\ArgvInput), Object(Symfony\\Component\\Console\\Output\\ConsoleOutput))
#8 {main}
"} 
[2026-06-17 14:51:09] laravel.ERROR: Class "Redis" not found {"exception":"[object] (Error(code: 0): Class \"Redis\" not found at /Users/paul/WorkSpace/TestSoloCoder/8dcba39c-18f8-480b-b0ba-16d88d729ae7/config/database.php:43)
[stacktrace]
#0 /Users/paul/WorkSpace/TestSoloCoder/8dcba39c-18f8-480b-b0ba-16d88d729ae7/vendor/laravel/framework/src/Illuminate/Foundation/Bootstrap/LoadConfiguration.php(70): require()
#1 /Users/paul/WorkSpace/TestSoloCoder/8dcba39c-18f8-480b-b0ba-16d88d729ae7/vendor/laravel/framework/src/Illuminate/Foundation/Bootstrap/LoadConfiguration.php(39): Illuminate\\Foundation\\Bootstrap\\LoadConfiguration->loadConfigurationFiles(Object(Illuminate\\Foundation\\Application), Object(Illuminate\\Config\\Repository))
#2 /Users/paul/WorkSpace/TestSoloCoder/8dcba39c-18f8-480b-b0ba-16d88d729ae7/vendor/laravel/framework/src/Illuminate/Foundation/Application.php(286): Illuminate\\Foundation\\Bootstrap\\LoadConfiguration->bootstrap(Object(Illuminate\\Foundation\\Application))
#3 /Users/paul/WorkSpace/TestSoloCoder/8dcba39c-18f8-480b-b0ba-16d88d729ae7/vendor/laravel/framework/src/Illuminate/Foundation/Console/Kernel.php(447): Illuminate\\Foundation\\Application->bootstrapWith(Array)
#4 /Users/paul/WorkSpace/TestSoloCoder/8dcba39c-18f8-480b-b0ba-16d88d729ae7/vendor/laravel/framework/src/Illuminate/Foundation/Console/Kernel.php(199): Illuminate\\Foundation\\Console\\Kernel->bootstrap()
#5 /Users/paul/WorkSpace/TestSoloCoder/8dcba39c-18f8-480b-b0ba-16d88d729ae7/artisan(12): Illuminate\\Foundation\\Console\\Kernel->handle(Object(Symfony\\Component\\Console\\Input\\ArgvInput), Object(Symfony\\Component\\Console\\Output\\ConsoleOutput))
#6 {main}
"} 
[2026-06-17 14:52:41] laravel.EMERGENCY: Unable to create configured logger. Using emergency logger. {"exception":"[object] (InvalidArgumentException(code: 0): Driver [sentry] is not supported. at /Users/paul/WorkSpace/TestSoloCoder/8dcba39c-18f8-480b-b0ba-16d88d729ae7/vendor/laravel/framework/src/Illuminate/Log/LogManager.php:225)
[stacktrace]
#0 /Users/paul/WorkSpace/TestSoloCoder/8dcba39c-18f8-480b-b0ba-16d88d729ae7/vendor/laravel/framework/src/Illuminate/Log/LogManager.php(137): Illuminate\\Log\\LogManager->resolve('sentry', Array)
#1 /Users/paul/WorkSpace/TestSoloCoder/8dcba39c-18f8-480b-b0ba-16d88d729ae7/vendor/laravel/framework/src/Illuminate/Log/LogManager.php(124): Illuminate\\Log\\LogManager->get('sentry')
#2 /Users/paul/WorkSpace/TestSoloCoder/8dcba39c-18f8-480b-b0ba-16d88d729ae7/vendor/laravel/framework/src/Illuminate/Log/LogManager.php(113): Illuminate\\Log\\LogManager->driver('sentry')
#3 /Users/paul/WorkSpace/TestSoloCoder/8dcba39c-18f8-480b-b0ba-16d88d729ae7/vendor/laravel/framework/src/Illuminate/Log/LogManager.php(267): Illuminate\\Log\\LogManager->channel('sentry')
#4 [internal function]: Illuminate\\Log\\LogManager->{closure:Illuminate\\Log\\LogManager::createStackDriver():264}('sentry', 1)
#5 /Users/paul/WorkSpace/TestSoloCoder/8dcba39c-18f8-480b-b0ba-16d88d729ae7/vendor/laravel/framework/src/Illuminate/Collections/Arr.php(600): array_map(Object(Closure), Array, Array)
#6 /Users/paul/WorkSpace/TestSoloCoder/8dcba39c-18f8-480b-b0ba-16d88d729ae7/vendor/laravel/framework/src/Illuminate/Collections/Collection.php(778): Illuminate\\Support\\Arr::map(Array, Object(Closure))
#7 /Users/paul/WorkSpace/TestSoloCoder/8dcba39c-18f8-480b-b0ba-16d88d729ae7/vendor/laravel/framework/src/Illuminate/Collections/Traits/EnumeratesValues.php(404): Illuminate\\Support\\Collection->map(Object(Closure))
#8 /Users/paul/WorkSpace/TestSoloCoder/8dcba39c-18f8-480b-b0ba-16d88d729ae7/vendor/laravel/framework/src/Illuminate/Log/LogManager.php(264): Illuminate\\Support\\Collection->flatMap(Object(Closure))
#9 /Users/paul/WorkSpace/TestSoloCoder/8dcba39c-18f8-480b-b0ba-16d88d729ae7/vendor/laravel/framework/src/Illuminate/Log/LogManager.php(222): Illuminate\\Log\\LogManager->createStackDriver(Array)
#10 /Users/paul/WorkSpace/TestSoloCoder/8dcba39c-18f8-480b-b0ba-16d88d729ae7/vendor/laravel/framework/src/Illuminate/Log/LogManager.php(137): Illuminate\\Log\\LogManager->resolve('stack', Array)
#11 /Users/paul/WorkSpace/TestSoloCoder/8dcba39c-18f8-480b-b0ba-16d88d729ae7/vendor/laravel/framework/src/Illuminate/Log/LogManager.php(124): Illuminate\\Log\\LogManager->get('stack')
#12 /Users/paul/WorkSpace/TestSoloCoder/8dcba39c-18f8-480b-b0ba-16d88d729ae7/vendor/laravel/framework/src/Illuminate/Log/LogManager.php(681): Illuminate\\Log\\LogManager->driver()
#13 /Users/paul/WorkSpace/TestSoloCoder/8dcba39c-18f8-480b-b0ba-16d88d729ae7/vendor/laravel/framework/src/Illuminate/Foundation/Exceptions/Handler.php(317): Illuminate\\Log\\LogManager->error('Class \"Str\" not...', Array)
#14 /Users/paul/WorkSpace/TestSoloCoder/8dcba39c-18f8-480b-b0ba-16d88d729ae7/vendor/laravel/framework/src/Illuminate/Foundation/Exceptions/Handler.php(278): Illuminate\\Foundation\\Exceptions\\Handler->reportThrowable(Object(Error))
#15 /Users/paul/WorkSpace/TestSoloCoder/8dcba39c-18f8-480b-b0ba-16d88d729ae7/vendor/laravel/framework/src/Illuminate/Foundation/Console/Kernel.php(523): Illuminate\\Foundation\\Exceptions\\Handler->report(Object(Error))
#16 /Users/paul/WorkSpace/TestSoloCoder/8dcba39c-18f8-480b-b0ba-16d88d729ae7/vendor/laravel/framework/src/Illuminate/Foundation/Console/Kernel.php(203): Illuminate\\Foundation\\Console\\Kernel->reportException(Object(Error))
#17 /Users/paul/WorkSpace/TestSoloCoder/8dcba39c-18f8-480b-b0ba-16d88d729ae7/artisan(12): Illuminate\\Foundation\\Console\\Kernel->handle(Object(Symfony\\Component\\Console\\Input\\ArgvInput), Object(Symfony\\Component\\Console\\Output\\ConsoleOutput))
#18 {main}
"} 
[2026-06-17 14:52:41] laravel.EMERGENCY: Unable to create configured logger. Using emergency logger. {"exception":"[object] (InvalidArgumentException(code: 0): Driver [sentry] is not supported. at /Users/paul/WorkSpace/TestSoloCoder/8dcba39c-18f8-480b-b0ba-16d88d729ae7/vendor/laravel/framework/src/Illuminate/Log/LogManager.php:225)
[stacktrace]
#0 /Users/paul/WorkSpace/TestSoloCoder/8dcba39c-18f8-480b-b0ba-16d88d729ae7/vendor/laravel/framework/src/Illuminate/Log/LogManager.php(137): Illuminate\\Log\\LogManager->resolve('sentry', Array)
#1 /Users/paul/WorkSpace/TestSoloCoder/8dcba39c-18f8-480b-b0ba-16d88d729ae7/vendor/laravel/framework/src/Illuminate/Log/LogManager.php(124): Illuminate\\Log\\LogManager->get('sentry')
#2 /Users/paul/WorkSpace/TestSoloCoder/8dcba39c-18f8-480b-b0ba-16d88d729ae7/vendor/laravel/framework/src/Illuminate/Log/LogManager.php(113): Illuminate\\Log\\LogManager->driver('sentry')
#3 /Users/paul/WorkSpace/TestSoloCoder/8dcba39c-18f8-480b-b0ba-16d88d729ae7/vendor/laravel/framework/src/Illuminate/Log/LogManager.php(273): Illuminate\\Log\\LogManager->channel('sentry')
#4 [internal function]: Illuminate\\Log\\LogManager->{closure:Illuminate\\Log\\LogManager::createStackDriver():270}('sentry', 1)
#5 /Users/paul/WorkSpace/TestSoloCoder/8dcba39c-18f8-480b-b0ba-16d88d729ae7/vendor/laravel/framework/src/Illuminate/Collections/Arr.php(600): array_map(Object(Closure), Array, Array)
#6 /Users/paul/WorkSpace/TestSoloCoder/8dcba39c-18f8-480b-b0ba-16d88d729ae7/vendor/laravel/framework/src/Illuminate/Collections/Collection.php(778): Illuminate\\Support\\Arr::map(Array, Object(Closure))
#7 /Users/paul/WorkSpace/TestSoloCoder/8dcba39c-18f8-480b-b0ba-16d88d729ae7/vendor/laravel/framework/src/Illuminate/Collections/Traits/EnumeratesValues.php(404): Illuminate\\Support\\Collection->map(Object(Closure))
#8 /Users/paul/WorkSpace/TestSoloCoder/8dcba39c-18f8-480b-b0ba-16d88d729ae7/vendor/laravel/framework/src/Illuminate/Log/LogManager.php(270): Illuminate\\Support\\Collection->flatMap(Object(Closure))
#9 /Users/paul/WorkSpace/TestSoloCoder/8dcba39c-18f8-480b-b0ba-16d88d729ae7/vendor/laravel/framework/src/Illuminate/Log/LogManager.php(222): Illuminate\\Log\\LogManager->createStackDriver(Array)
#10 /Users/paul/WorkSpace/TestSoloCoder/8dcba39c-18f8-480b-b0ba-16d88d729ae7/vendor/laravel/framework/src/Illuminate/Log/LogManager.php(137): Illuminate\\Log\\LogManager->resolve('stack', Array)
#11 /Users/paul/WorkSpace/TestSoloCoder/8dcba39c-18f8-480b-b0ba-16d88d729ae7/vendor/laravel/framework/src/Illuminate/Log/LogManager.php(124): Illuminate\\Log\\LogManager->get('stack')
#12 /Users/paul/WorkSpace/TestSoloCoder/8dcba39c-18f8-480b-b0ba-16d88d729ae7/vendor/laravel/framework/src/Illuminate/Log/LogManager.php(681): Illuminate\\Log\\LogManager->driver()
#13 /Users/paul/WorkSpace/TestSoloCoder/8dcba39c-18f8-480b-b0ba-16d88d729ae7/vendor/laravel/framework/src/Illuminate/Foundation/Exceptions/Handler.php(317): Illuminate\\Log\\LogManager->error('Class \"Str\" not...', Array)
#14 /Users/paul/WorkSpace/TestSoloCoder/8dcba39c-18f8-480b-b0ba-16d88d729ae7/vendor/laravel/framework/src/Illuminate/Foundation/Exceptions/Handler.php(278): Illuminate\\Foundation\\Exceptions\\Handler->reportThrowable(Object(Error))
#15 /Users/paul/WorkSpace/TestSoloCoder/8dcba39c-18f8-480b-b0ba-16d88d729ae7/vendor/laravel/framework/src/Illuminate/Foundation/Console/Kernel.php(523): Illuminate\\Foundation\\Exceptions\\Handler->report(Object(Error))
#16 /Users/paul/WorkSpace/TestSoloCoder/8dcba39c-18f8-480b-b0ba-16d88d729ae7/vendor/laravel/framework/src/Illuminate/Foundation/Console/Kernel.php(203): Illuminate\\Foundation\\Console\\Kernel->reportException(Object(Error))
#17 /Users/paul/WorkSpace/TestSoloCoder/8dcba39c-18f8-480b-b0ba-16d88d729ae7/artisan(12): Illuminate\\Foundation\\Console\\Kernel->handle(Object(Symfony\\Component\\Console\\Input\\ArgvInput), Object(Symfony\\Component\\Console\\Output\\ConsoleOutput))
#18 {main}
"} 
[2026-06-17 14:52:41] production.ERROR: Class "Str" not found {"exception":"[object] (Error(code: 0): Class \"Str\" not found at /Users/paul/WorkSpace/TestSoloCoder/8dcba39c-18f8-480b-b0ba-16d88d729ae7/config/session.php:16)
[stacktrace]
#0 /Users/paul/WorkSpace/TestSoloCoder/8dcba39c-18f8-480b-b0ba-16d88d729ae7/vendor/laravel/framework/src/Illuminate/Foundation/Bootstrap/LoadConfiguration.php(70): require()
#1 /Users/paul/WorkSpace/TestSoloCoder/8dcba39c-18f8-480b-b0ba-16d88d729ae7/vendor/laravel/framework/src/Illuminate/Foundation/Bootstrap/LoadConfiguration.php(39): Illuminate\\Foundation\\Bootstrap\\LoadConfiguration->loadConfigurationFiles(Object(Illuminate\\Foundation\\Application), Object(Illuminate\\Config\\Repository))
#2 /Users/paul/WorkSpace/TestSoloCoder/8dcba39c-18f8-480b-b0ba-16d88d729ae7/vendor/laravel/framework/src/Illuminate/Foundation/Application.php(286): Illuminate\\Foundation\\Bootstrap\\LoadConfiguration->bootstrap(Object(Illuminate\\Foundation\\Application))
#3 /Users/paul/WorkSpace/TestSoloCoder/8dcba39c-18f8-480b-b0ba-16d88d729ae7/vendor/laravel/framework/src/Illuminate/Foundation/Console/Kernel.php(447): Illuminate\\Foundation\\Application->bootstrapWith(Array)
#4 /Users/paul/WorkSpace/TestSoloCoder/8dcba39c-18f8-480b-b0ba-16d88d729ae7/vendor/laravel/framework/src/Illuminate/Foundation/Console/Kernel.php(199): Illuminate\\Foundation\\Console\\Kernel->bootstrap()
#5 /Users/paul/WorkSpace/TestSoloCoder/8dcba39c-18f8-480b-b0ba-16d88d729ae7/artisan(12): Illuminate\\Foundation\\Console\\Kernel->handle(Object(Symfony\\Component\\Console\\Input\\ArgvInput), Object(Symfony\\Component\\Console\\Output\\ConsoleOutput))
#6 {main}
"} 
[2026-06-17 14:52:41] production.ERROR: Class "Str" not found {"exception":"[object] (Error(code: 0): Class \"Str\" not found at /Users/paul/WorkSpace/TestSoloCoder/8dcba39c-18f8-480b-b0ba-16d88d729ae7/config/session.php:16)
[stacktrace]
#0 /Users/paul/WorkSpace/TestSoloCoder/8dcba39c-18f8-480b-b0ba-16d88d729ae7/vendor/laravel/framework/src/Illuminate/Foundation/Bootstrap/LoadConfiguration.php(70): require()
#1 /Users/paul/WorkSpace/TestSoloCoder/8dcba39c-18f8-480b-b0ba-16d88d729ae7/vendor/laravel/framework/src/Illuminate/Foundation/Bootstrap/LoadConfiguration.php(39): Illuminate\\Foundation\\Bootstrap\\LoadConfiguration->loadConfigurationFiles(Object(Illuminate\\Foundation\\Application), Object(Illuminate\\Config\\Repository))
#2 /Users/paul/WorkSpace/TestSoloCoder/8dcba39c-18f8-480b-b0ba-16d88d729ae7/vendor/laravel/framework/src/Illuminate/Foundation/Application.php(286): Illuminate\\Foundation\\Bootstrap\\LoadConfiguration->bootstrap(Object(Illuminate\\Foundation\\Application))
#3 /Users/paul/WorkSpace/TestSoloCoder/8dcba39c-18f8-480b-b0ba-16d88d729ae7/vendor/laravel/framework/src/Illuminate/Foundation/Console/Kernel.php(447): Illuminate\\Foundation\\Application->bootstrapWith(Array)
#4 /Users/paul/WorkSpace/TestSoloCoder/8dcba39c-18f8-480b-b0ba-16d88d729ae7/vendor/laravel/framework/src/Illuminate/Foundation/Console/Kernel.php(199): Illuminate\\Foundation\\Console\\Kernel->bootstrap()
#5 /Users/paul/WorkSpace/TestSoloCoder/8dcba39c-18f8-480b-b0ba-16d88d729ae7/artisan(12): Illuminate\\Foundation\\Console\\Kernel->handle(Object(Symfony\\Component\\Console\\Input\\ArgvInput), Object(Symfony\\Component\\Console\\Output\\ConsoleOutput))
#6 {main}
"} 
[2026-06-17 22:53:42] laravel.EMERGENCY: Unable to create configured logger. Using emergency logger. {"exception":"[object] (InvalidArgumentException(code: 0): Driver [sentry] is not supported. at /Users/paul/WorkSpace/TestSoloCoder/8dcba39c-18f8-480b-b0ba-16d88d729ae7/vendor/laravel/framework/src/Illuminate/Log/LogManager.php:225)
[stacktrace]
#0 /Users/paul/WorkSpace/TestSoloCoder/8dcba39c-18f8-480b-b0ba-16d88d729ae7/vendor/laravel/framework/src/Illuminate/Log/LogManager.php(137): Illuminate\\Log\\LogManager->resolve('sentry', Array)
#1 /Users/paul/WorkSpace/TestSoloCoder/8dcba39c-18f8-480b-b0ba-16d88d729ae7/vendor/laravel/framework/src/Illuminate/Log/LogManager.php(124): Illuminate\\Log\\LogManager->get('sentry')
#2 /Users/paul/WorkSpace/TestSoloCoder/8dcba39c-18f8-480b-b0ba-16d88d729ae7/vendor/laravel/framework/src/Illuminate/Log/LogManager.php(113): Illuminate\\Log\\LogManager->driver('sentry')
#3 /Users/paul/WorkSpace/TestSoloCoder/8dcba39c-18f8-480b-b0ba-16d88d729ae7/vendor/laravel/framework/src/Illuminate/Log/LogManager.php(267): Illuminate\\Log\\LogManager->channel('sentry')
#4 [internal function]: Illuminate\\Log\\LogManager->{closure:Illuminate\\Log\\LogManager::createStackDriver():264}('sentry', 1)
#5 /Users/paul/WorkSpace/TestSoloCoder/8dcba39c-18f8-480b-b0ba-16d88d729ae7/vendor/laravel/framework/src/Illuminate/Collections/Arr.php(600): array_map(Object(Closure), Array, Array)
#6 /Users/paul/WorkSpace/TestSoloCoder/8dcba39c-18f8-480b-b0ba-16d88d729ae7/vendor/laravel/framework/src/Illuminate/Collections/Collection.php(778): Illuminate\\Support\\Arr::map(Array, Object(Closure))
#7 /Users/paul/WorkSpace/TestSoloCoder/8dcba39c-18f8-480b-b0ba-16d88d729ae7/vendor/laravel/framework/src/Illuminate/Collections/Traits/EnumeratesValues.php(404): Illuminate\\Support\\Collection->map(Object(Closure))
#8 /Users/paul/WorkSpace/TestSoloCoder/8dcba39c-18f8-480b-b0ba-16d88d729ae7/vendor/laravel/framework/src/Illuminate/Log/LogManager.php(264): Illuminate\\Support\\Collection->flatMap(Object(Closure))
#9 /Users/paul/WorkSpace/TestSoloCoder/8dcba39c-18f8-480b-b0ba-16d88d729ae7/vendor/laravel/framework/src/Illuminate/Log/LogManager.php(222): Illuminate\\Log\\LogManager->createStackDriver(Array)
#10 /Users/paul/WorkSpace/TestSoloCoder/8dcba39c-18f8-480b-b0ba-16d88d729ae7/vendor/laravel/framework/src/Illuminate/Log/LogManager.php(137): Illuminate\\Log\\LogManager->resolve('stack', Array)
#11 /Users/paul/WorkSpace/TestSoloCoder/8dcba39c-18f8-480b-b0ba-16d88d729ae7/vendor/laravel/framework/src/Illuminate/Log/LogManager.php(124): Illuminate\\Log\\LogManager->get('stack')
#12 /Users/paul/WorkSpace/TestSoloCoder/8dcba39c-18f8-480b-b0ba-16d88d729ae7/vendor/laravel/framework/src/Illuminate/Log/LogManager.php(681): Illuminate\\Log\\LogManager->driver()
#13 /Users/paul/WorkSpace/TestSoloCoder/8dcba39c-18f8-480b-b0ba-16d88d729ae7/vendor/laravel/framework/src/Illuminate/Foundation/Exceptions/Handler.php(317): Illuminate\\Log\\LogManager->error('The /Users/paul...', Array)
#14 /Users/paul/WorkSpace/TestSoloCoder/8dcba39c-18f8-480b-b0ba-16d88d729ae7/vendor/laravel/framework/src/Illuminate/Foundation/Exceptions/Handler.php(278): Illuminate\\Foundation\\Exceptions\\Handler->reportThrowable(Object(Exception))
#15 /Users/paul/WorkSpace/TestSoloCoder/8dcba39c-18f8-480b-b0ba-16d88d729ae7/vendor/laravel/framework/src/Illuminate/Foundation/Console/Kernel.php(523): Illuminate\\Foundation\\Exceptions\\Handler->report(Object(Exception))
#16 /Users/paul/WorkSpace/TestSoloCoder/8dcba39c-18f8-480b-b0ba-16d88d729ae7/vendor/laravel/framework/src/Illuminate/Foundation/Console/Kernel.php(203): Illuminate\\Foundation\\Console\\Kernel->reportException(Object(Exception))
#17 /Users/paul/WorkSpace/TestSoloCoder/8dcba39c-18f8-480b-b0ba-16d88d729ae7/artisan(12): Illuminate\\Foundation\\Console\\Kernel->handle(Object(Symfony\\Component\\Console\\Input\\ArgvInput), Object(Symfony\\Component\\Console\\Output\\ConsoleOutput))
#18 {main}
"} 
[2026-06-17 22:53:42] laravel.EMERGENCY: Unable to create configured logger. Using emergency logger. {"exception":"[object] (InvalidArgumentException(code: 0): Driver [sentry] is not supported. at /Users/paul/WorkSpace/TestSoloCoder/8dcba39c-18f8-480b-b0ba-16d88d729ae7/vendor/laravel/framework/src/Illuminate/Log/LogManager.php:225)
[stacktrace]
#0 /Users/paul/WorkSpace/TestSoloCoder/8dcba39c-18f8-480b-b0ba-16d88d729ae7/vendor/laravel/framework/src/Illuminate/Log/LogManager.php(137): Illuminate\\Log\\LogManager->resolve('sentry', Array)
#1 /Users/paul/WorkSpace/TestSoloCoder/8dcba39c-18f8-480b-b0ba-16d88d729ae7/vendor/laravel/framework/src/Illuminate/Log/LogManager.php(124): Illuminate\\Log\\LogManager->get('sentry')
#2 /Users/paul/WorkSpace/TestSoloCoder/8dcba39c-18f8-480b-b0ba-16d88d729ae7/vendor/laravel/framework/src/Illuminate/Log/LogManager.php(113): Illuminate\\Log\\LogManager->driver('sentry')
#3 /Users/paul/WorkSpace/TestSoloCoder/8dcba39c-18f8-480b-b0ba-16d88d729ae7/vendor/laravel/framework/src/Illuminate/Log/LogManager.php(273): Illuminate\\Log\\LogManager->channel('sentry')
#4 [internal function]: Illuminate\\Log\\LogManager->{closure:Illuminate\\Log\\LogManager::createStackDriver():270}('sentry', 1)
#5 /Users/paul/WorkSpace/TestSoloCoder/8dcba39c-18f8-480b-b0ba-16d88d729ae7/vendor/laravel/framework/src/Illuminate/Collections/Arr.php(600): array_map(Object(Closure), Array, Array)
#6 /Users/paul/WorkSpace/TestSoloCoder/8dcba39c-18f8-480b-b0ba-16d88d729ae7/vendor/laravel/framework/src/Illuminate/Collections/Collection.php(778): Illuminate\\Support\\Arr::map(Array, Object(Closure))
#7 /Users/paul/WorkSpace/TestSoloCoder/8dcba39c-18f8-480b-b0ba-16d88d729ae7/vendor/laravel/framework/src/Illuminate/Collections/Traits/EnumeratesValues.php(404): Illuminate\\Support\\Collection->map(Object(Closure))
#8 /Users/paul/WorkSpace/TestSoloCoder/8dcba39c-18f8-480b-b0ba-16d88d729ae7/vendor/laravel/framework/src/Illuminate/Log/LogManager.php(270): Illuminate\\Support\\Collection->flatMap(Object(Closure))
#9 /Users/paul/WorkSpace/TestSoloCoder/8dcba39c-18f8-480b-b0ba-16d88d729ae7/vendor/laravel/framework/src/Illuminate/Log/LogManager.php(222): Illuminate\\Log\\LogManager->createStackDriver(Array)
#10 /Users/paul/WorkSpace/TestSoloCoder/8dcba39c-18f8-480b-b0ba-16d88d729ae7/vendor/laravel/framework/src/Illuminate/Log/LogManager.php(137): Illuminate\\Log\\LogManager->resolve('stack', Array)
#11 /Users/paul/WorkSpace/TestSoloCoder/8dcba39c-18f8-480b-b0ba-16d88d729ae7/vendor/laravel/framework/src/Illuminate/Log/LogManager.php(124): Illuminate\\Log\\LogManager->get('stack')
#12 /Users/paul/WorkSpace/TestSoloCoder/8dcba39c-18f8-480b-b0ba-16d88d729ae7/vendor/laravel/framework/src/Illuminate/Log/LogManager.php(681): Illuminate\\Log\\LogManager->driver()
#13 /Users/paul/WorkSpace/TestSoloCoder/8dcba39c-18f8-480b-b0ba-16d88d729ae7/vendor/laravel/framework/src/Illuminate/Foundation/Exceptions/Handler.php(317): Illuminate\\Log\\LogManager->error('The /Users/paul...', Array)
#14 /Users/paul/WorkSpace/TestSoloCoder/8dcba39c-18f8-480b-b0ba-16d88d729ae7/vendor/laravel/framework/src/Illuminate/Foundation/Exceptions/Handler.php(278): Illuminate\\Foundation\\Exceptions\\Handler->reportThrowable(Object(Exception))
#15 /Users/paul/WorkSpace/TestSoloCoder/8dcba39c-18f8-480b-b0ba-16d88d729ae7/vendor/laravel/framework/src/Illuminate/Foundation/Console/Kernel.php(523): Illuminate\\Foundation\\Exceptions\\Handler->report(Object(Exception))
#16 /Users/paul/WorkSpace/TestSoloCoder/8dcba39c-18f8-480b-b0ba-16d88d729ae7/vendor/laravel/framework/src/Illuminate/Foundation/Console/Kernel.php(203): Illuminate\\Foundation\\Console\\Kernel->reportException(Object(Exception))
#17 /Users/paul/WorkSpace/TestSoloCoder/8dcba39c-18f8-480b-b0ba-16d88d729ae7/artisan(12): Illuminate\\Foundation\\Console\\Kernel->handle(Object(Symfony\\Component\\Console\\Input\\ArgvInput), Object(Symfony\\Component\\Console\\Output\\ConsoleOutput))
#18 {main}
"} 
[2026-06-17 22:53:42] local.ERROR: The /Users/paul/WorkSpace/TestSoloCoder/8dcba39c-18f8-480b-b0ba-16d88d729ae7/bootstrap/cache directory must be present and writable. {"exception":"[object] (Exception(code: 0): The /Users/paul/WorkSpace/TestSoloCoder/8dcba39c-18f8-480b-b0ba-16d88d729ae7/bootstrap/cache directory must be present and writable. at /Users/paul/WorkSpace/TestSoloCoder/8dcba39c-18f8-480b-b0ba-16d88d729ae7/vendor/laravel/framework/src/Illuminate/Foundation/PackageManifest.php:178)
[stacktrace]
#0 /Users/paul/WorkSpace/TestSoloCoder/8dcba39c-18f8-480b-b0ba-16d88d729ae7/vendor/laravel/framework/src/Illuminate/Foundation/PackageManifest.php(131): Illuminate\\Foundation\\PackageManifest->write(Array)
#1 /Users/paul/WorkSpace/TestSoloCoder/8dcba39c-18f8-480b-b0ba-16d88d729ae7/vendor/laravel/framework/src/Illuminate/Foundation/PackageManifest.php(107): Illuminate\\Foundation\\PackageManifest->build()
#2 /Users/paul/WorkSpace/TestSoloCoder/8dcba39c-18f8-480b-b0ba-16d88d729ae7/vendor/laravel/framework/src/Illuminate/Foundation/PackageManifest.php(90): Illuminate\\Foundation\\PackageManifest->getManifest()
#3 /Users/paul/WorkSpace/TestSoloCoder/8dcba39c-18f8-480b-b0ba-16d88d729ae7/vendor/laravel/framework/src/Illuminate/Foundation/PackageManifest.php(79): Illuminate\\Foundation\\PackageManifest->config('aliases')
#4 /Users/paul/WorkSpace/TestSoloCoder/8dcba39c-18f8-480b-b0ba-16d88d729ae7/vendor/laravel/framework/src/Illuminate/Foundation/Bootstrap/RegisterFacades.php(26): Illuminate\\Foundation\\PackageManifest->aliases()
#5 /Users/paul/WorkSpace/TestSoloCoder/8dcba39c-18f8-480b-b0ba-16d88d729ae7/vendor/laravel/framework/src/Illuminate/Foundation/Application.php(286): Illuminate\\Foundation\\Bootstrap\\RegisterFacades->bootstrap(Object(Illuminate\\Foundation\\Application))
#6 /Users/paul/WorkSpace/TestSoloCoder/8dcba39c-18f8-480b-b0ba-16d88d729ae7/vendor/laravel/framework/src/Illuminate/Foundation/Console/Kernel.php(447): Illuminate\\Foundation\\Application->bootstrapWith(Array)
#7 /Users/paul/WorkSpace/TestSoloCoder/8dcba39c-18f8-480b-b0ba-16d88d729ae7/vendor/laravel/framework/src/Illuminate/Foundation/Console/Kernel.php(199): Illuminate\\Foundation\\Console\\Kernel->bootstrap()
#8 /Users/paul/WorkSpace/TestSoloCoder/8dcba39c-18f8-480b-b0ba-16d88d729ae7/artisan(12): Illuminate\\Foundation\\Console\\Kernel->handle(Object(Symfony\\Component\\Console\\Input\\ArgvInput), Object(Symfony\\Component\\Console\\Output\\ConsoleOutput))
#9 {main}
"} 
[2026-06-17 22:53:42] local.ERROR: The /Users/paul/WorkSpace/TestSoloCoder/8dcba39c-18f8-480b-b0ba-16d88d729ae7/bootstrap/cache directory must be present and writable. {"exception":"[object] (Exception(code: 0): The /Users/paul/WorkSpace/TestSoloCoder/8dcba39c-18f8-480b-b0ba-16d88d729ae7/bootstrap/cache directory must be present and writable. at /Users/paul/WorkSpace/TestSoloCoder/8dcba39c-18f8-480b-b0ba-16d88d729ae7/vendor/laravel/framework/src/Illuminate/Foundation/PackageManifest.php:178)
[stacktrace]
#0 /Users/paul/WorkSpace/TestSoloCoder/8dcba39c-18f8-480b-b0ba-16d88d729ae7/vendor/laravel/framework/src/Illuminate/Foundation/PackageManifest.php(131): Illuminate\\Foundation\\PackageManifest->write(Array)
#1 /Users/paul/WorkSpace/TestSoloCoder/8dcba39c-18f8-480b-b0ba-16d88d729ae7/vendor/laravel/framework/src/Illuminate/Foundation/PackageManifest.php(107): Illuminate\\Foundation\\PackageManifest->build()
#2 /Users/paul/WorkSpace/TestSoloCoder/8dcba39c-18f8-480b-b0ba-16d88d729ae7/vendor/laravel/framework/src/Illuminate/Foundation/PackageManifest.php(90): Illuminate\\Foundation\\PackageManifest->getManifest()
#3 /Users/paul/WorkSpace/TestSoloCoder/8dcba39c-18f8-480b-b0ba-16d88d729ae7/vendor/laravel/framework/src/Illuminate/Foundation/PackageManifest.php(79): Illuminate\\Foundation\\PackageManifest->config('aliases')
#4 /Users/paul/WorkSpace/TestSoloCoder/8dcba39c-18f8-480b-b0ba-16d88d729ae7/vendor/laravel/framework/src/Illuminate/Foundation/Bootstrap/RegisterFacades.php(26): Illuminate\\Foundation\\PackageManifest->aliases()
#5 /Users/paul/WorkSpace/TestSoloCoder/8dcba39c-18f8-480b-b0ba-16d88d729ae7/vendor/laravel/framework/src/Illuminate/Foundation/Application.php(286): Illuminate\\Foundation\\Bootstrap\\RegisterFacades->bootstrap(Object(Illuminate\\Foundation\\Application))
#6 /Users/paul/WorkSpace/TestSoloCoder/8dcba39c-18f8-480b-b0ba-16d88d729ae7/vendor/laravel/framework/src/Illuminate/Foundation/Console/Kernel.php(447): Illuminate\\Foundation\\Application->bootstrapWith(Array)
#7 /Users/paul/WorkSpace/TestSoloCoder/8dcba39c-18f8-480b-b0ba-16d88d729ae7/vendor/laravel/framework/src/Illuminate/Foundation/Console/Kernel.php(199): Illuminate\\Foundation\\Console\\Kernel->bootstrap()
#8 /Users/paul/WorkSpace/TestSoloCoder/8dcba39c-18f8-480b-b0ba-16d88d729ae7/artisan(12): Illuminate\\Foundation\\Console\\Kernel->handle(Object(Symfony\\Component\\Console\\Input\\ArgvInput), Object(Symfony\\Component\\Console\\Output\\ConsoleOutput))
#9 {main}
"} 
[2026-06-17 22:56:29] laravel.EMERGENCY: Unable to create configured logger. Using emergency logger. {"exception":"[object] (InvalidArgumentException(code: 0): Driver [sentry] is not supported. at /Users/paul/WorkSpace/TestSoloCoder/8dcba39c-18f8-480b-b0ba-16d88d729ae7/vendor/laravel/framework/src/Illuminate/Log/LogManager.php:225)
[stacktrace]
#0 /Users/paul/WorkSpace/TestSoloCoder/8dcba39c-18f8-480b-b0ba-16d88d729ae7/vendor/laravel/framework/src/Illuminate/Log/LogManager.php(137): Illuminate\\Log\\LogManager->resolve('sentry', Array)
#1 /Users/paul/WorkSpace/TestSoloCoder/8dcba39c-18f8-480b-b0ba-16d88d729ae7/vendor/laravel/framework/src/Illuminate/Log/LogManager.php(124): Illuminate\\Log\\LogManager->get('sentry')
#2 /Users/paul/WorkSpace/TestSoloCoder/8dcba39c-18f8-480b-b0ba-16d88d729ae7/vendor/laravel/framework/src/Illuminate/Log/LogManager.php(113): Illuminate\\Log\\LogManager->driver('sentry')
#3 /Users/paul/WorkSpace/TestSoloCoder/8dcba39c-18f8-480b-b0ba-16d88d729ae7/vendor/laravel/framework/src/Illuminate/Log/LogManager.php(267): Illuminate\\Log\\LogManager->channel('sentry')
#4 [internal function]: Illuminate\\Log\\LogManager->{closure:Illuminate\\Log\\LogManager::createStackDriver():264}('sentry', 1)
#5 /Users/paul/WorkSpace/TestSoloCoder/8dcba39c-18f8-480b-b0ba-16d88d729ae7/vendor/laravel/framework/src/Illuminate/Collections/Arr.php(600): array_map(Object(Closure), Array, Array)
#6 /Users/paul/WorkSpace/TestSoloCoder/8dcba39c-18f8-480b-b0ba-16d88d729ae7/vendor/laravel/framework/src/Illuminate/Collections/Collection.php(778): Illuminate\\Support\\Arr::map(Array, Object(Closure))
#7 /Users/paul/WorkSpace/TestSoloCoder/8dcba39c-18f8-480b-b0ba-16d88d729ae7/vendor/laravel/framework/src/Illuminate/Collections/Traits/EnumeratesValues.php(404): Illuminate\\Support\\Collection->map(Object(Closure))
#8 /Users/paul/WorkSpace/TestSoloCoder/8dcba39c-18f8-480b-b0ba-16d88d729ae7/vendor/laravel/framework/src/Illuminate/Log/LogManager.php(264): Illuminate\\Support\\Collection->flatMap(Object(Closure))
#9 /Users/paul/WorkSpace/TestSoloCoder/8dcba39c-18f8-480b-b0ba-16d88d729ae7/vendor/laravel/framework/src/Illuminate/Log/LogManager.php(222): Illuminate\\Log\\LogManager->createStackDriver(Array)
#10 /Users/paul/WorkSpace/TestSoloCoder/8dcba39c-18f8-480b-b0ba-16d88d729ae7/vendor/laravel/framework/src/Illuminate/Log/LogManager.php(137): Illuminate\\Log\\LogManager->resolve('stack', Array)
#11 /Users/paul/WorkSpace/TestSoloCoder/8dcba39c-18f8-480b-b0ba-16d88d729ae7/vendor/laravel/framework/src/Illuminate/Log/LogManager.php(124): Illuminate\\Log\\LogManager->get('stack')
#12 /Users/paul/WorkSpace/TestSoloCoder/8dcba39c-18f8-480b-b0ba-16d88d729ae7/vendor/laravel/framework/src/Illuminate/Log/LogManager.php(681): Illuminate\\Log\\LogManager->driver()
#13 /Users/paul/WorkSpace/TestSoloCoder/8dcba39c-18f8-480b-b0ba-16d88d729ae7/vendor/laravel/framework/src/Illuminate/Foundation/Exceptions/Handler.php(317): Illuminate\\Log\\LogManager->error('Class \"App\\\\Http...', Array)
#14 /Users/paul/WorkSpace/TestSoloCoder/8dcba39c-18f8-480b-b0ba-16d88d729ae7/vendor/laravel/framework/src/Illuminate/Foundation/Exceptions/Handler.php(278): Illuminate\\Foundation\\Exceptions\\Handler->reportThrowable(Object(Error))
#15 /Users/paul/WorkSpace/TestSoloCoder/8dcba39c-18f8-480b-b0ba-16d88d729ae7/vendor/laravel/framework/src/Illuminate/Foundation/Console/Kernel.php(523): Illuminate\\Foundation\\Exceptions\\Handler->report(Object(Error))
#16 /Users/paul/WorkSpace/TestSoloCoder/8dcba39c-18f8-480b-b0ba-16d88d729ae7/vendor/laravel/framework/src/Illuminate/Foundation/Console/Kernel.php(203): Illuminate\\Foundation\\Console\\Kernel->reportException(Object(Error))
#17 /Users/paul/WorkSpace/TestSoloCoder/8dcba39c-18f8-480b-b0ba-16d88d729ae7/artisan(12): Illuminate\\Foundation\\Console\\Kernel->handle(Object(Symfony\\Component\\Console\\Input\\ArgvInput), Object(Symfony\\Component\\Console\\Output\\ConsoleOutput))
#18 {main}
"} 
[2026-06-17 22:56:29] laravel.EMERGENCY: Unable to create configured logger. Using emergency logger. {"exception":"[object] (InvalidArgumentException(code: 0): Driver [sentry] is not supported. at /Users/paul/WorkSpace/TestSoloCoder/8dcba39c-18f8-480b-b0ba-16d88d729ae7/vendor/laravel/framework/src/Illuminate/Log/LogManager.php:225)
[stacktrace]
#0 /Users/paul/WorkSpace/TestSoloCoder/8dcba39c-18f8-480b-b0ba-16d88d729ae7/vendor/laravel/framework/src/Illuminate/Log/LogManager.php(137): Illuminate\\Log\\LogManager->resolve('sentry', Array)
#1 /Users/paul/WorkSpace/TestSoloCoder/8dcba39c-18f8-480b-b0ba-16d88d729ae7/vendor/laravel/framework/src/Illuminate/Log/LogManager.php(124): Illuminate\\Log\\LogManager->get('sentry')
#2 /Users/paul/WorkSpace/TestSoloCoder/8dcba39c-18f8-480b-b0ba-16d88d729ae7/vendor/laravel/framework/src/Illuminate/Log/LogManager.php(113): Illuminate\\Log\\LogManager->driver('sentry')
#3 /Users/paul/WorkSpace/TestSoloCoder/8dcba39c-18f8-480b-b0ba-16d88d729ae7/vendor/laravel/framework/src/Illuminate/Log/LogManager.php(273): Illuminate\\Log\\LogManager->channel('sentry')
#4 [internal function]: Illuminate\\Log\\LogManager->{closure:Illuminate\\Log\\LogManager::createStackDriver():270}('sentry', 1)
#5 /Users/paul/WorkSpace/TestSoloCoder/8dcba39c-18f8-480b-b0ba-16d88d729ae7/vendor/laravel/framework/src/Illuminate/Collections/Arr.php(600): array_map(Object(Closure), Array, Array)
#6 /Users/paul/WorkSpace/TestSoloCoder/8dcba39c-18f8-480b-b0ba-16d88d729ae7/vendor/laravel/framework/src/Illuminate/Collections/Collection.php(778): Illuminate\\Support\\Arr::map(Array, Object(Closure))
#7 /Users/paul/WorkSpace/TestSoloCoder/8dcba39c-18f8-480b-b0ba-16d88d729ae7/vendor/laravel/framework/src/Illuminate/Collections/Traits/EnumeratesValues.php(404): Illuminate\\Support\\Collection->map(Object(Closure))
#8 /Users/paul/WorkSpace/TestSoloCoder/8dcba39c-18f8-480b-b0ba-16d88d729ae7/vendor/laravel/framework/src/Illuminate/Log/LogManager.php(270): Illuminate\\Support\\Collection->flatMap(Object(Closure))
#9 /Users/paul/WorkSpace/TestSoloCoder/8dcba39c-18f8-480b-b0ba-16d88d729ae7/vendor/laravel/framework/src/Illuminate/Log/LogManager.php(222): Illuminate\\Log\\LogManager->createStackDriver(Array)
#10 /Users/paul/WorkSpace/TestSoloCoder/8dcba39c-18f8-480b-b0ba-16d88d729ae7/vendor/laravel/framework/src/Illuminate/Log/LogManager.php(137): Illuminate\\Log\\LogManager->resolve('stack', Array)
#11 /Users/paul/WorkSpace/TestSoloCoder/8dcba39c-18f8-480b-b0ba-16d88d729ae7/vendor/laravel/framework/src/Illuminate/Log/LogManager.php(124): Illuminate\\Log\\LogManager->get('stack')
#12 /Users/paul/WorkSpace/TestSoloCoder/8dcba39c-18f8-480b-b0ba-16d88d729ae7/vendor/laravel/framework/src/Illuminate/Log/LogManager.php(681): Illuminate\\Log\\LogManager->driver()
#13 /Users/paul/WorkSpace/TestSoloCoder/8dcba39c-18f8-480b-b0ba-16d88d729ae7/vendor/laravel/framework/src/Illuminate/Foundation/Exceptions/Handler.php(317): Illuminate\\Log\\LogManager->error('Class \"App\\\\Http...', Array)
#14 /Users/paul/WorkSpace/TestSoloCoder/8dcba39c-18f8-480b-b0ba-16d88d729ae7/vendor/laravel/framework/src/Illuminate/Foundation/Exceptions/Handler.php(278): Illuminate\\Foundation\\Exceptions\\Handler->reportThrowable(Object(Error))
#15 /Users/paul/WorkSpace/TestSoloCoder/8dcba39c-18f8-480b-b0ba-16d88d729ae7/vendor/laravel/framework/src/Illuminate/Foundation/Console/Kernel.php(523): Illuminate\\Foundation\\Exceptions\\Handler->report(Object(Error))
#16 /Users/paul/WorkSpace/TestSoloCoder/8dcba39c-18f8-480b-b0ba-16d88d729ae7/vendor/laravel/framework/src/Illuminate/Foundation/Console/Kernel.php(203): Illuminate\\Foundation\\Console\\Kernel->reportException(Object(Error))
#17 /Users/paul/WorkSpace/TestSoloCoder/8dcba39c-18f8-480b-b0ba-16d88d729ae7/artisan(12): Illuminate\\Foundation\\Console\\Kernel->handle(Object(Symfony\\Component\\Console\\Input\\ArgvInput), Object(Symfony\\Component\\Console\\Output\\ConsoleOutput))
#18 {main}
"} 
[2026-06-17 22:56:29] local.ERROR: Class "App\Http\Controllers\Controller" not found {"exception":"[object] (Error(code: 0): Class \"App\\Http\\Controllers\\Controller\" not found at /Users/paul/WorkSpace/TestSoloCoder/8dcba39c-18f8-480b-b0ba-16d88d729ae7/app/Http/Controllers/Api/V1/TicketController.php:138)
[stacktrace]
#0 /Users/paul/WorkSpace/TestSoloCoder/8dcba39c-18f8-480b-b0ba-16d88d729ae7/vendor/composer/ClassLoader.php(576): include()
#1 /Users/paul/WorkSpace/TestSoloCoder/8dcba39c-18f8-480b-b0ba-16d88d729ae7/vendor/composer/ClassLoader.php(427): {closure:Composer\\Autoload\\ClassLoader::initializeIncludeClosure():575}('/Users/paul/Wor...')
#2 [internal function]: Composer\\Autoload\\ClassLoader->loadClass('App\\\\Http\\\\Contro...')
#3 /Users/paul/WorkSpace/TestSoloCoder/8dcba39c-18f8-480b-b0ba-16d88d729ae7/vendor/laravel/framework/src/Illuminate/Support/Reflector.php(40): class_exists('App\\\\Http\\\\Contro...')
#4 /Users/paul/WorkSpace/TestSoloCoder/8dcba39c-18f8-480b-b0ba-16d88d729ae7/vendor/laravel/framework/src/Illuminate/Routing/RouteRegistrar.php(247): Illuminate\\Support\\Reflector::isCallable(Array)
#5 /Users/paul/WorkSpace/TestSoloCoder/8dcba39c-18f8-480b-b0ba-16d88d729ae7/vendor/laravel/framework/src/Illuminate/Routing/RouteRegistrar.php(226): Illuminate\\Routing\\RouteRegistrar->compileAction(Array)
#6 /Users/paul/WorkSpace/TestSoloCoder/8dcba39c-18f8-480b-b0ba-16d88d729ae7/vendor/laravel/framework/src/Illuminate/Routing/RouteRegistrar.php(272): Illuminate\\Routing\\RouteRegistrar->registerRoute('post', '/', Array)
#7 /Users/paul/WorkSpace/TestSoloCoder/8dcba39c-18f8-480b-b0ba-16d88d729ae7/routes/api.php(7): Illuminate\\Routing\\RouteRegistrar->__call('post', Array)
#8 /Users/paul/WorkSpace/TestSoloCoder/8dcba39c-18f8-480b-b0ba-16d88d729ae7/vendor/laravel/framework/src/Illuminate/Routing/Router.php(509): Illuminate\\Routing\\RouteFileRegistrar->{closure:/Users/paul/WorkSpace/TestSoloCoder/8dcba39c-18f8-480b-b0ba-16d88d729ae7/routes/api.php:6}(Object(Illuminate\\Routing\\Router))
#9 /Users/paul/WorkSpace/TestSoloCoder/8dcba39c-18f8-480b-b0ba-16d88d729ae7/vendor/laravel/framework/src/Illuminate/Routing/Router.php(465): Illuminate\\Routing\\Router->loadRoutes(Object(Closure))
#10 /Users/paul/WorkSpace/TestSoloCoder/8dcba39c-18f8-480b-b0ba-16d88d729ae7/vendor/laravel/framework/src/Illuminate/Routing/RouteRegistrar.php(194): Illuminate\\Routing\\Router->group(Array, Object(Closure))
#11 /Users/paul/WorkSpace/TestSoloCoder/8dcba39c-18f8-480b-b0ba-16d88d729ae7/routes/api.php(6): Illuminate\\Routing\\RouteRegistrar->group(Object(Closure))
#12 /Users/paul/WorkSpace/TestSoloCoder/8dcba39c-18f8-480b-b0ba-16d88d729ae7/vendor/laravel/framework/src/Illuminate/Routing/RouteFileRegistrar.php(35): require('/Users/paul/Wor...')
#13 /Users/paul/WorkSpace/TestSoloCoder/8dcba39c-18f8-480b-b0ba-16d88d729ae7/vendor/laravel/framework/src/Illuminate/Routing/Router.php(511): Illuminate\\Routing\\RouteFileRegistrar->register('/Users/paul/Wor...')
#14 /Users/paul/WorkSpace/TestSoloCoder/8dcba39c-18f8-480b-b0ba-16d88d729ae7/vendor/laravel/framework/src/Illuminate/Routing/Router.php(465): Illuminate\\Routing\\Router->loadRoutes('/Users/paul/Wor...')
#15 /Users/paul/WorkSpace/TestSoloCoder/8dcba39c-18f8-480b-b0ba-16d88d729ae7/vendor/laravel/framework/src/Illuminate/Routing/RouteRegistrar.php(194): Illuminate\\Routing\\Router->group(Array, '/Users/paul/Wor...')
#16 /Users/paul/WorkSpace/TestSoloCoder/8dcba39c-18f8-480b-b0ba-16d88d729ae7/app/Providers/RouteServiceProvider.php(22): Illuminate\\Routing\\RouteRegistrar->group('/Users/paul/Wor...')
#17 /Users/paul/WorkSpace/TestSoloCoder/8dcba39c-18f8-480b-b0ba-16d88d729ae7/vendor/laravel/framework/src/Illuminate/Container/BoundMethod.php(36): App\\Providers\\RouteServiceProvider->{closure:App\\Providers\\RouteServiceProvider::boot():19}()
#18 /Users/paul/WorkSpace/TestSoloCoder/8dcba39c-18f8-480b-b0ba-16d88d729ae7/vendor/laravel/framework/src/Illuminate/Container/Util.php(41): Illuminate\\Container\\BoundMethod::{closure:Illuminate\\Container\\BoundMethod::call():35}()
#19 /Users/paul/WorkSpace/TestSoloCoder/8dcba39c-18f8-480b-b0ba-16d88d729ae7/vendor/laravel/framework/src/Illuminate/Container/BoundMethod.php(81): Illuminate\\Container\\Util::unwrapIfClosure(Object(Closure))
#20 /Users/paul/WorkSpace/TestSoloCoder/8dcba39c-18f8-480b-b0ba-16d88d729ae7/vendor/laravel/framework/src/Illuminate/Container/BoundMethod.php(35): Illuminate\\Container\\BoundMethod::callBoundMethod(Object(Illuminate\\Foundation\\Application), Object(Closure), Object(Closure))
#21 /Users/paul/WorkSpace/TestSoloCoder/8dcba39c-18f8-480b-b0ba-16d88d729ae7/vendor/laravel/framework/src/Illuminate/Container/Container.php(662): Illuminate\\Container\\BoundMethod::call(Object(Illuminate\\Foundation\\Application), Object(Closure), Array, NULL)
#22 /Users/paul/WorkSpace/TestSoloCoder/8dcba39c-18f8-480b-b0ba-16d88d729ae7/vendor/laravel/framework/src/Illuminate/Foundation/Support/Providers/RouteServiceProvider.php(120): Illuminate\\Container\\Container->call(Object(Closure))
#23 /Users/paul/WorkSpace/TestSoloCoder/8dcba39c-18f8-480b-b0ba-16d88d729ae7/vendor/laravel/framework/src/Illuminate/Foundation/Support/Providers/RouteServiceProvider.php(45): Illuminate\\Foundation\\Support\\Providers\\RouteServiceProvider->loadRoutes()
#24 /Users/paul/WorkSpace/TestSoloCoder/8dcba39c-18f8-480b-b0ba-16d88d729ae7/vendor/laravel/framework/src/Illuminate/Container/BoundMethod.php(36): Illuminate\\Foundation\\Support\\Providers\\RouteServiceProvider->{closure:Illuminate\\Foundation\\Support\\Providers\\RouteServiceProvider::register():39}()
#25 /Users/paul/WorkSpace/TestSoloCoder/8dcba39c-18f8-480b-b0ba-16d88d729ae7/vendor/laravel/framework/src/Illuminate/Container/Util.php(41): Illuminate\\Container\\BoundMethod::{closure:Illuminate\\Container\\BoundMethod::call():35}()
#26 /Users/paul/WorkSpace/TestSoloCoder/8dcba39c-18f8-480b-b0ba-16d88d729ae7/vendor/laravel/framework/src/Illuminate/Container/BoundMethod.php(81): Illuminate\\Container\\Util::unwrapIfClosure(Object(Closure))
#27 /Users/paul/WorkSpace/TestSoloCoder/8dcba39c-18f8-480b-b0ba-16d88d729ae7/vendor/laravel/framework/src/Illuminate/Container/BoundMethod.php(35): Illuminate\\Container\\BoundMethod::callBoundMethod(Object(Illuminate\\Foundation\\Application), Object(Closure), Object(Closure))
#28 /Users/paul/WorkSpace/TestSoloCoder/8dcba39c-18f8-480b-b0ba-16d88d729ae7/vendor/laravel/framework/src/Illuminate/Container/Container.php(662): Illuminate\\Container\\BoundMethod::call(Object(Illuminate\\Foundation\\Application), Object(Closure), Array, NULL)
#29 /Users/paul/WorkSpace/TestSoloCoder/8dcba39c-18f8-480b-b0ba-16d88d729ae7/vendor/laravel/framework/src/Illuminate/Support/ServiceProvider.php(119): Illuminate\\Container\\Container->call(Object(Closure))
#30 /Users/paul/WorkSpace/TestSoloCoder/8dcba39c-18f8-480b-b0ba-16d88d729ae7/vendor/laravel/framework/src/Illuminate/Foundation/Application.php(1062): Illuminate\\Support\\ServiceProvider->callBootedCallbacks()
#31 /Users/paul/WorkSpace/TestSoloCoder/8dcba39c-18f8-480b-b0ba-16d88d729ae7/vendor/laravel/framework/src/Illuminate/Foundation/Application.php(1040): Illuminate\\Foundation\\Application->bootProvider(Object(App\\Providers\\RouteServiceProvider))
#32 [internal function]: Illuminate\\Foundation\\Application->{closure:Illuminate\\Foundation\\Application::boot():1039}(Object(App\\Providers\\RouteServiceProvider), 26)
#33 /Users/paul/WorkSpace/TestSoloCoder/8dcba39c-18f8-480b-b0ba-16d88d729ae7/vendor/laravel/framework/src/Illuminate/Foundation/Application.php(1039): array_walk(Array, Object(Closure))
#34 /Users/paul/WorkSpace/TestSoloCoder/8dcba39c-18f8-480b-b0ba-16d88d729ae7/vendor/laravel/framework/src/Illuminate/Foundation/Bootstrap/BootProviders.php(17): Illuminate\\Foundation\\Application->boot()
#35 /Users/paul/WorkSpace/TestSoloCoder/8dcba39c-18f8-480b-b0ba-16d88d729ae7/vendor/laravel/framework/src/Illuminate/Foundation/Application.php(286): Illuminate\\Foundation\\Bootstrap\\BootProviders->bootstrap(Object(Illuminate\\Foundation\\Application))
#36 /Users/paul/WorkSpace/TestSoloCoder/8dcba39c-18f8-480b-b0ba-16d88d729ae7/vendor/laravel/framework/src/Illuminate/Foundation/Console/Kernel.php(447): Illuminate\\Foundation\\Application->bootstrapWith(Array)
#37 /Users/paul/WorkSpace/TestSoloCoder/8dcba39c-18f8-480b-b0ba-16d88d729ae7/vendor/laravel/framework/src/Illuminate/Foundation/Console/Kernel.php(199): Illuminate\\Foundation\\Console\\Kernel->bootstrap()
#38 /Users/paul/WorkSpace/TestSoloCoder/8dcba39c-18f8-480b-b0ba-16d88d729ae7/artisan(12): Illuminate\\Foundation\\Console\\Kernel->handle(Object(Symfony\\Component\\Console\\Input\\ArgvInput), Object(Symfony\\Component\\Console\\Output\\ConsoleOutput))
#39 {main}
"} 
[2026-06-17 22:56:29] local.ERROR: Class "App\Http\Controllers\Controller" not found {"exception":"[object] (Error(code: 0): Class \"App\\Http\\Controllers\\Controller\" not found at /Users/paul/WorkSpace/TestSoloCoder/8dcba39c-18f8-480b-b0ba-16d88d729ae7/app/Http/Controllers/Api/V1/TicketController.php:138)
[stacktrace]
#0 /Users/paul/WorkSpace/TestSoloCoder/8dcba39c-18f8-480b-b0ba-16d88d729ae7/vendor/composer/ClassLoader.php(576): include()
#1 /Users/paul/WorkSpace/TestSoloCoder/8dcba39c-18f8-480b-b0ba-16d88d729ae7/vendor/composer/ClassLoader.php(427): {closure:Composer\\Autoload\\ClassLoader::initializeIncludeClosure():575}('/Users/paul/Wor...')
#2 [internal function]: Composer\\Autoload\\ClassLoader->loadClass('App\\\\Http\\\\Contro...')
#3 /Users/paul/WorkSpace/TestSoloCoder/8dcba39c-18f8-480b-b0ba-16d88d729ae7/vendor/laravel/framework/src/Illuminate/Support/Reflector.php(40): class_exists('App\\\\Http\\\\Contro...')
#4 /Users/paul/WorkSpace/TestSoloCoder/8dcba39c-18f8-480b-b0ba-16d88d729ae7/vendor/laravel/framework/src/Illuminate/Routing/RouteRegistrar.php(247): Illuminate\\Support\\Reflector::isCallable(Array)
#5 /Users/paul/WorkSpace/TestSoloCoder/8dcba39c-18f8-480b-b0ba-16d88d729ae7/vendor/laravel/framework/src/Illuminate/Routing/RouteRegistrar.php(226): Illuminate\\Routing\\RouteRegistrar->compileAction(Array)
#6 /Users/paul/WorkSpace/TestSoloCoder/8dcba39c-18f8-480b-b0ba-16d88d729ae7/vendor/laravel/framework/src/Illuminate/Routing/RouteRegistrar.php(272): Illuminate\\Routing\\RouteRegistrar->registerRoute('post', '/', Array)
#7 /Users/paul/WorkSpace/TestSoloCoder/8dcba39c-18f8-480b-b0ba-16d88d729ae7/routes/api.php(7): Illuminate\\Routing\\RouteRegistrar->__call('post', Array)
#8 /Users/paul/WorkSpace/TestSoloCoder/8dcba39c-18f8-480b-b0ba-16d88d729ae7/vendor/laravel/framework/src/Illuminate/Routing/Router.php(509): Illuminate\\Routing\\RouteFileRegistrar->{closure:/Users/paul/WorkSpace/TestSoloCoder/8dcba39c-18f8-480b-b0ba-16d88d729ae7/routes/api.php:6}(Object(Illuminate\\Routing\\Router))
#9 /Users/paul/WorkSpace/TestSoloCoder/8dcba39c-18f8-480b-b0ba-16d88d729ae7/vendor/laravel/framework/src/Illuminate/Routing/Router.php(465): Illuminate\\Routing\\Router->loadRoutes(Object(Closure))
#10 /Users/paul/WorkSpace/TestSoloCoder/8dcba39c-18f8-480b-b0ba-16d88d729ae7/vendor/laravel/framework/src/Illuminate/Routing/RouteRegistrar.php(194): Illuminate\\Routing\\Router->group(Array, Object(Closure))
#11 /Users/paul/WorkSpace/TestSoloCoder/8dcba39c-18f8-480b-b0ba-16d88d729ae7/routes/api.php(6): Illuminate\\Routing\\RouteRegistrar->group(Object(Closure))
#12 /Users/paul/WorkSpace/TestSoloCoder/8dcba39c-18f8-480b-b0ba-16d88d729ae7/vendor/laravel/framework/src/Illuminate/Routing/RouteFileRegistrar.php(35): require('/Users/paul/Wor...')
#13 /Users/paul/WorkSpace/TestSoloCoder/8dcba39c-18f8-480b-b0ba-16d88d729ae7/vendor/laravel/framework/src/Illuminate/Routing/Router.php(511): Illuminate\\Routing\\RouteFileRegistrar->register('/Users/paul/Wor...')
#14 /Users/paul/WorkSpace/TestSoloCoder/8dcba39c-18f8-480b-b0ba-16d88d729ae7/vendor/laravel/framework/src/Illuminate/Routing/Router.php(465): Illuminate\\Routing\\Router->loadRoutes('/Users/paul/Wor...')
#15 /Users/paul/WorkSpace/TestSoloCoder/8dcba39c-18f8-480b-b0ba-16d88d729ae7/vendor/laravel/framework/src/Illuminate/Routing/RouteRegistrar.php(194): Illuminate\\Routing\\Router->group(Array, '/Users/paul/Wor...')
#16 /Users/paul/WorkSpace/TestSoloCoder/8dcba39c-18f8-480b-b0ba-16d88d729ae7/app/Providers/RouteServiceProvider.php(22): Illuminate\\Routing\\RouteRegistrar->group('/Users/paul/Wor...')
#17 /Users/paul/WorkSpace/TestSoloCoder/8dcba39c-18f8-480b-b0ba-16d88d729ae7/vendor/laravel/framework/src/Illuminate/Container/BoundMethod.php(36): App\\Providers\\RouteServiceProvider->{closure:App\\Providers\\RouteServiceProvider::boot():19}()
#18 /Users/paul/WorkSpace/TestSoloCoder/8dcba39c-18f8-480b-b0ba-16d88d729ae7/vendor/laravel/framework/src/Illuminate/Container/Util.php(41): Illuminate\\Container\\BoundMethod::{closure:Illuminate\\Container\\BoundMethod::call():35}()
#19 /Users/paul/WorkSpace/TestSoloCoder/8dcba39c-18f8-480b-b0ba-16d88d729ae7/vendor/laravel/framework/src/Illuminate/Container/BoundMethod.php(81): Illuminate\\Container\\Util::unwrapIfClosure(Object(Closure))
#20 /Users/paul/WorkSpace/TestSoloCoder/8dcba39c-18f8-480b-b0ba-16d88d729ae7/vendor/laravel/framework/src/Illuminate/Container/BoundMethod.php(35): Illuminate\\Container\\BoundMethod::callBoundMethod(Object(Illuminate\\Foundation\\Application), Object(Closure), Object(Closure))
#21 /Users/paul/WorkSpace/TestSoloCoder/8dcba39c-18f8-480b-b0ba-16d88d729ae7/vendor/laravel/framework/src/Illuminate/Container/Container.php(662): Illuminate\\Container\\BoundMethod::call(Object(Illuminate\\Foundation\\Application), Object(Closure), Array, NULL)
#22 /Users/paul/WorkSpace/TestSoloCoder/8dcba39c-18f8-480b-b0ba-16d88d729ae7/vendor/laravel/framework/src/Illuminate/Foundation/Support/Providers/RouteServiceProvider.php(120): Illuminate\\Container\\Container->call(Object(Closure))
#23 /Users/paul/WorkSpace/TestSoloCoder/8dcba39c-18f8-480b-b0ba-16d88d729ae7/vendor/laravel/framework/src/Illuminate/Foundation/Support/Providers/RouteServiceProvider.php(45): Illuminate\\Foundation\\Support\\Providers\\RouteServiceProvider->loadRoutes()
#24 /Users/paul/WorkSpace/TestSoloCoder/8dcba39c-18f8-480b-b0ba-16d88d729ae7/vendor/laravel/framework/src/Illuminate/Container/BoundMethod.php(36): Illuminate\\Foundation\\Support\\Providers\\RouteServiceProvider->{closure:Illuminate\\Foundation\\Support\\Providers\\RouteServiceProvider::register():39}()
#25 /Users/paul/WorkSpace/TestSoloCoder/8dcba39c-18f8-480b-b0ba-16d88d729ae7/vendor/laravel/framework/src/Illuminate/Container/Util.php(41): Illuminate\\Container\\BoundMethod::{closure:Illuminate\\Container\\BoundMethod::call():35}()
#26 /Users/paul/WorkSpace/TestSoloCoder/8dcba39c-18f8-480b-b0ba-16d88d729ae7/vendor/laravel/framework/src/Illuminate/Container/BoundMethod.php(81): Illuminate\\Container\\Util::unwrapIfClosure(Object(Closure))
#27 /Users/paul/WorkSpace/TestSoloCoder/8dcba39c-18f8-480b-b0ba-16d88d729ae7/vendor/laravel/framework/src/Illuminate/Container/BoundMethod.php(35): Illuminate\\Container\\BoundMethod::callBoundMethod(Object(Illuminate\\Foundation\\Application), Object(Closure), Object(Closure))
#28 /Users/paul/WorkSpace/TestSoloCoder/8dcba39c-18f8-480b-b0ba-16d88d729ae7/vendor/laravel/framework/src/Illuminate/Container/Container.php(662): Illuminate\\Container\\BoundMethod::call(Object(Illuminate\\Foundation\\Application), Object(Closure), Array, NULL)
#29 /Users/paul/WorkSpace/TestSoloCoder/8dcba39c-18f8-480b-b0ba-16d88d729ae7/vendor/laravel/framework/src/Illuminate/Support/ServiceProvider.php(119): Illuminate\\Container\\Container->call(Object(Closure))
#30 /Users/paul/WorkSpace/TestSoloCoder/8dcba39c-18f8-480b-b0ba-16d88d729ae7/vendor/laravel/framework/src/Illuminate/Foundation/Application.php(1062): Illuminate\\Support\\ServiceProvider->callBootedCallbacks()
#31 /Users/paul/WorkSpace/TestSoloCoder/8dcba39c-18f8-480b-b0ba-16d88d729ae7/vendor/laravel/framework/src/Illuminate/Foundation/Application.php(1040): Illuminate\\Foundation\\Application->bootProvider(Object(App\\Providers\\RouteServiceProvider))
#32 [internal function]: Illuminate\\Foundation\\Application->{closure:Illuminate\\Foundation\\Application::boot():1039}(Object(App\\Providers\\RouteServiceProvider), 26)
#33 /Users/paul/WorkSpace/TestSoloCoder/8dcba39c-18f8-480b-b0ba-16d88d729ae7/vendor/laravel/framework/src/Illuminate/Foundation/Application.php(1039): array_walk(Array, Object(Closure))
#34 /Users/paul/WorkSpace/TestSoloCoder/8dcba39c-18f8-480b-b0ba-16d88d729ae7/vendor/laravel/framework/src/Illuminate/Foundation/Bootstrap/BootProviders.php(17): Illuminate\\Foundation\\Application->boot()
#35 /Users/paul/WorkSpace/TestSoloCoder/8dcba39c-18f8-480b-b0ba-16d88d729ae7/vendor/laravel/framework/src/Illuminate/Foundation/Application.php(286): Illuminate\\Foundation\\Bootstrap\\BootProviders->bootstrap(Object(Illuminate\\Foundation\\Application))
#36 /Users/paul/WorkSpace/TestSoloCoder/8dcba39c-18f8-480b-b0ba-16d88d729ae7/vendor/laravel/framework/src/Illuminate/Foundation/Console/Kernel.php(447): Illuminate\\Foundation\\Application->bootstrapWith(Array)
#37 /Users/paul/WorkSpace/TestSoloCoder/8dcba39c-18f8-480b-b0ba-16d88d729ae7/vendor/laravel/framework/src/Illuminate/Foundation/Console/Kernel.php(199): Illuminate\\Foundation\\Console\\Kernel->bootstrap()
#38 /Users/paul/WorkSpace/TestSoloCoder/8dcba39c-18f8-480b-b0ba-16d88d729ae7/artisan(12): Illuminate\\Foundation\\Console\\Kernel->handle(Object(Symfony\\Component\\Console\\Input\\ArgvInput), Object(Symfony\\Component\\Console\\Output\\ConsoleOutput))
#39 {main}
"} 
[2026-06-17 22:56:49] laravel.EMERGENCY: Unable to create configured logger. Using emergency logger. {"exception":"[object] (InvalidArgumentException(code: 0): Driver [sentry] is not supported. at /Users/paul/WorkSpace/TestSoloCoder/8dcba39c-18f8-480b-b0ba-16d88d729ae7/vendor/laravel/framework/src/Illuminate/Log/LogManager.php:225)
[stacktrace]
#0 /Users/paul/WorkSpace/TestSoloCoder/8dcba39c-18f8-480b-b0ba-16d88d729ae7/vendor/laravel/framework/src/Illuminate/Log/LogManager.php(137): Illuminate\\Log\\LogManager->resolve('sentry', Array)
#1 /Users/paul/WorkSpace/TestSoloCoder/8dcba39c-18f8-480b-b0ba-16d88d729ae7/vendor/laravel/framework/src/Illuminate/Log/LogManager.php(124): Illuminate\\Log\\LogManager->get('sentry')
#2 /Users/paul/WorkSpace/TestSoloCoder/8dcba39c-18f8-480b-b0ba-16d88d729ae7/vendor/laravel/framework/src/Illuminate/Log/LogManager.php(113): Illuminate\\Log\\LogManager->driver('sentry')
#3 /Users/paul/WorkSpace/TestSoloCoder/8dcba39c-18f8-480b-b0ba-16d88d729ae7/vendor/laravel/framework/src/Illuminate/Log/LogManager.php(267): Illuminate\\Log\\LogManager->channel('sentry')
#4 [internal function]: Illuminate\\Log\\LogManager->{closure:Illuminate\\Log\\LogManager::createStackDriver():264}('sentry', 1)
#5 /Users/paul/WorkSpace/TestSoloCoder/8dcba39c-18f8-480b-b0ba-16d88d729ae7/vendor/laravel/framework/src/Illuminate/Collections/Arr.php(600): array_map(Object(Closure), Array, Array)
#6 /Users/paul/WorkSpace/TestSoloCoder/8dcba39c-18f8-480b-b0ba-16d88d729ae7/vendor/laravel/framework/src/Illuminate/Collections/Collection.php(778): Illuminate\\Support\\Arr::map(Array, Object(Closure))
#7 /Users/paul/WorkSpace/TestSoloCoder/8dcba39c-18f8-480b-b0ba-16d88d729ae7/vendor/laravel/framework/src/Illuminate/Collections/Traits/EnumeratesValues.php(404): Illuminate\\Support\\Collection->map(Object(Closure))
#8 /Users/paul/WorkSpace/TestSoloCoder/8dcba39c-18f8-480b-b0ba-16d88d729ae7/vendor/laravel/framework/src/Illuminate/Log/LogManager.php(264): Illuminate\\Support\\Collection->flatMap(Object(Closure))
#9 /Users/paul/WorkSpace/TestSoloCoder/8dcba39c-18f8-480b-b0ba-16d88d729ae7/vendor/laravel/framework/src/Illuminate/Log/LogManager.php(222): Illuminate\\Log\\LogManager->createStackDriver(Array)
#10 /Users/paul/WorkSpace/TestSoloCoder/8dcba39c-18f8-480b-b0ba-16d88d729ae7/vendor/laravel/framework/src/Illuminate/Log/LogManager.php(137): Illuminate\\Log\\LogManager->resolve('stack', Array)
#11 /Users/paul/WorkSpace/TestSoloCoder/8dcba39c-18f8-480b-b0ba-16d88d729ae7/vendor/laravel/framework/src/Illuminate/Log/LogManager.php(124): Illuminate\\Log\\LogManager->get('stack')
#12 /Users/paul/WorkSpace/TestSoloCoder/8dcba39c-18f8-480b-b0ba-16d88d729ae7/vendor/laravel/framework/src/Illuminate/Log/LogManager.php(681): Illuminate\\Log\\LogManager->driver()
#13 /Users/paul/WorkSpace/TestSoloCoder/8dcba39c-18f8-480b-b0ba-16d88d729ae7/vendor/laravel/framework/src/Illuminate/Foundation/Exceptions/Handler.php(317): Illuminate\\Log\\LogManager->error('array_merge(): ...', Array)
#14 /Users/paul/WorkSpace/TestSoloCoder/8dcba39c-18f8-480b-b0ba-16d88d729ae7/vendor/laravel/framework/src/Illuminate/Foundation/Exceptions/Handler.php(278): Illuminate\\Foundation\\Exceptions\\Handler->reportThrowable(Object(TypeError))
#15 /Users/paul/WorkSpace/TestSoloCoder/8dcba39c-18f8-480b-b0ba-16d88d729ae7/vendor/laravel/framework/src/Illuminate/Foundation/Console/Kernel.php(523): Illuminate\\Foundation\\Exceptions\\Handler->report(Object(TypeError))
#16 /Users/paul/WorkSpace/TestSoloCoder/8dcba39c-18f8-480b-b0ba-16d88d729ae7/vendor/laravel/framework/src/Illuminate/Foundation/Console/Kernel.php(203): Illuminate\\Foundation\\Console\\Kernel->reportException(Object(TypeError))
#17 /Users/paul/WorkSpace/TestSoloCoder/8dcba39c-18f8-480b-b0ba-16d88d729ae7/artisan(12): Illuminate\\Foundation\\Console\\Kernel->handle(Object(Symfony\\Component\\Console\\Input\\ArgvInput), Object(Symfony\\Component\\Console\\Output\\ConsoleOutput))
#18 {main}
"} 
[2026-06-17 22:56:49] laravel.EMERGENCY: Unable to create configured logger. Using emergency logger. {"exception":"[object] (InvalidArgumentException(code: 0): Driver [sentry] is not supported. at /Users/paul/WorkSpace/TestSoloCoder/8dcba39c-18f8-480b-b0ba-16d88d729ae7/vendor/laravel/framework/src/Illuminate/Log/LogManager.php:225)
[stacktrace]
#0 /Users/paul/WorkSpace/TestSoloCoder/8dcba39c-18f8-480b-b0ba-16d88d729ae7/vendor/laravel/framework/src/Illuminate/Log/LogManager.php(137): Illuminate\\Log\\LogManager->resolve('sentry', Array)
#1 /Users/paul/WorkSpace/TestSoloCoder/8dcba39c-18f8-480b-b0ba-16d88d729ae7/vendor/laravel/framework/src/Illuminate/Log/LogManager.php(124): Illuminate\\Log\\LogManager->get('sentry')
#2 /Users/paul/WorkSpace/TestSoloCoder/8dcba39c-18f8-480b-b0ba-16d88d729ae7/vendor/laravel/framework/src/Illuminate/Log/LogManager.php(113): Illuminate\\Log\\LogManager->driver('sentry')
#3 /Users/paul/WorkSpace/TestSoloCoder/8dcba39c-18f8-480b-b0ba-16d88d729ae7/vendor/laravel/framework/src/Illuminate/Log/LogManager.php(273): Illuminate\\Log\\LogManager->channel('sentry')
#4 [internal function]: Illuminate\\Log\\LogManager->{closure:Illuminate\\Log\\LogManager::createStackDriver():270}('sentry', 1)
#5 /Users/paul/WorkSpace/TestSoloCoder/8dcba39c-18f8-480b-b0ba-16d88d729ae7/vendor/laravel/framework/src/Illuminate/Collections/Arr.php(600): array_map(Object(Closure), Array, Array)
#6 /Users/paul/WorkSpace/TestSoloCoder/8dcba39c-18f8-480b-b0ba-16d88d729ae7/vendor/laravel/framework/src/Illuminate/Collections/Collection.php(778): Illuminate\\Support\\Arr::map(Array, Object(Closure))
#7 /Users/paul/WorkSpace/TestSoloCoder/8dcba39c-18f8-480b-b0ba-16d88d729ae7/vendor/laravel/framework/src/Illuminate/Collections/Traits/EnumeratesValues.php(404): Illuminate\\Support\\Collection->map(Object(Closure))
#8 /Users/paul/WorkSpace/TestSoloCoder/8dcba39c-18f8-480b-b0ba-16d88d729ae7/vendor/laravel/framework/src/Illuminate/Log/LogManager.php(270): Illuminate\\Support\\Collection->flatMap(Object(Closure))
#9 /Users/paul/WorkSpace/TestSoloCoder/8dcba39c-18f8-480b-b0ba-16d88d729ae7/vendor/laravel/framework/src/Illuminate/Log/LogManager.php(222): Illuminate\\Log\\LogManager->createStackDriver(Array)
#10 /Users/paul/WorkSpace/TestSoloCoder/8dcba39c-18f8-480b-b0ba-16d88d729ae7/vendor/laravel/framework/src/Illuminate/Log/LogManager.php(137): Illuminate\\Log\\LogManager->resolve('stack', Array)
#11 /Users/paul/WorkSpace/TestSoloCoder/8dcba39c-18f8-480b-b0ba-16d88d729ae7/vendor/laravel/framework/src/Illuminate/Log/LogManager.php(124): Illuminate\\Log\\LogManager->get('stack')
#12 /Users/paul/WorkSpace/TestSoloCoder/8dcba39c-18f8-480b-b0ba-16d88d729ae7/vendor/laravel/framework/src/Illuminate/Log/LogManager.php(681): Illuminate\\Log\\LogManager->driver()
#13 /Users/paul/WorkSpace/TestSoloCoder/8dcba39c-18f8-480b-b0ba-16d88d729ae7/vendor/laravel/framework/src/Illuminate/Foundation/Exceptions/Handler.php(317): Illuminate\\Log\\LogManager->error('array_merge(): ...', Array)
#14 /Users/paul/WorkSpace/TestSoloCoder/8dcba39c-18f8-480b-b0ba-16d88d729ae7/vendor/laravel/framework/src/Illuminate/Foundation/Exceptions/Handler.php(278): Illuminate\\Foundation\\Exceptions\\Handler->reportThrowable(Object(TypeError))
#15 /Users/paul/WorkSpace/TestSoloCoder/8dcba39c-18f8-480b-b0ba-16d88d729ae7/vendor/laravel/framework/src/Illuminate/Foundation/Console/Kernel.php(523): Illuminate\\Foundation\\Exceptions\\Handler->report(Object(TypeError))
#16 /Users/paul/WorkSpace/TestSoloCoder/8dcba39c-18f8-480b-b0ba-16d88d729ae7/vendor/laravel/framework/src/Illuminate/Foundation/Console/Kernel.php(203): Illuminate\\Foundation\\Console\\Kernel->reportException(Object(TypeError))
#17 /Users/paul/WorkSpace/TestSoloCoder/8dcba39c-18f8-480b-b0ba-16d88d729ae7/artisan(12): Illuminate\\Foundation\\Console\\Kernel->handle(Object(Symfony\\Component\\Console\\Input\\ArgvInput), Object(Symfony\\Component\\Console\\Output\\ConsoleOutput))
#18 {main}
"} 
[2026-06-17 22:56:49] local.ERROR: array_merge(): Argument #2 must be of type array, string given {"exception":"[object] (TypeError(code: 0): array_merge(): Argument #2 must be of type array, string given at /Users/paul/WorkSpace/TestSoloCoder/8dcba39c-18f8-480b-b0ba-16d88d729ae7/vendor/laravel/framework/src/Illuminate/Routing/RouteGroup.php:84)
[stacktrace]
#0 /Users/paul/WorkSpace/TestSoloCoder/8dcba39c-18f8-480b-b0ba-16d88d729ae7/vendor/laravel/framework/src/Illuminate/Routing/RouteGroup.php(84): array_merge(Array, 'ticket')
#1 /Users/paul/WorkSpace/TestSoloCoder/8dcba39c-18f8-480b-b0ba-16d88d729ae7/vendor/laravel/framework/src/Illuminate/Routing/RouteGroup.php(30): Illuminate\\Routing\\RouteGroup::formatWhere(Array, Array)
#2 /Users/paul/WorkSpace/TestSoloCoder/8dcba39c-18f8-480b-b0ba-16d88d729ae7/vendor/laravel/framework/src/Illuminate/Routing/Router.php(497): Illuminate\\Routing\\RouteGroup::merge(Array, Array, true)
#3 /Users/paul/WorkSpace/TestSoloCoder/8dcba39c-18f8-480b-b0ba-16d88d729ae7/vendor/laravel/framework/src/Illuminate/Routing/Router.php(482): Illuminate\\Routing\\Router->mergeWithLastGroup(Array)
#4 /Users/paul/WorkSpace/TestSoloCoder/8dcba39c-18f8-480b-b0ba-16d88d729ae7/vendor/laravel/framework/src/Illuminate/Routing/Router.php(460): Illuminate\\Routing\\Router->updateGroupStack(Array)
#5 /Users/paul/WorkSpace/TestSoloCoder/8dcba39c-18f8-480b-b0ba-16d88d729ae7/vendor/laravel/framework/src/Illuminate/Routing/RouteRegistrar.php(194): Illuminate\\Routing\\Router->group(Array, Object(Closure))
#6 /Users/paul/WorkSpace/TestSoloCoder/8dcba39c-18f8-480b-b0ba-16d88d729ae7/routes/api.php(13): Illuminate\\Routing\\RouteRegistrar->group(Object(Closure))
#7 /Users/paul/WorkSpace/TestSoloCoder/8dcba39c-18f8-480b-b0ba-16d88d729ae7/vendor/laravel/framework/src/Illuminate/Routing/Router.php(509): Illuminate\\Routing\\RouteFileRegistrar->{closure:/Users/paul/WorkSpace/TestSoloCoder/8dcba39c-18f8-480b-b0ba-16d88d729ae7/routes/api.php:6}(Object(Illuminate\\Routing\\Router))
#8 /Users/paul/WorkSpace/TestSoloCoder/8dcba39c-18f8-480b-b0ba-16d88d729ae7/vendor/laravel/framework/src/Illuminate/Routing/Router.php(465): Illuminate\\Routing\\Router->loadRoutes(Object(Closure))
#9 /Users/paul/WorkSpace/TestSoloCoder/8dcba39c-18f8-480b-b0ba-16d88d729ae7/vendor/laravel/framework/src/Illuminate/Routing/RouteRegistrar.php(194): Illuminate\\Routing\\Router->group(Array, Object(Closure))
#10 /Users/paul/WorkSpace/TestSoloCoder/8dcba39c-18f8-480b-b0ba-16d88d729ae7/routes/api.php(6): Illuminate\\Routing\\RouteRegistrar->group(Object(Closure))
#11 /Users/paul/WorkSpace/TestSoloCoder/8dcba39c-18f8-480b-b0ba-16d88d729ae7/vendor/laravel/framework/src/Illuminate/Routing/RouteFileRegistrar.php(35): require('/Users/paul/Wor...')
#12 /Users/paul/WorkSpace/TestSoloCoder/8dcba39c-18f8-480b-b0ba-16d88d729ae7/vendor/laravel/framework/src/Illuminate/Routing/Router.php(511): Illuminate\\Routing\\RouteFileRegistrar->register('/Users/paul/Wor...')
#13 /Users/paul/WorkSpace/TestSoloCoder/8dcba39c-18f8-480b-b0ba-16d88d729ae7/vendor/laravel/framework/src/Illuminate/Routing/Router.php(465): Illuminate\\Routing\\Router->loadRoutes('/Users/paul/Wor...')
#14 /Users/paul/WorkSpace/TestSoloCoder/8dcba39c-18f8-480b-b0ba-16d88d729ae7/vendor/laravel/framework/src/Illuminate/Routing/RouteRegistrar.php(194): Illuminate\\Routing\\Router->group(Array, '/Users/paul/Wor...')
#15 /Users/paul/WorkSpace/TestSoloCoder/8dcba39c-18f8-480b-b0ba-16d88d729ae7/app/Providers/RouteServiceProvider.php(22): Illuminate\\Routing\\RouteRegistrar->group('/Users/paul/Wor...')
#16 /Users/paul/WorkSpace/TestSoloCoder/8dcba39c-18f8-480b-b0ba-16d88d729ae7/vendor/laravel/framework/src/Illuminate/Container/BoundMethod.php(36): App\\Providers\\RouteServiceProvider->{closure:App\\Providers\\RouteServiceProvider::boot():19}()
#17 /Users/paul/WorkSpace/TestSoloCoder/8dcba39c-18f8-480b-b0ba-16d88d729ae7/vendor/laravel/framework/src/Illuminate/Container/Util.php(41): Illuminate\\Container\\BoundMethod::{closure:Illuminate\\Container\\BoundMethod::call():35}()
#18 /Users/paul/WorkSpace/TestSoloCoder/8dcba39c-18f8-480b-b0ba-16d88d729ae7/vendor/laravel/framework/src/Illuminate/Container/BoundMethod.php(81): Illuminate\\Container\\Util::unwrapIfClosure(Object(Closure))
#19 /Users/paul/WorkSpace/TestSoloCoder/8dcba39c-18f8-480b-b0ba-16d88d729ae7/vendor/laravel/framework/src/Illuminate/Container/BoundMethod.php(35): Illuminate\\Container\\BoundMethod::callBoundMethod(Object(Illuminate\\Foundation\\Application), Object(Closure), Object(Closure))
#20 /Users/paul/WorkSpace/TestSoloCoder/8dcba39c-18f8-480b-b0ba-16d88d729ae7/vendor/laravel/framework/src/Illuminate/Container/Container.php(662): Illuminate\\Container\\BoundMethod::call(Object(Illuminate\\Foundation\\Application), Object(Closure), Array, NULL)
#21 /Users/paul/WorkSpace/TestSoloCoder/8dcba39c-18f8-480b-b0ba-16d88d729ae7/vendor/laravel/framework/src/Illuminate/Foundation/Support/Providers/RouteServiceProvider.php(120): Illuminate\\Container\\Container->call(Object(Closure))
#22 /Users/paul/WorkSpace/TestSoloCoder/8dcba39c-18f8-480b-b0ba-16d88d729ae7/vendor/laravel/framework/src/Illuminate/Foundation/Support/Providers/RouteServiceProvider.php(45): Illuminate\\Foundation\\Support\\Providers\\RouteServiceProvider->loadRoutes()
#23 /Users/paul/WorkSpace/TestSoloCoder/8dcba39c-18f8-480b-b0ba-16d88d729ae7/vendor/laravel/framework/src/Illuminate/Container/BoundMethod.php(36): Illuminate\\Foundation\\Support\\Providers\\RouteServiceProvider->{closure:Illuminate\\Foundation\\Support\\Providers\\RouteServiceProvider::register():39}()
#24 /Users/paul/WorkSpace/TestSoloCoder/8dcba39c-18f8-480b-b0ba-16d88d729ae7/vendor/laravel/framework/src/Illuminate/Container/Util.php(41): Illuminate\\Container\\BoundMethod::{closure:Illuminate\\Container\\BoundMethod::call():35}()
#25 /Users/paul/WorkSpace/TestSoloCoder/8dcba39c-18f8-480b-b0ba-16d88d729ae7/vendor/laravel/framework/src/Illuminate/Container/BoundMethod.php(81): Illuminate\\Container\\Util::unwrapIfClosure(Object(Closure))
#26 /Users/paul/WorkSpace/TestSoloCoder/8dcba39c-18f8-480b-b0ba-16d88d729ae7/vendor/laravel/framework/src/Illuminate/Container/BoundMethod.php(35): Illuminate\\Container\\BoundMethod::callBoundMethod(Object(Illuminate\\Foundation\\Application), Object(Closure), Object(Closure))
#27 /Users/paul/WorkSpace/TestSoloCoder/8dcba39c-18f8-480b-b0ba-16d88d729ae7/vendor/laravel/framework/src/Illuminate/Container/Container.php(662): Illuminate\\Container\\BoundMethod::call(Object(Illuminate\\Foundation\\Application), Object(Closure), Array, NULL)
#28 /Users/paul/WorkSpace/TestSoloCoder/8dcba39c-18f8-480b-b0ba-16d88d729ae7/vendor/laravel/framework/src/Illuminate/Support/ServiceProvider.php(119): Illuminate\\Container\\Container->call(Object(Closure))
#29 /Users/paul/WorkSpace/TestSoloCoder/8dcba39c-18f8-480b-b0ba-16d88d729ae7/vendor/laravel/framework/src/Illuminate/Foundation/Application.php(1062): Illuminate\\Support\\ServiceProvider->callBootedCallbacks()
#30 /Users/paul/WorkSpace/TestSoloCoder/8dcba39c-18f8-480b-b0ba-16d88d729ae7/vendor/laravel/framework/src/Illuminate/Foundation/Application.php(1040): Illuminate\\Foundation\\Application->bootProvider(Object(App\\Providers\\RouteServiceProvider))
#31 [internal function]: Illuminate\\Foundation\\Application->{closure:Illuminate\\Foundation\\Application::boot():1039}(Object(App\\Providers\\RouteServiceProvider), 26)
#32 /Users/paul/WorkSpace/TestSoloCoder/8dcba39c-18f8-480b-b0ba-16d88d729ae7/vendor/laravel/framework/src/Illuminate/Foundation/Application.php(1039): array_walk(Array, Object(Closure))
#33 /Users/paul/WorkSpace/TestSoloCoder/8dcba39c-18f8-480b-b0ba-16d88d729ae7/vendor/laravel/framework/src/Illuminate/Foundation/Bootstrap/BootProviders.php(17): Illuminate\\Foundation\\Application->boot()
#34 /Users/paul/WorkSpace/TestSoloCoder/8dcba39c-18f8-480b-b0ba-16d88d729ae7/vendor/laravel/framework/src/Illuminate/Foundation/Application.php(286): Illuminate\\Foundation\\Bootstrap\\BootProviders->bootstrap(Object(Illuminate\\Foundation\\Application))
#35 /Users/paul/WorkSpace/TestSoloCoder/8dcba39c-18f8-480b-b0ba-16d88d729ae7/vendor/laravel/framework/src/Illuminate/Foundation/Console/Kernel.php(447): Illuminate\\Foundation\\Application->bootstrapWith(Array)
#36 /Users/paul/WorkSpace/TestSoloCoder/8dcba39c-18f8-480b-b0ba-16d88d729ae7/vendor/laravel/framework/src/Illuminate/Foundation/Console/Kernel.php(199): Illuminate\\Foundation\\Console\\Kernel->bootstrap()
#37 /Users/paul/WorkSpace/TestSoloCoder/8dcba39c-18f8-480b-b0ba-16d88d729ae7/artisan(12): Illuminate\\Foundation\\Console\\Kernel->handle(Object(Symfony\\Component\\Console\\Input\\ArgvInput), Object(Symfony\\Component\\Console\\Output\\ConsoleOutput))
#38 {main}
"} 
[2026-06-17 22:56:49] local.ERROR: array_merge(): Argument #2 must be of type array, string given {"exception":"[object] (TypeError(code: 0): array_merge(): Argument #2 must be of type array, string given at /Users/paul/WorkSpace/TestSoloCoder/8dcba39c-18f8-480b-b0ba-16d88d729ae7/vendor/laravel/framework/src/Illuminate/Routing/RouteGroup.php:84)
[stacktrace]
#0 /Users/paul/WorkSpace/TestSoloCoder/8dcba39c-18f8-480b-b0ba-16d88d729ae7/vendor/laravel/framework/src/Illuminate/Routing/RouteGroup.php(84): array_merge(Array, 'ticket')
#1 /Users/paul/WorkSpace/TestSoloCoder/8dcba39c-18f8-480b-b0ba-16d88d729ae7/vendor/laravel/framework/src/Illuminate/Routing/RouteGroup.php(30): Illuminate\\Routing\\RouteGroup::formatWhere(Array, Array)
#2 /Users/paul/WorkSpace/TestSoloCoder/8dcba39c-18f8-480b-b0ba-16d88d729ae7/vendor/laravel/framework/src/Illuminate/Routing/Router.php(497): Illuminate\\Routing\\RouteGroup::merge(Array, Array, true)
#3 /Users/paul/WorkSpace/TestSoloCoder/8dcba39c-18f8-480b-b0ba-16d88d729ae7/vendor/laravel/framework/src/Illuminate/Routing/Router.php(482): Illuminate\\Routing\\Router->mergeWithLastGroup(Array)
#4 /Users/paul/WorkSpace/TestSoloCoder/8dcba39c-18f8-480b-b0ba-16d88d729ae7/vendor/laravel/framework/src/Illuminate/Routing/Router.php(460): Illuminate\\Routing\\Router->updateGroupStack(Array)
#5 /Users/paul/WorkSpace/TestSoloCoder/8dcba39c-18f8-480b-b0ba-16d88d729ae7/vendor/laravel/framework/src/Illuminate/Routing/RouteRegistrar.php(194): Illuminate\\Routing\\Router->group(Array, Object(Closure))
#6 /Users/paul/WorkSpace/TestSoloCoder/8dcba39c-18f8-480b-b0ba-16d88d729ae7/routes/api.php(13): Illuminate\\Routing\\RouteRegistrar->group(Object(Closure))
#7 /Users/paul/WorkSpace/TestSoloCoder/8dcba39c-18f8-480b-b0ba-16d88d729ae7/vendor/laravel/framework/src/Illuminate/Routing/Router.php(509): Illuminate\\Routing\\RouteFileRegistrar->{closure:/Users/paul/WorkSpace/TestSoloCoder/8dcba39c-18f8-480b-b0ba-16d88d729ae7/routes/api.php:6}(Object(Illuminate\\Routing\\Router))
#8 /Users/paul/WorkSpace/TestSoloCoder/8dcba39c-18f8-480b-b0ba-16d88d729ae7/vendor/laravel/framework/src/Illuminate/Routing/Router.php(465): Illuminate\\Routing\\Router->loadRoutes(Object(Closure))
#9 /Users/paul/WorkSpace/TestSoloCoder/8dcba39c-18f8-480b-b0ba-16d88d729ae7/vendor/laravel/framework/src/Illuminate/Routing/RouteRegistrar.php(194): Illuminate\\Routing\\Router->group(Array, Object(Closure))
#10 /Users/paul/WorkSpace/TestSoloCoder/8dcba39c-18f8-480b-b0ba-16d88d729ae7/routes/api.php(6): Illuminate\\Routing\\RouteRegistrar->group(Object(Closure))
#11 /Users/paul/WorkSpace/TestSoloCoder/8dcba39c-18f8-480b-b0ba-16d88d729ae7/vendor/laravel/framework/src/Illuminate/Routing/RouteFileRegistrar.php(35): require('/Users/paul/Wor...')
#12 /Users/paul/WorkSpace/TestSoloCoder/8dcba39c-18f8-480b-b0ba-16d88d729ae7/vendor/laravel/framework/src/Illuminate/Routing/Router.php(511): Illuminate\\Routing\\RouteFileRegistrar->register('/Users/paul/Wor...')
#13 /Users/paul/WorkSpace/TestSoloCoder/8dcba39c-18f8-480b-b0ba-16d88d729ae7/vendor/laravel/framework/src/Illuminate/Routing/Router.php(465): Illuminate\\Routing\\Router->loadRoutes('/Users/paul/Wor...')
#14 /Users/paul/WorkSpace/TestSoloCoder/8dcba39c-18f8-480b-b0ba-16d88d729ae7/vendor/laravel/framework/src/Illuminate/Routing/RouteRegistrar.php(194): Illuminate\\Routing\\Router->group(Array, '/Users/paul/Wor...')
#15 /Users/paul/WorkSpace/TestSoloCoder/8dcba39c-18f8-480b-b0ba-16d88d729ae7/app/Providers/RouteServiceProvider.php(22): Illuminate\\Routing\\RouteRegistrar->group('/Users/paul/Wor...')
#16 /Users/paul/WorkSpace/TestSoloCoder/8dcba39c-18f8-480b-b0ba-16d88d729ae7/vendor/laravel/framework/src/Illuminate/Container/BoundMethod.php(36): App\\Providers\\RouteServiceProvider->{closure:App\\Providers\\RouteServiceProvider::boot():19}()
#17 /Users/paul/WorkSpace/TestSoloCoder/8dcba39c-18f8-480b-b0ba-16d88d729ae7/vendor/laravel/framework/src/Illuminate/Container/Util.php(41): Illuminate\\Container\\BoundMethod::{closure:Illuminate\\Container\\BoundMethod::call():35}()
#18 /Users/paul/WorkSpace/TestSoloCoder/8dcba39c-18f8-480b-b0ba-16d88d729ae7/vendor/laravel/framework/src/Illuminate/Container/BoundMethod.php(81): Illuminate\\Container\\Util::unwrapIfClosure(Object(Closure))
#19 /Users/paul/WorkSpace/TestSoloCoder/8dcba39c-18f8-480b-b0ba-16d88d729ae7/vendor/laravel/framework/src/Illuminate/Container/BoundMethod.php(35): Illuminate\\Container\\BoundMethod::callBoundMethod(Object(Illuminate\\Foundation\\Application), Object(Closure), Object(Closure))
#20 /Users/paul/WorkSpace/TestSoloCoder/8dcba39c-18f8-480b-b0ba-16d88d729ae7/vendor/laravel/framework/src/Illuminate/Container/Container.php(662): Illuminate\\Container\\BoundMethod::call(Object(Illuminate\\Foundation\\Application), Object(Closure), Array, NULL)
#21 /Users/paul/WorkSpace/TestSoloCoder/8dcba39c-18f8-480b-b0ba-16d88d729ae7/vendor/laravel/framework/src/Illuminate/Foundation/Support/Providers/RouteServiceProvider.php(120): Illuminate\\Container\\Container->call(Object(Closure))
#22 /Users/paul/WorkSpace/TestSoloCoder/8dcba39c-18f8-480b-b0ba-16d88d729ae7/vendor/laravel/framework/src/Illuminate/Foundation/Support/Providers/RouteServiceProvider.php(45): Illuminate\\Foundation\\Support\\Providers\\RouteServiceProvider->loadRoutes()
#23 /Users/paul/WorkSpace/TestSoloCoder/8dcba39c-18f8-480b-b0ba-16d88d729ae7/vendor/laravel/framework/src/Illuminate/Container/BoundMethod.php(36): Illuminate\\Foundation\\Support\\Providers\\RouteServiceProvider->{closure:Illuminate\\Foundation\\Support\\Providers\\RouteServiceProvider::register():39}()
#24 /Users/paul/WorkSpace/TestSoloCoder/8dcba39c-18f8-480b-b0ba-16d88d729ae7/vendor/laravel/framework/src/Illuminate/Container/Util.php(41): Illuminate\\Container\\BoundMethod::{closure:Illuminate\\Container\\BoundMethod::call():35}()
#25 /Users/paul/WorkSpace/TestSoloCoder/8dcba39c-18f8-480b-b0ba-16d88d729ae7/vendor/laravel/framework/src/Illuminate/Container/BoundMethod.php(81): Illuminate\\Container\\Util::unwrapIfClosure(Object(Closure))
#26 /Users/paul/WorkSpace/TestSoloCoder/8dcba39c-18f8-480b-b0ba-16d88d729ae7/vendor/laravel/framework/src/Illuminate/Container/BoundMethod.php(35): Illuminate\\Container\\BoundMethod::callBoundMethod(Object(Illuminate\\Foundation\\Application), Object(Closure), Object(Closure))
#27 /Users/paul/WorkSpace/TestSoloCoder/8dcba39c-18f8-480b-b0ba-16d88d729ae7/vendor/laravel/framework/src/Illuminate/Container/Container.php(662): Illuminate\\Container\\BoundMethod::call(Object(Illuminate\\Foundation\\Application), Object(Closure), Array, NULL)
#28 /Users/paul/WorkSpace/TestSoloCoder/8dcba39c-18f8-480b-b0ba-16d88d729ae7/vendor/laravel/framework/src/Illuminate/Support/ServiceProvider.php(119): Illuminate\\Container\\Container->call(Object(Closure))
#29 /Users/paul/WorkSpace/TestSoloCoder/8dcba39c-18f8-480b-b0ba-16d88d729ae7/vendor/laravel/framework/src/Illuminate/Foundation/Application.php(1062): Illuminate\\Support\\ServiceProvider->callBootedCallbacks()
#30 /Users/paul/WorkSpace/TestSoloCoder/8dcba39c-18f8-480b-b0ba-16d88d729ae7/vendor/laravel/framework/src/Illuminate/Foundation/Application.php(1040): Illuminate\\Foundation\\Application->bootProvider(Object(App\\Providers\\RouteServiceProvider))
#31 [internal function]: Illuminate\\Foundation\\Application->{closure:Illuminate\\Foundation\\Application::boot():1039}(Object(App\\Providers\\RouteServiceProvider), 26)
#32 /Users/paul/WorkSpace/TestSoloCoder/8dcba39c-18f8-480b-b0ba-16d88d729ae7/vendor/laravel/framework/src/Illuminate/Foundation/Application.php(1039): array_walk(Array, Object(Closure))
#33 /Users/paul/WorkSpace/TestSoloCoder/8dcba39c-18f8-480b-b0ba-16d88d729ae7/vendor/laravel/framework/src/Illuminate/Foundation/Bootstrap/BootProviders.php(17): Illuminate\\Foundation\\Application->boot()
#34 /Users/paul/WorkSpace/TestSoloCoder/8dcba39c-18f8-480b-b0ba-16d88d729ae7/vendor/laravel/framework/src/Illuminate/Foundation/Application.php(286): Illuminate\\Foundation\\Bootstrap\\BootProviders->bootstrap(Object(Illuminate\\Foundation\\Application))
#35 /Users/paul/WorkSpace/TestSoloCoder/8dcba39c-18f8-480b-b0ba-16d88d729ae7/vendor/laravel/framework/src/Illuminate/Foundation/Console/Kernel.php(447): Illuminate\\Foundation\\Application->bootstrapWith(Array)
#36 /Users/paul/WorkSpace/TestSoloCoder/8dcba39c-18f8-480b-b0ba-16d88d729ae7/vendor/laravel/framework/src/Illuminate/Foundation/Console/Kernel.php(199): Illuminate\\Foundation\\Console\\Kernel->bootstrap()
#37 /Users/paul/WorkSpace/TestSoloCoder/8dcba39c-18f8-480b-b0ba-16d88d729ae7/artisan(12): Illuminate\\Foundation\\Console\\Kernel->handle(Object(Symfony\\Component\\Console\\Input\\ArgvInput), Object(Symfony\\Component\\Console\\Output\\ConsoleOutput))
#38 {main}
"} 
[2026-06-17 22:57:53] laravel.EMERGENCY: Unable to create configured logger. Using emergency logger. {"exception":"[object] (InvalidArgumentException(code: 0): Driver [sentry] is not supported. at /Users/paul/WorkSpace/TestSoloCoder/8dcba39c-18f8-480b-b0ba-16d88d729ae7/vendor/laravel/framework/src/Illuminate/Log/LogManager.php:225)
[stacktrace]
#0 /Users/paul/WorkSpace/TestSoloCoder/8dcba39c-18f8-480b-b0ba-16d88d729ae7/vendor/laravel/framework/src/Illuminate/Log/LogManager.php(137): Illuminate\\Log\\LogManager->resolve('sentry', Array)
#1 /Users/paul/WorkSpace/TestSoloCoder/8dcba39c-18f8-480b-b0ba-16d88d729ae7/vendor/laravel/framework/src/Illuminate/Log/LogManager.php(124): Illuminate\\Log\\LogManager->get('sentry')
#2 /Users/paul/WorkSpace/TestSoloCoder/8dcba39c-18f8-480b-b0ba-16d88d729ae7/vendor/laravel/framework/src/Illuminate/Log/LogManager.php(113): Illuminate\\Log\\LogManager->driver('sentry')
#3 /Users/paul/WorkSpace/TestSoloCoder/8dcba39c-18f8-480b-b0ba-16d88d729ae7/vendor/laravel/framework/src/Illuminate/Log/LogManager.php(267): Illuminate\\Log\\LogManager->channel('sentry')
#4 [internal function]: Illuminate\\Log\\LogManager->{closure:Illuminate\\Log\\LogManager::createStackDriver():264}('sentry', 1)
#5 /Users/paul/WorkSpace/TestSoloCoder/8dcba39c-18f8-480b-b0ba-16d88d729ae7/vendor/laravel/framework/src/Illuminate/Collections/Arr.php(600): array_map(Object(Closure), Array, Array)
#6 /Users/paul/WorkSpace/TestSoloCoder/8dcba39c-18f8-480b-b0ba-16d88d729ae7/vendor/laravel/framework/src/Illuminate/Collections/Collection.php(778): Illuminate\\Support\\Arr::map(Array, Object(Closure))
#7 /Users/paul/WorkSpace/TestSoloCoder/8dcba39c-18f8-480b-b0ba-16d88d729ae7/vendor/laravel/framework/src/Illuminate/Collections/Traits/EnumeratesValues.php(404): Illuminate\\Support\\Collection->map(Object(Closure))
#8 /Users/paul/WorkSpace/TestSoloCoder/8dcba39c-18f8-480b-b0ba-16d88d729ae7/vendor/laravel/framework/src/Illuminate/Log/LogManager.php(264): Illuminate\\Support\\Collection->flatMap(Object(Closure))
#9 /Users/paul/WorkSpace/TestSoloCoder/8dcba39c-18f8-480b-b0ba-16d88d729ae7/vendor/laravel/framework/src/Illuminate/Log/LogManager.php(222): Illuminate\\Log\\LogManager->createStackDriver(Array)
#10 /Users/paul/WorkSpace/TestSoloCoder/8dcba39c-18f8-480b-b0ba-16d88d729ae7/vendor/laravel/framework/src/Illuminate/Log/LogManager.php(137): Illuminate\\Log\\LogManager->resolve('stack', Array)
#11 /Users/paul/WorkSpace/TestSoloCoder/8dcba39c-18f8-480b-b0ba-16d88d729ae7/vendor/laravel/framework/src/Illuminate/Log/LogManager.php(124): Illuminate\\Log\\LogManager->get('stack')
#12 /Users/paul/WorkSpace/TestSoloCoder/8dcba39c-18f8-480b-b0ba-16d88d729ae7/vendor/laravel/framework/src/Illuminate/Log/LogManager.php(681): Illuminate\\Log\\LogManager->driver()
#13 /Users/paul/WorkSpace/TestSoloCoder/8dcba39c-18f8-480b-b0ba-16d88d729ae7/vendor/laravel/framework/src/Illuminate/Foundation/Exceptions/Handler.php(317): Illuminate\\Log\\LogManager->error('array_merge(): ...', Array)
#14 /Users/paul/WorkSpace/TestSoloCoder/8dcba39c-18f8-480b-b0ba-16d88d729ae7/vendor/laravel/framework/src/Illuminate/Foundation/Exceptions/Handler.php(278): Illuminate\\Foundation\\Exceptions\\Handler->reportThrowable(Object(TypeError))
#15 /Users/paul/WorkSpace/TestSoloCoder/8dcba39c-18f8-480b-b0ba-16d88d729ae7/vendor/laravel/framework/src/Illuminate/Foundation/Console/Kernel.php(523): Illuminate\\Foundation\\Exceptions\\Handler->report(Object(TypeError))
#16 /Users/paul/WorkSpace/TestSoloCoder/8dcba39c-18f8-480b-b0ba-16d88d729ae7/vendor/laravel/framework/src/Illuminate/Foundation/Console/Kernel.php(203): Illuminate\\Foundation\\Console\\Kernel->reportException(Object(TypeError))
#17 /Users/paul/WorkSpace/TestSoloCoder/8dcba39c-18f8-480b-b0ba-16d88d729ae7/artisan(12): Illuminate\\Foundation\\Console\\Kernel->handle(Object(Symfony\\Component\\Console\\Input\\ArgvInput), Object(Symfony\\Component\\Console\\Output\\ConsoleOutput))
#18 {main}
"} 
[2026-06-17 22:57:53] laravel.EMERGENCY: Unable to create configured logger. Using emergency logger. {"exception":"[object] (InvalidArgumentException(code: 0): Driver [sentry] is not supported. at /Users/paul/WorkSpace/TestSoloCoder/8dcba39c-18f8-480b-b0ba-16d88d729ae7/vendor/laravel/framework/src/Illuminate/Log/LogManager.php:225)
[stacktrace]
#0 /Users/paul/WorkSpace/TestSoloCoder/8dcba39c-18f8-480b-b0ba-16d88d729ae7/vendor/laravel/framework/src/Illuminate/Log/LogManager.php(137): Illuminate\\Log\\LogManager->resolve('sentry', Array)
#1 /Users/paul/WorkSpace/TestSoloCoder/8dcba39c-18f8-480b-b0ba-16d88d729ae7/vendor/laravel/framework/src/Illuminate/Log/LogManager.php(124): Illuminate\\Log\\LogManager->get('sentry')
#2 /Users/paul/WorkSpace/TestSoloCoder/8dcba39c-18f8-480b-b0ba-16d88d729ae7/vendor/laravel/framework/src/Illuminate/Log/LogManager.php(113): Illuminate\\Log\\LogManager->driver('sentry')
#3 /Users/paul/WorkSpace/TestSoloCoder/8dcba39c-18f8-480b-b0ba-16d88d729ae7/vendor/laravel/framework/src/Illuminate/Log/LogManager.php(273): Illuminate\\Log\\LogManager->channel('sentry')
#4 [internal function]: Illuminate\\Log\\LogManager->{closure:Illuminate\\Log\\LogManager::createStackDriver():270}('sentry', 1)
#5 /Users/paul/WorkSpace/TestSoloCoder/8dcba39c-18f8-480b-b0ba-16d88d729ae7/vendor/laravel/framework/src/Illuminate/Collections/Arr.php(600): array_map(Object(Closure), Array, Array)
#6 /Users/paul/WorkSpace/TestSoloCoder/8dcba39c-18f8-480b-b0ba-16d88d729ae7/vendor/laravel/framework/src/Illuminate/Collections/Collection.php(778): Illuminate\\Support\\Arr::map(Array, Object(Closure))
#7 /Users/paul/WorkSpace/TestSoloCoder/8dcba39c-18f8-480b-b0ba-16d88d729ae7/vendor/laravel/framework/src/Illuminate/Collections/Traits/EnumeratesValues.php(404): Illuminate\\Support\\Collection->map(Object(Closure))
#8 /Users/paul/WorkSpace/TestSoloCoder/8dcba39c-18f8-480b-b0ba-16d88d729ae7/vendor/laravel/framework/src/Illuminate/Log/LogManager.php(270): Illuminate\\Support\\Collection->flatMap(Object(Closure))
#9 /Users/paul/WorkSpace/TestSoloCoder/8dcba39c-18f8-480b-b0ba-16d88d729ae7/vendor/laravel/framework/src/Illuminate/Log/LogManager.php(222): Illuminate\\Log\\LogManager->createStackDriver(Array)
#10 /Users/paul/WorkSpace/TestSoloCoder/8dcba39c-18f8-480b-b0ba-16d88d729ae7/vendor/laravel/framework/src/Illuminate/Log/LogManager.php(137): Illuminate\\Log\\LogManager->resolve('stack', Array)
#11 /Users/paul/WorkSpace/TestSoloCoder/8dcba39c-18f8-480b-b0ba-16d88d729ae7/vendor/laravel/framework/src/Illuminate/Log/LogManager.php(124): Illuminate\\Log\\LogManager->get('stack')
#12 /Users/paul/WorkSpace/TestSoloCoder/8dcba39c-18f8-480b-b0ba-16d88d729ae7/vendor/laravel/framework/src/Illuminate/Log/LogManager.php(681): Illuminate\\Log\\LogManager->driver()
#13 /Users/paul/WorkSpace/TestSoloCoder/8dcba39c-18f8-480b-b0ba-16d88d729ae7/vendor/laravel/framework/src/Illuminate/Foundation/Exceptions/Handler.php(317): Illuminate\\Log\\LogManager->error('array_merge(): ...', Array)
#14 /Users/paul/WorkSpace/TestSoloCoder/8dcba39c-18f8-480b-b0ba-16d88d729ae7/vendor/laravel/framework/src/Illuminate/Foundation/Exceptions/Handler.php(278): Illuminate\\Foundation\\Exceptions\\Handler->reportThrowable(Object(TypeError))
#15 /Users/paul/WorkSpace/TestSoloCoder/8dcba39c-18f8-480b-b0ba-16d88d729ae7/vendor/laravel/framework/src/Illuminate/Foundation/Console/Kernel.php(523): Illuminate\\Foundation\\Exceptions\\Handler->report(Object(TypeError))
#16 /Users/paul/WorkSpace/TestSoloCoder/8dcba39c-18f8-480b-b0ba-16d88d729ae7/vendor/laravel/framework/src/Illuminate/Foundation/Console/Kernel.php(203): Illuminate\\Foundation\\Console\\Kernel->reportException(Object(TypeError))
#17 /Users/paul/WorkSpace/TestSoloCoder/8dcba39c-18f8-480b-b0ba-16d88d729ae7/artisan(12): Illuminate\\Foundation\\Console\\Kernel->handle(Object(Symfony\\Component\\Console\\Input\\ArgvInput), Object(Symfony\\Component\\Console\\Output\\ConsoleOutput))
#18 {main}
"} 
[2026-06-17 22:57:53] local.ERROR: array_merge(): Argument #2 must be of type array, string given {"exception":"[object] (TypeError(code: 0): array_merge(): Argument #2 must be of type array, string given at /Users/paul/WorkSpace/TestSoloCoder/8dcba39c-18f8-480b-b0ba-16d88d729ae7/vendor/laravel/framework/src/Illuminate/Routing/RouteGroup.php:84)
[stacktrace]
#0 /Users/paul/WorkSpace/TestSoloCoder/8dcba39c-18f8-480b-b0ba-16d88d729ae7/vendor/laravel/framework/src/Illuminate/Routing/RouteGroup.php(84): array_merge(Array, 'ticket')
#1 /Users/paul/WorkSpace/TestSoloCoder/8dcba39c-18f8-480b-b0ba-16d88d729ae7/vendor/laravel/framework/src/Illuminate/Routing/RouteGroup.php(30): Illuminate\\Routing\\RouteGroup::formatWhere(Array, Array)
#2 /Users/paul/WorkSpace/TestSoloCoder/8dcba39c-18f8-480b-b0ba-16d88d729ae7/vendor/laravel/framework/src/Illuminate/Routing/Router.php(497): Illuminate\\Routing\\RouteGroup::merge(Array, Array, true)
#3 /Users/paul/WorkSpace/TestSoloCoder/8dcba39c-18f8-480b-b0ba-16d88d729ae7/vendor/laravel/framework/src/Illuminate/Routing/Router.php(482): Illuminate\\Routing\\Router->mergeWithLastGroup(Array)
#4 /Users/paul/WorkSpace/TestSoloCoder/8dcba39c-18f8-480b-b0ba-16d88d729ae7/vendor/laravel/framework/src/Illuminate/Routing/Router.php(460): Illuminate\\Routing\\Router->updateGroupStack(Array)
#5 /Users/paul/WorkSpace/TestSoloCoder/8dcba39c-18f8-480b-b0ba-16d88d729ae7/vendor/laravel/framework/src/Illuminate/Routing/RouteRegistrar.php(194): Illuminate\\Routing\\Router->group(Array, Object(Closure))
#6 /Users/paul/WorkSpace/TestSoloCoder/8dcba39c-18f8-480b-b0ba-16d88d729ae7/routes/api.php(13): Illuminate\\Routing\\RouteRegistrar->group(Object(Closure))
#7 /Users/paul/WorkSpace/TestSoloCoder/8dcba39c-18f8-480b-b0ba-16d88d729ae7/vendor/laravel/framework/src/Illuminate/Routing/Router.php(509): Illuminate\\Routing\\RouteFileRegistrar->{closure:/Users/paul/WorkSpace/TestSoloCoder/8dcba39c-18f8-480b-b0ba-16d88d729ae7/routes/api.php:6}(Object(Illuminate\\Routing\\Router))
#8 /Users/paul/WorkSpace/TestSoloCoder/8dcba39c-18f8-480b-b0ba-16d88d729ae7/vendor/laravel/framework/src/Illuminate/Routing/Router.php(465): Illuminate\\Routing\\Router->loadRoutes(Object(Closure))
#9 /Users/paul/WorkSpace/TestSoloCoder/8dcba39c-18f8-480b-b0ba-16d88d729ae7/vendor/laravel/framework/src/Illuminate/Routing/RouteRegistrar.php(194): Illuminate\\Routing\\Router->group(Array, Object(Closure))
#10 /Users/paul/WorkSpace/TestSoloCoder/8dcba39c-18f8-480b-b0ba-16d88d729ae7/routes/api.php(6): Illuminate\\Routing\\RouteRegistrar->group(Object(Closure))
#11 /Users/paul/WorkSpace/TestSoloCoder/8dcba39c-18f8-480b-b0ba-16d88d729ae7/vendor/laravel/framework/src/Illuminate/Routing/RouteFileRegistrar.php(35): require('/Users/paul/Wor...')
#12 /Users/paul/WorkSpace/TestSoloCoder/8dcba39c-18f8-480b-b0ba-16d88d729ae7/vendor/laravel/framework/src/Illuminate/Routing/Router.php(511): Illuminate\\Routing\\RouteFileRegistrar->register('/Users/paul/Wor...')
#13 /Users/paul/WorkSpace/TestSoloCoder/8dcba39c-18f8-480b-b0ba-16d88d729ae7/vendor/laravel/framework/src/Illuminate/Routing/Router.php(465): Illuminate\\Routing\\Router->loadRoutes('/Users/paul/Wor...')
#14 /Users/paul/WorkSpace/TestSoloCoder/8dcba39c-18f8-480b-b0ba-16d88d729ae7/vendor/laravel/framework/src/Illuminate/Routing/RouteRegistrar.php(194): Illuminate\\Routing\\Router->group(Array, '/Users/paul/Wor...')
#15 /Users/paul/WorkSpace/TestSoloCoder/8dcba39c-18f8-480b-b0ba-16d88d729ae7/app/Providers/RouteServiceProvider.php(22): Illuminate\\Routing\\RouteRegistrar->group('/Users/paul/Wor...')
#16 /Users/paul/WorkSpace/TestSoloCoder/8dcba39c-18f8-480b-b0ba-16d88d729ae7/vendor/laravel/framework/src/Illuminate/Container/BoundMethod.php(36): App\\Providers\\RouteServiceProvider->{closure:App\\Providers\\RouteServiceProvider::boot():19}()
#17 /Users/paul/WorkSpace/TestSoloCoder/8dcba39c-18f8-480b-b0ba-16d88d729ae7/vendor/laravel/framework/src/Illuminate/Container/Util.php(41): Illuminate\\Container\\BoundMethod::{closure:Illuminate\\Container\\BoundMethod::call():35}()
#18 /Users/paul/WorkSpace/TestSoloCoder/8dcba39c-18f8-480b-b0ba-16d88d729ae7/vendor/laravel/framework/src/Illuminate/Container/BoundMethod.php(81): Illuminate\\Container\\Util::unwrapIfClosure(Object(Closure))
#19 /Users/paul/WorkSpace/TestSoloCoder/8dcba39c-18f8-480b-b0ba-16d88d729ae7/vendor/laravel/framework/src/Illuminate/Container/BoundMethod.php(35): Illuminate\\Container\\BoundMethod::callBoundMethod(Object(Illuminate\\Foundation\\Application), Object(Closure), Object(Closure))
#20 /Users/paul/WorkSpace/TestSoloCoder/8dcba39c-18f8-480b-b0ba-16d88d729ae7/vendor/laravel/framework/src/Illuminate/Container/Container.php(662): Illuminate\\Container\\BoundMethod::call(Object(Illuminate\\Foundation\\Application), Object(Closure), Array, NULL)
#21 /Users/paul/WorkSpace/TestSoloCoder/8dcba39c-18f8-480b-b0ba-16d88d729ae7/vendor/laravel/framework/src/Illuminate/Foundation/Support/Providers/RouteServiceProvider.php(120): Illuminate\\Container\\Container->call(Object(Closure))
#22 /Users/paul/WorkSpace/TestSoloCoder/8dcba39c-18f8-480b-b0ba-16d88d729ae7/vendor/laravel/framework/src/Illuminate/Foundation/Support/Providers/RouteServiceProvider.php(45): Illuminate\\Foundation\\Support\\Providers\\RouteServiceProvider->loadRoutes()
#23 /Users/paul/WorkSpace/TestSoloCoder/8dcba39c-18f8-480b-b0ba-16d88d729ae7/vendor/laravel/framework/src/Illuminate/Container/BoundMethod.php(36): Illuminate\\Foundation\\Support\\Providers\\RouteServiceProvider->{closure:Illuminate\\Foundation\\Support\\Providers\\RouteServiceProvider::register():39}()
#24 /Users/paul/WorkSpace/TestSoloCoder/8dcba39c-18f8-480b-b0ba-16d88d729ae7/vendor/laravel/framework/src/Illuminate/Container/Util.php(41): Illuminate\\Container\\BoundMethod::{closure:Illuminate\\Container\\BoundMethod::call():35}()
#25 /Users/paul/WorkSpace/TestSoloCoder/8dcba39c-18f8-480b-b0ba-16d88d729ae7/vendor/laravel/framework/src/Illuminate/Container/BoundMethod.php(81): Illuminate\\Container\\Util::unwrapIfClosure(Object(Closure))
#26 /Users/paul/WorkSpace/TestSoloCoder/8dcba39c-18f8-480b-b0ba-16d88d729ae7/vendor/laravel/framework/src/Illuminate/Container/BoundMethod.php(35): Illuminate\\Container\\BoundMethod::callBoundMethod(Object(Illuminate\\Foundation\\Application), Object(Closure), Object(Closure))
#27 /Users/paul/WorkSpace/TestSoloCoder/8dcba39c-18f8-480b-b0ba-16d88d729ae7/vendor/laravel/framework/src/Illuminate/Container/Container.php(662): Illuminate\\Container\\BoundMethod::call(Object(Illuminate\\Foundation\\Application), Object(Closure), Array, NULL)
#28 /Users/paul/WorkSpace/TestSoloCoder/8dcba39c-18f8-480b-b0ba-16d88d729ae7/vendor/laravel/framework/src/Illuminate/Support/ServiceProvider.php(119): Illuminate\\Container\\Container->call(Object(Closure))
#29 /Users/paul/WorkSpace/TestSoloCoder/8dcba39c-18f8-480b-b0ba-16d88d729ae7/vendor/laravel/framework/src/Illuminate/Foundation/Application.php(1062): Illuminate\\Support\\ServiceProvider->callBootedCallbacks()
#30 /Users/paul/WorkSpace/TestSoloCoder/8dcba39c-18f8-480b-b0ba-16d88d729ae7/vendor/laravel/framework/src/Illuminate/Foundation/Application.php(1040): Illuminate\\Foundation\\Application->bootProvider(Object(App\\Providers\\RouteServiceProvider))
#31 [internal function]: Illuminate\\Foundation\\Application->{closure:Illuminate\\Foundation\\Application::boot():1039}(Object(App\\Providers\\RouteServiceProvider), 26)
#32 /Users/paul/WorkSpace/TestSoloCoder/8dcba39c-18f8-480b-b0ba-16d88d729ae7/vendor/laravel/framework/src/Illuminate/Foundation/Application.php(1039): array_walk(Array, Object(Closure))
#33 /Users/paul/WorkSpace/TestSoloCoder/8dcba39c-18f8-480b-b0ba-16d88d729ae7/vendor/laravel/framework/src/Illuminate/Foundation/Bootstrap/BootProviders.php(17): Illuminate\\Foundation\\Application->boot()
#34 /Users/paul/WorkSpace/TestSoloCoder/8dcba39c-18f8-480b-b0ba-16d88d729ae7/vendor/laravel/framework/src/Illuminate/Foundation/Application.php(286): Illuminate\\Foundation\\Bootstrap\\BootProviders->bootstrap(Object(Illuminate\\Foundation\\Application))
#35 /Users/paul/WorkSpace/TestSoloCoder/8dcba39c-18f8-480b-b0ba-16d88d729ae7/vendor/laravel/framework/src/Illuminate/Foundation/Console/Kernel.php(447): Illuminate\\Foundation\\Application->bootstrapWith(Array)
#36 /Users/paul/WorkSpace/TestSoloCoder/8dcba39c-18f8-480b-b0ba-16d88d729ae7/vendor/laravel/framework/src/Illuminate/Foundation/Console/Kernel.php(199): Illuminate\\Foundation\\Console\\Kernel->bootstrap()
#37 /Users/paul/WorkSpace/TestSoloCoder/8dcba39c-18f8-480b-b0ba-16d88d729ae7/artisan(12): Illuminate\\Foundation\\Console\\Kernel->handle(Object(Symfony\\Component\\Console\\Input\\ArgvInput), Object(Symfony\\Component\\Console\\Output\\ConsoleOutput))
#38 {main}
"} 
[2026-06-17 22:57:53] local.ERROR: array_merge(): Argument #2 must be of type array, string given {"exception":"[object] (TypeError(code: 0): array_merge(): Argument #2 must be of type array, string given at /Users/paul/WorkSpace/TestSoloCoder/8dcba39c-18f8-480b-b0ba-16d88d729ae7/vendor/laravel/framework/src/Illuminate/Routing/RouteGroup.php:84)
[stacktrace]
#0 /Users/paul/WorkSpace/TestSoloCoder/8dcba39c-18f8-480b-b0ba-16d88d729ae7/vendor/laravel/framework/src/Illuminate/Routing/RouteGroup.php(84): array_merge(Array, 'ticket')
#1 /Users/paul/WorkSpace/TestSoloCoder/8dcba39c-18f8-480b-b0ba-16d88d729ae7/vendor/laravel/framework/src/Illuminate/Routing/RouteGroup.php(30): Illuminate\\Routing\\RouteGroup::formatWhere(Array, Array)
#2 /Users/paul/WorkSpace/TestSoloCoder/8dcba39c-18f8-480b-b0ba-16d88d729ae7/vendor/laravel/framework/src/Illuminate/Routing/Router.php(497): Illuminate\\Routing\\RouteGroup::merge(Array, Array, true)
#3 /Users/paul/WorkSpace/TestSoloCoder/8dcba39c-18f8-480b-b0ba-16d88d729ae7/vendor/laravel/framework/src/Illuminate/Routing/Router.php(482): Illuminate\\Routing\\Router->mergeWithLastGroup(Array)
#4 /Users/paul/WorkSpace/TestSoloCoder/8dcba39c-18f8-480b-b0ba-16d88d729ae7/vendor/laravel/framework/src/Illuminate/Routing/Router.php(460): Illuminate\\Routing\\Router->updateGroupStack(Array)
#5 /Users/paul/WorkSpace/TestSoloCoder/8dcba39c-18f8-480b-b0ba-16d88d729ae7/vendor/laravel/framework/src/Illuminate/Routing/RouteRegistrar.php(194): Illuminate\\Routing\\Router->group(Array, Object(Closure))
#6 /Users/paul/WorkSpace/TestSoloCoder/8dcba39c-18f8-480b-b0ba-16d88d729ae7/routes/api.php(13): Illuminate\\Routing\\RouteRegistrar->group(Object(Closure))
#7 /Users/paul/WorkSpace/TestSoloCoder/8dcba39c-18f8-480b-b0ba-16d88d729ae7/vendor/laravel/framework/src/Illuminate/Routing/Router.php(509): Illuminate\\Routing\\RouteFileRegistrar->{closure:/Users/paul/WorkSpace/TestSoloCoder/8dcba39c-18f8-480b-b0ba-16d88d729ae7/routes/api.php:6}(Object(Illuminate\\Routing\\Router))
#8 /Users/paul/WorkSpace/TestSoloCoder/8dcba39c-18f8-480b-b0ba-16d88d729ae7/vendor/laravel/framework/src/Illuminate/Routing/Router.php(465): Illuminate\\Routing\\Router->loadRoutes(Object(Closure))
#9 /Users/paul/WorkSpace/TestSoloCoder/8dcba39c-18f8-480b-b0ba-16d88d729ae7/vendor/laravel/framework/src/Illuminate/Routing/RouteRegistrar.php(194): Illuminate\\Routing\\Router->group(Array, Object(Closure))
#10 /Users/paul/WorkSpace/TestSoloCoder/8dcba39c-18f8-480b-b0ba-16d88d729ae7/routes/api.php(6): Illuminate\\Routing\\RouteRegistrar->group(Object(Closure))
#11 /Users/paul/WorkSpace/TestSoloCoder/8dcba39c-18f8-480b-b0ba-16d88d729ae7/vendor/laravel/framework/src/Illuminate/Routing/RouteFileRegistrar.php(35): require('/Users/paul/Wor...')
#12 /Users/paul/WorkSpace/TestSoloCoder/8dcba39c-18f8-480b-b0ba-16d88d729ae7/vendor/laravel/framework/src/Illuminate/Routing/Router.php(511): Illuminate\\Routing\\RouteFileRegistrar->register('/Users/paul/Wor...')
#13 /Users/paul/WorkSpace/TestSoloCoder/8dcba39c-18f8-480b-b0ba-16d88d729ae7/vendor/laravel/framework/src/Illuminate/Routing/Router.php(465): Illuminate\\Routing\\Router->loadRoutes('/Users/paul/Wor...')
#14 /Users/paul/WorkSpace/TestSoloCoder/8dcba39c-18f8-480b-b0ba-16d88d729ae7/vendor/laravel/framework/src/Illuminate/Routing/RouteRegistrar.php(194): Illuminate\\Routing\\Router->group(Array, '/Users/paul/Wor...')
#15 /Users/paul/WorkSpace/TestSoloCoder/8dcba39c-18f8-480b-b0ba-16d88d729ae7/app/Providers/RouteServiceProvider.php(22): Illuminate\\Routing\\RouteRegistrar->group('/Users/paul/Wor...')
#16 /Users/paul/WorkSpace/TestSoloCoder/8dcba39c-18f8-480b-b0ba-16d88d729ae7/vendor/laravel/framework/src/Illuminate/Container/BoundMethod.php(36): App\\Providers\\RouteServiceProvider->{closure:App\\Providers\\RouteServiceProvider::boot():19}()
#17 /Users/paul/WorkSpace/TestSoloCoder/8dcba39c-18f8-480b-b0ba-16d88d729ae7/vendor/laravel/framework/src/Illuminate/Container/Util.php(41): Illuminate\\Container\\BoundMethod::{closure:Illuminate\\Container\\BoundMethod::call():35}()
#18 /Users/paul/WorkSpace/TestSoloCoder/8dcba39c-18f8-480b-b0ba-16d88d729ae7/vendor/laravel/framework/src/Illuminate/Container/BoundMethod.php(81): Illuminate\\Container\\Util::unwrapIfClosure(Object(Closure))
#19 /Users/paul/WorkSpace/TestSoloCoder/8dcba39c-18f8-480b-b0ba-16d88d729ae7/vendor/laravel/framework/src/Illuminate/Container/BoundMethod.php(35): Illuminate\\Container\\BoundMethod::callBoundMethod(Object(Illuminate\\Foundation\\Application), Object(Closure), Object(Closure))
#20 /Users/paul/WorkSpace/TestSoloCoder/8dcba39c-18f8-480b-b0ba-16d88d729ae7/vendor/laravel/framework/src/Illuminate/Container/Container.php(662): Illuminate\\Container\\BoundMethod::call(Object(Illuminate\\Foundation\\Application), Object(Closure), Array, NULL)
#21 /Users/paul/WorkSpace/TestSoloCoder/8dcba39c-18f8-480b-b0ba-16d88d729ae7/vendor/laravel/framework/src/Illuminate/Foundation/Support/Providers/RouteServiceProvider.php(120): Illuminate\\Container\\Container->call(Object(Closure))
#22 /Users/paul/WorkSpace/TestSoloCoder/8dcba39c-18f8-480b-b0ba-16d88d729ae7/vendor/laravel/framework/src/Illuminate/Foundation/Support/Providers/RouteServiceProvider.php(45): Illuminate\\Foundation\\Support\\Providers\\RouteServiceProvider->loadRoutes()
#23 /Users/paul/WorkSpace/TestSoloCoder/8dcba39c-18f8-480b-b0ba-16d88d729ae7/vendor/laravel/framework/src/Illuminate/Container/BoundMethod.php(36): Illuminate\\Foundation\\Support\\Providers\\RouteServiceProvider->{closure:Illuminate\\Foundation\\Support\\Providers\\RouteServiceProvider::register():39}()
#24 /Users/paul/WorkSpace/TestSoloCoder/8dcba39c-18f8-480b-b0ba-16d88d729ae7/vendor/laravel/framework/src/Illuminate/Container/Util.php(41): Illuminate\\Container\\BoundMethod::{closure:Illuminate\\Container\\BoundMethod::call():35}()
#25 /Users/paul/WorkSpace/TestSoloCoder/8dcba39c-18f8-480b-b0ba-16d88d729ae7/vendor/laravel/framework/src/Illuminate/Container/BoundMethod.php(81): Illuminate\\Container\\Util::unwrapIfClosure(Object(Closure))
#26 /Users/paul/WorkSpace/TestSoloCoder/8dcba39c-18f8-480b-b0ba-16d88d729ae7/vendor/laravel/framework/src/Illuminate/Container/BoundMethod.php(35): Illuminate\\Container\\BoundMethod::callBoundMethod(Object(Illuminate\\Foundation\\Application), Object(Closure), Object(Closure))
#27 /Users/paul/WorkSpace/TestSoloCoder/8dcba39c-18f8-480b-b0ba-16d88d729ae7/vendor/laravel/framework/src/Illuminate/Container/Container.php(662): Illuminate\\Container\\BoundMethod::call(Object(Illuminate\\Foundation\\Application), Object(Closure), Array, NULL)
#28 /Users/paul/WorkSpace/TestSoloCoder/8dcba39c-18f8-480b-b0ba-16d88d729ae7/vendor/laravel/framework/src/Illuminate/Support/ServiceProvider.php(119): Illuminate\\Container\\Container->call(Object(Closure))
#29 /Users/paul/WorkSpace/TestSoloCoder/8dcba39c-18f8-480b-b0ba-16d88d729ae7/vendor/laravel/framework/src/Illuminate/Foundation/Application.php(1062): Illuminate\\Support\\ServiceProvider->callBootedCallbacks()
#30 /Users/paul/WorkSpace/TestSoloCoder/8dcba39c-18f8-480b-b0ba-16d88d729ae7/vendor/laravel/framework/src/Illuminate/Foundation/Application.php(1040): Illuminate\\Foundation\\Application->bootProvider(Object(App\\Providers\\RouteServiceProvider))
#31 [internal function]: Illuminate\\Foundation\\Application->{closure:Illuminate\\Foundation\\Application::boot():1039}(Object(App\\Providers\\RouteServiceProvider), 26)
#32 /Users/paul/WorkSpace/TestSoloCoder/8dcba39c-18f8-480b-b0ba-16d88d729ae7/vendor/laravel/framework/src/Illuminate/Foundation/Application.php(1039): array_walk(Array, Object(Closure))
#33 /Users/paul/WorkSpace/TestSoloCoder/8dcba39c-18f8-480b-b0ba-16d88d729ae7/vendor/laravel/framework/src/Illuminate/Foundation/Bootstrap/BootProviders.php(17): Illuminate\\Foundation\\Application->boot()
#34 /Users/paul/WorkSpace/TestSoloCoder/8dcba39c-18f8-480b-b0ba-16d88d729ae7/vendor/laravel/framework/src/Illuminate/Foundation/Application.php(286): Illuminate\\Foundation\\Bootstrap\\BootProviders->bootstrap(Object(Illuminate\\Foundation\\Application))
#35 /Users/paul/WorkSpace/TestSoloCoder/8dcba39c-18f8-480b-b0ba-16d88d729ae7/vendor/laravel/framework/src/Illuminate/Foundation/Console/Kernel.php(447): Illuminate\\Foundation\\Application->bootstrapWith(Array)
#36 /Users/paul/WorkSpace/TestSoloCoder/8dcba39c-18f8-480b-b0ba-16d88d729ae7/vendor/laravel/framework/src/Illuminate/Foundation/Console/Kernel.php(199): Illuminate\\Foundation\\Console\\Kernel->bootstrap()
#37 /Users/paul/WorkSpace/TestSoloCoder/8dcba39c-18f8-480b-b0ba-16d88d729ae7/artisan(12): Illuminate\\Foundation\\Console\\Kernel->handle(Object(Symfony\\Component\\Console\\Input\\ArgvInput), Object(Symfony\\Component\\Console\\Output\\ConsoleOutput))
#38 {main}
"} 
[2026-06-17 22:58:47] laravel.EMERGENCY: Unable to create configured logger. Using emergency logger. {"exception":"[object] (InvalidArgumentException(code: 0): Driver [sentry] is not supported. at /Users/paul/WorkSpace/TestSoloCoder/8dcba39c-18f8-480b-b0ba-16d88d729ae7/vendor/laravel/framework/src/Illuminate/Log/LogManager.php:225)
[stacktrace]
#0 /Users/paul/WorkSpace/TestSoloCoder/8dcba39c-18f8-480b-b0ba-16d88d729ae7/vendor/laravel/framework/src/Illuminate/Log/LogManager.php(137): Illuminate\\Log\\LogManager->resolve('sentry', Array)
#1 /Users/paul/WorkSpace/TestSoloCoder/8dcba39c-18f8-480b-b0ba-16d88d729ae7/vendor/laravel/framework/src/Illuminate/Log/LogManager.php(124): Illuminate\\Log\\LogManager->get('sentry')
#2 /Users/paul/WorkSpace/TestSoloCoder/8dcba39c-18f8-480b-b0ba-16d88d729ae7/vendor/laravel/framework/src/Illuminate/Log/LogManager.php(113): Illuminate\\Log\\LogManager->driver('sentry')
#3 /Users/paul/WorkSpace/TestSoloCoder/8dcba39c-18f8-480b-b0ba-16d88d729ae7/vendor/laravel/framework/src/Illuminate/Log/LogManager.php(267): Illuminate\\Log\\LogManager->channel('sentry')
#4 [internal function]: Illuminate\\Log\\LogManager->{closure:Illuminate\\Log\\LogManager::createStackDriver():264}('sentry', 1)
#5 /Users/paul/WorkSpace/TestSoloCoder/8dcba39c-18f8-480b-b0ba-16d88d729ae7/vendor/laravel/framework/src/Illuminate/Collections/Arr.php(600): array_map(Object(Closure), Array, Array)
#6 /Users/paul/WorkSpace/TestSoloCoder/8dcba39c-18f8-480b-b0ba-16d88d729ae7/vendor/laravel/framework/src/Illuminate/Collections/Collection.php(778): Illuminate\\Support\\Arr::map(Array, Object(Closure))
#7 /Users/paul/WorkSpace/TestSoloCoder/8dcba39c-18f8-480b-b0ba-16d88d729ae7/vendor/laravel/framework/src/Illuminate/Collections/Traits/EnumeratesValues.php(404): Illuminate\\Support\\Collection->map(Object(Closure))
#8 /Users/paul/WorkSpace/TestSoloCoder/8dcba39c-18f8-480b-b0ba-16d88d729ae7/vendor/laravel/framework/src/Illuminate/Log/LogManager.php(264): Illuminate\\Support\\Collection->flatMap(Object(Closure))
#9 /Users/paul/WorkSpace/TestSoloCoder/8dcba39c-18f8-480b-b0ba-16d88d729ae7/vendor/laravel/framework/src/Illuminate/Log/LogManager.php(222): Illuminate\\Log\\LogManager->createStackDriver(Array)
#10 /Users/paul/WorkSpace/TestSoloCoder/8dcba39c-18f8-480b-b0ba-16d88d729ae7/vendor/laravel/framework/src/Illuminate/Log/LogManager.php(137): Illuminate\\Log\\LogManager->resolve('stack', Array)
#11 /Users/paul/WorkSpace/TestSoloCoder/8dcba39c-18f8-480b-b0ba-16d88d729ae7/vendor/laravel/framework/src/Illuminate/Log/LogManager.php(124): Illuminate\\Log\\LogManager->get('stack')
#12 /Users/paul/WorkSpace/TestSoloCoder/8dcba39c-18f8-480b-b0ba-16d88d729ae7/vendor/laravel/framework/src/Illuminate/Log/LogManager.php(681): Illuminate\\Log\\LogManager->driver()
#13 /Users/paul/WorkSpace/TestSoloCoder/8dcba39c-18f8-480b-b0ba-16d88d729ae7/vendor/laravel/framework/src/Illuminate/Foundation/Exceptions/Handler.php(317): Illuminate\\Log\\LogManager->error('Too few argumen...', Array)
#14 /Users/paul/WorkSpace/TestSoloCoder/8dcba39c-18f8-480b-b0ba-16d88d729ae7/vendor/laravel/framework/src/Illuminate/Foundation/Exceptions/Handler.php(278): Illuminate\\Foundation\\Exceptions\\Handler->reportThrowable(Object(ArgumentCountError))
#15 /Users/paul/WorkSpace/TestSoloCoder/8dcba39c-18f8-480b-b0ba-16d88d729ae7/vendor/laravel/framework/src/Illuminate/Foundation/Console/Kernel.php(523): Illuminate\\Foundation\\Exceptions\\Handler->report(Object(ArgumentCountError))
#16 /Users/paul/WorkSpace/TestSoloCoder/8dcba39c-18f8-480b-b0ba-16d88d729ae7/vendor/laravel/framework/src/Illuminate/Foundation/Console/Kernel.php(203): Illuminate\\Foundation\\Console\\Kernel->reportException(Object(ArgumentCountError))
#17 /Users/paul/WorkSpace/TestSoloCoder/8dcba39c-18f8-480b-b0ba-16d88d729ae7/artisan(12): Illuminate\\Foundation\\Console\\Kernel->handle(Object(Symfony\\Component\\Console\\Input\\ArgvInput), Object(Symfony\\Component\\Console\\Output\\ConsoleOutput))
#18 {main}
"} 
[2026-06-17 22:58:47] laravel.EMERGENCY: Unable to create configured logger. Using emergency logger. {"exception":"[object] (InvalidArgumentException(code: 0): Driver [sentry] is not supported. at /Users/paul/WorkSpace/TestSoloCoder/8dcba39c-18f8-480b-b0ba-16d88d729ae7/vendor/laravel/framework/src/Illuminate/Log/LogManager.php:225)
[stacktrace]
#0 /Users/paul/WorkSpace/TestSoloCoder/8dcba39c-18f8-480b-b0ba-16d88d729ae7/vendor/laravel/framework/src/Illuminate/Log/LogManager.php(137): Illuminate\\Log\\LogManager->resolve('sentry', Array)
#1 /Users/paul/WorkSpace/TestSoloCoder/8dcba39c-18f8-480b-b0ba-16d88d729ae7/vendor/laravel/framework/src/Illuminate/Log/LogManager.php(124): Illuminate\\Log\\LogManager->get('sentry')
#2 /Users/paul/WorkSpace/TestSoloCoder/8dcba39c-18f8-480b-b0ba-16d88d729ae7/vendor/laravel/framework/src/Illuminate/Log/LogManager.php(113): Illuminate\\Log\\LogManager->driver('sentry')
#3 /Users/paul/WorkSpace/TestSoloCoder/8dcba39c-18f8-480b-b0ba-16d88d729ae7/vendor/laravel/framework/src/Illuminate/Log/LogManager.php(273): Illuminate\\Log\\LogManager->channel('sentry')
#4 [internal function]: Illuminate\\Log\\LogManager->{closure:Illuminate\\Log\\LogManager::createStackDriver():270}('sentry', 1)
#5 /Users/paul/WorkSpace/TestSoloCoder/8dcba39c-18f8-480b-b0ba-16d88d729ae7/vendor/laravel/framework/src/Illuminate/Collections/Arr.php(600): array_map(Object(Closure), Array, Array)
#6 /Users/paul/WorkSpace/TestSoloCoder/8dcba39c-18f8-480b-b0ba-16d88d729ae7/vendor/laravel/framework/src/Illuminate/Collections/Collection.php(778): Illuminate\\Support\\Arr::map(Array, Object(Closure))
#7 /Users/paul/WorkSpace/TestSoloCoder/8dcba39c-18f8-480b-b0ba-16d88d729ae7/vendor/laravel/framework/src/Illuminate/Collections/Traits/EnumeratesValues.php(404): Illuminate\\Support\\Collection->map(Object(Closure))
#8 /Users/paul/WorkSpace/TestSoloCoder/8dcba39c-18f8-480b-b0ba-16d88d729ae7/vendor/laravel/framework/src/Illuminate/Log/LogManager.php(270): Illuminate\\Support\\Collection->flatMap(Object(Closure))
#9 /Users/paul/WorkSpace/TestSoloCoder/8dcba39c-18f8-480b-b0ba-16d88d729ae7/vendor/laravel/framework/src/Illuminate/Log/LogManager.php(222): Illuminate\\Log\\LogManager->createStackDriver(Array)
#10 /Users/paul/WorkSpace/TestSoloCoder/8dcba39c-18f8-480b-b0ba-16d88d729ae7/vendor/laravel/framework/src/Illuminate/Log/LogManager.php(137): Illuminate\\Log\\LogManager->resolve('stack', Array)
#11 /Users/paul/WorkSpace/TestSoloCoder/8dcba39c-18f8-480b-b0ba-16d88d729ae7/vendor/laravel/framework/src/Illuminate/Log/LogManager.php(124): Illuminate\\Log\\LogManager->get('stack')
#12 /Users/paul/WorkSpace/TestSoloCoder/8dcba39c-18f8-480b-b0ba-16d88d729ae7/vendor/laravel/framework/src/Illuminate/Log/LogManager.php(681): Illuminate\\Log\\LogManager->driver()
#13 /Users/paul/WorkSpace/TestSoloCoder/8dcba39c-18f8-480b-b0ba-16d88d729ae7/vendor/laravel/framework/src/Illuminate/Foundation/Exceptions/Handler.php(317): Illuminate\\Log\\LogManager->error('Too few argumen...', Array)
#14 /Users/paul/WorkSpace/TestSoloCoder/8dcba39c-18f8-480b-b0ba-16d88d729ae7/vendor/laravel/framework/src/Illuminate/Foundation/Exceptions/Handler.php(278): Illuminate\\Foundation\\Exceptions\\Handler->reportThrowable(Object(ArgumentCountError))
#15 /Users/paul/WorkSpace/TestSoloCoder/8dcba39c-18f8-480b-b0ba-16d88d729ae7/vendor/laravel/framework/src/Illuminate/Foundation/Console/Kernel.php(523): Illuminate\\Foundation\\Exceptions\\Handler->report(Object(ArgumentCountError))
#16 /Users/paul/WorkSpace/TestSoloCoder/8dcba39c-18f8-480b-b0ba-16d88d729ae7/vendor/laravel/framework/src/Illuminate/Foundation/Console/Kernel.php(203): Illuminate\\Foundation\\Console\\Kernel->reportException(Object(ArgumentCountError))
#17 /Users/paul/WorkSpace/TestSoloCoder/8dcba39c-18f8-480b-b0ba-16d88d729ae7/artisan(12): Illuminate\\Foundation\\Console\\Kernel->handle(Object(Symfony\\Component\\Console\\Input\\ArgvInput), Object(Symfony\\Component\\Console\\Output\\ConsoleOutput))
#18 {main}
"} 
[2026-06-17 22:58:47] local.ERROR: Too few arguments to function App\Services\SlaMonitor::__construct(), 0 passed in /Users/paul/WorkSpace/TestSoloCoder/8dcba39c-18f8-480b-b0ba-16d88d729ae7/app/Providers/AppServiceProvider.php on line 33 and exactly 1 expected {"exception":"[object] (ArgumentCountError(code: 0): Too few arguments to function App\\Services\\SlaMonitor::__construct(), 0 passed in /Users/paul/WorkSpace/TestSoloCoder/8dcba39c-18f8-480b-b0ba-16d88d729ae7/app/Providers/AppServiceProvider.php on line 33 and exactly 1 expected at /Users/paul/WorkSpace/TestSoloCoder/8dcba39c-18f8-480b-b0ba-16d88d729ae7/app/Services/SlaMonitor.php:19)
[stacktrace]
#0 /Users/paul/WorkSpace/TestSoloCoder/8dcba39c-18f8-480b-b0ba-16d88d729ae7/app/Providers/AppServiceProvider.php(33): App\\Services\\SlaMonitor->__construct()
#1 /Users/paul/WorkSpace/TestSoloCoder/8dcba39c-18f8-480b-b0ba-16d88d729ae7/vendor/laravel/framework/src/Illuminate/Container/Container.php(908): App\\Providers\\AppServiceProvider->{closure:App\\Providers\\AppServiceProvider::register():32}(Object(Illuminate\\Foundation\\Application), Array)
#2 /Users/paul/WorkSpace/TestSoloCoder/8dcba39c-18f8-480b-b0ba-16d88d729ae7/vendor/laravel/framework/src/Illuminate/Container/Container.php(795): Illuminate\\Container\\Container->build(Object(Closure))
#3 /Users/paul/WorkSpace/TestSoloCoder/8dcba39c-18f8-480b-b0ba-16d88d729ae7/vendor/laravel/framework/src/Illuminate/Foundation/Application.php(986): Illuminate\\Container\\Container->resolve('sla.monitor', Array, true)
#4 /Users/paul/WorkSpace/TestSoloCoder/8dcba39c-18f8-480b-b0ba-16d88d729ae7/vendor/laravel/framework/src/Illuminate/Container/Container.php(731): Illuminate\\Foundation\\Application->resolve('sla.monitor', Array)
#5 /Users/paul/WorkSpace/TestSoloCoder/8dcba39c-18f8-480b-b0ba-16d88d729ae7/vendor/laravel/framework/src/Illuminate/Foundation/Application.php(971): Illuminate\\Container\\Container->make('sla.monitor', Array)
#6 /Users/paul/WorkSpace/TestSoloCoder/8dcba39c-18f8-480b-b0ba-16d88d729ae7/vendor/laravel/framework/src/Illuminate/Container/Container.php(1066): Illuminate\\Foundation\\Application->make('sla.monitor')
#7 /Users/paul/WorkSpace/TestSoloCoder/8dcba39c-18f8-480b-b0ba-16d88d729ae7/vendor/laravel/framework/src/Illuminate/Container/Container.php(982): Illuminate\\Container\\Container->resolveClass(Object(ReflectionParameter))
#8 /Users/paul/WorkSpace/TestSoloCoder/8dcba39c-18f8-480b-b0ba-16d88d729ae7/vendor/laravel/framework/src/Illuminate/Container/Container.php(943): Illuminate\\Container\\Container->resolveDependencies(Array)
#9 /Users/paul/WorkSpace/TestSoloCoder/8dcba39c-18f8-480b-b0ba-16d88d729ae7/vendor/laravel/framework/src/Illuminate/Container/Container.php(795): Illuminate\\Container\\Container->build('App\\\\Http\\\\Contro...')
#10 /Users/paul/WorkSpace/TestSoloCoder/8dcba39c-18f8-480b-b0ba-16d88d729ae7/vendor/laravel/framework/src/Illuminate/Foundation/Application.php(986): Illuminate\\Container\\Container->resolve('App\\\\Http\\\\Contro...', Array, true)
#11 /Users/paul/WorkSpace/TestSoloCoder/8dcba39c-18f8-480b-b0ba-16d88d729ae7/vendor/laravel/framework/src/Illuminate/Container/Container.php(731): Illuminate\\Foundation\\Application->resolve('App\\\\Http\\\\Contro...', Array)
#12 /Users/paul/WorkSpace/TestSoloCoder/8dcba39c-18f8-480b-b0ba-16d88d729ae7/vendor/laravel/framework/src/Illuminate/Foundation/Application.php(971): Illuminate\\Container\\Container->make('App\\\\Http\\\\Contro...', Array)
#13 /Users/paul/WorkSpace/TestSoloCoder/8dcba39c-18f8-480b-b0ba-16d88d729ae7/vendor/laravel/framework/src/Illuminate/Routing/Route.php(278): Illuminate\\Foundation\\Application->make('App\\\\Http\\\\Contro...')
#14 /Users/paul/WorkSpace/TestSoloCoder/8dcba39c-18f8-480b-b0ba-16d88d729ae7/vendor/laravel/framework/src/Illuminate/Routing/Route.php(1104): Illuminate\\Routing\\Route->getController()
#15 /Users/paul/WorkSpace/TestSoloCoder/8dcba39c-18f8-480b-b0ba-16d88d729ae7/vendor/laravel/framework/src/Illuminate/Routing/Route.php(1035): Illuminate\\Routing\\Route->controllerMiddleware()
#16 /Users/paul/WorkSpace/TestSoloCoder/8dcba39c-18f8-480b-b0ba-16d88d729ae7/vendor/laravel/framework/src/Illuminate/Routing/Router.php(818): Illuminate\\Routing\\Route->gatherMiddleware()
#17 /Users/paul/WorkSpace/TestSoloCoder/8dcba39c-18f8-480b-b0ba-16d88d729ae7/vendor/laravel/framework/src/Illuminate/Foundation/Console/RouteListCommand.php(201): Illuminate\\Routing\\Router->gatherRouteMiddleware(Object(Illuminate\\Routing\\Route))
#18 /Users/paul/WorkSpace/TestSoloCoder/8dcba39c-18f8-480b-b0ba-16d88d729ae7/vendor/laravel/framework/src/Illuminate/Foundation/Console/RouteListCommand.php(146): Illuminate\\Foundation\\Console\\RouteListCommand->getMiddleware(Object(Illuminate\\Routing\\Route))
#19 /Users/paul/WorkSpace/TestSoloCoder/8dcba39c-18f8-480b-b0ba-16d88d729ae7/vendor/laravel/framework/src/Illuminate/Foundation/Console/RouteListCommand.php(116): Illuminate\\Foundation\\Console\\RouteListCommand->getRouteInformation(Object(Illuminate\\Routing\\Route))
#20 [internal function]: Illuminate\\Foundation\\Console\\RouteListCommand->{closure:Illuminate\\Foundation\\Console\\RouteListCommand::getRoutes():115}(Object(Illuminate\\Routing\\Route))
#21 /Users/paul/WorkSpace/TestSoloCoder/8dcba39c-18f8-480b-b0ba-16d88d729ae7/vendor/laravel/framework/src/Illuminate/Collections/Arr.php(602): array_map(Object(Closure), Array)
#22 /Users/paul/WorkSpace/TestSoloCoder/8dcba39c-18f8-480b-b0ba-16d88d729ae7/vendor/laravel/framework/src/Illuminate/Collections/Collection.php(778): Illuminate\\Support\\Arr::map(Array, Object(Closure))
#23 /Users/paul/WorkSpace/TestSoloCoder/8dcba39c-18f8-480b-b0ba-16d88d729ae7/vendor/laravel/framework/src/Illuminate/Foundation/Console/RouteListCommand.php(115): Illuminate\\Support\\Collection->map(Object(Closure))
#24 /Users/paul/WorkSpace/TestSoloCoder/8dcba39c-18f8-480b-b0ba-16d88d729ae7/vendor/laravel/framework/src/Illuminate/Foundation/Console/RouteListCommand.php(101): Illuminate\\Foundation\\Console\\RouteListCommand->getRoutes()
#25 /Users/paul/WorkSpace/TestSoloCoder/8dcba39c-18f8-480b-b0ba-16d88d729ae7/vendor/laravel/framework/src/Illuminate/Container/BoundMethod.php(36): Illuminate\\Foundation\\Console\\RouteListCommand->handle()
#26 /Users/paul/WorkSpace/TestSoloCoder/8dcba39c-18f8-480b-b0ba-16d88d729ae7/vendor/laravel/framework/src/Illuminate/Container/Util.php(41): Illuminate\\Container\\BoundMethod::{closure:Illuminate\\Container\\BoundMethod::call():35}()
#27 /Users/paul/WorkSpace/TestSoloCoder/8dcba39c-18f8-480b-b0ba-16d88d729ae7/vendor/laravel/framework/src/Illuminate/Container/BoundMethod.php(93): Illuminate\\Container\\Util::unwrapIfClosure(Object(Closure))
#28 /Users/paul/WorkSpace/TestSoloCoder/8dcba39c-18f8-480b-b0ba-16d88d729ae7/vendor/laravel/framework/src/Illuminate/Container/BoundMethod.php(35): Illuminate\\Container\\BoundMethod::callBoundMethod(Object(Illuminate\\Foundation\\Application), Array, Object(Closure))
#29 /Users/paul/WorkSpace/TestSoloCoder/8dcba39c-18f8-480b-b0ba-16d88d729ae7/vendor/laravel/framework/src/Illuminate/Container/Container.php(662): Illuminate\\Container\\BoundMethod::call(Object(Illuminate\\Foundation\\Application), Array, Array, NULL)
#30 /Users/paul/WorkSpace/TestSoloCoder/8dcba39c-18f8-480b-b0ba-16d88d729ae7/vendor/laravel/framework/src/Illuminate/Console/Command.php(211): Illuminate\\Container\\Container->call(Array)
#31 /Users/paul/WorkSpace/TestSoloCoder/8dcba39c-18f8-480b-b0ba-16d88d729ae7/vendor/symfony/console/Command/Command.php(326): Illuminate\\Console\\Command->execute(Object(Symfony\\Component\\Console\\Input\\ArgvInput), Object(Illuminate\\Console\\OutputStyle))
#32 /Users/paul/WorkSpace/TestSoloCoder/8dcba39c-18f8-480b-b0ba-16d88d729ae7/vendor/laravel/framework/src/Illuminate/Console/Command.php(180): Symfony\\Component\\Console\\Command\\Command->run(Object(Symfony\\Component\\Console\\Input\\ArgvInput), Object(Illuminate\\Console\\OutputStyle))
#33 /Users/paul/WorkSpace/TestSoloCoder/8dcba39c-18f8-480b-b0ba-16d88d729ae7/vendor/symfony/console/Application.php(1121): Illuminate\\Console\\Command->run(Object(Symfony\\Component\\Console\\Input\\ArgvInput), Object(Symfony\\Component\\Console\\Output\\ConsoleOutput))
#34 /Users/paul/WorkSpace/TestSoloCoder/8dcba39c-18f8-480b-b0ba-16d88d729ae7/vendor/symfony/console/Application.php(324): Symfony\\Component\\Console\\Application->doRunCommand(Object(Illuminate\\Foundation\\Console\\RouteListCommand), Object(Symfony\\Component\\Console\\Input\\ArgvInput), Object(Symfony\\Component\\Console\\Output\\ConsoleOutput))
#35 /Users/paul/WorkSpace/TestSoloCoder/8dcba39c-18f8-480b-b0ba-16d88d729ae7/vendor/symfony/console/Application.php(175): Symfony\\Component\\Console\\Application->doRun(Object(Symfony\\Component\\Console\\Input\\ArgvInput), Object(Symfony\\Component\\Console\\Output\\ConsoleOutput))
#36 /Users/paul/WorkSpace/TestSoloCoder/8dcba39c-18f8-480b-b0ba-16d88d729ae7/vendor/laravel/framework/src/Illuminate/Foundation/Console/Kernel.php(201): Symfony\\Component\\Console\\Application->run(Object(Symfony\\Component\\Console\\Input\\ArgvInput), Object(Symfony\\Component\\Console\\Output\\ConsoleOutput))
#37 /Users/paul/WorkSpace/TestSoloCoder/8dcba39c-18f8-480b-b0ba-16d88d729ae7/artisan(12): Illuminate\\Foundation\\Console\\Kernel->handle(Object(Symfony\\Component\\Console\\Input\\ArgvInput), Object(Symfony\\Component\\Console\\Output\\ConsoleOutput))
#38 {main}
"} 
[2026-06-17 22:58:47] local.ERROR: Too few arguments to function App\Services\SlaMonitor::__construct(), 0 passed in /Users/paul/WorkSpace/TestSoloCoder/8dcba39c-18f8-480b-b0ba-16d88d729ae7/app/Providers/AppServiceProvider.php on line 33 and exactly 1 expected {"exception":"[object] (ArgumentCountError(code: 0): Too few arguments to function App\\Services\\SlaMonitor::__construct(), 0 passed in /Users/paul/WorkSpace/TestSoloCoder/8dcba39c-18f8-480b-b0ba-16d88d729ae7/app/Providers/AppServiceProvider.php on line 33 and exactly 1 expected at /Users/paul/WorkSpace/TestSoloCoder/8dcba39c-18f8-480b-b0ba-16d88d729ae7/app/Services/SlaMonitor.php:19)
[stacktrace]
#0 /Users/paul/WorkSpace/TestSoloCoder/8dcba39c-18f8-480b-b0ba-16d88d729ae7/app/Providers/AppServiceProvider.php(33): App\\Services\\SlaMonitor->__construct()
#1 /Users/paul/WorkSpace/TestSoloCoder/8dcba39c-18f8-480b-b0ba-16d88d729ae7/vendor/laravel/framework/src/Illuminate/Container/Container.php(908): App\\Providers\\AppServiceProvider->{closure:App\\Providers\\AppServiceProvider::register():32}(Object(Illuminate\\Foundation\\Application), Array)
#2 /Users/paul/WorkSpace/TestSoloCoder/8dcba39c-18f8-480b-b0ba-16d88d729ae7/vendor/laravel/framework/src/Illuminate/Container/Container.php(795): Illuminate\\Container\\Container->build(Object(Closure))
#3 /Users/paul/WorkSpace/TestSoloCoder/8dcba39c-18f8-480b-b0ba-16d88d729ae7/vendor/laravel/framework/src/Illuminate/Foundation/Application.php(986): Illuminate\\Container\\Container->resolve('sla.monitor', Array, true)
#4 /Users/paul/WorkSpace/TestSoloCoder/8dcba39c-18f8-480b-b0ba-16d88d729ae7/vendor/laravel/framework/src/Illuminate/Container/Container.php(731): Illuminate\\Foundation\\Application->resolve('sla.monitor', Array)
#5 /Users/paul/WorkSpace/TestSoloCoder/8dcba39c-18f8-480b-b0ba-16d88d729ae7/vendor/laravel/framework/src/Illuminate/Foundation/Application.php(971): Illuminate\\Container\\Container->make('sla.monitor', Array)
#6 /Users/paul/WorkSpace/TestSoloCoder/8dcba39c-18f8-480b-b0ba-16d88d729ae7/vendor/laravel/framework/src/Illuminate/Container/Container.php(1066): Illuminate\\Foundation\\Application->make('sla.monitor')
#7 /Users/paul/WorkSpace/TestSoloCoder/8dcba39c-18f8-480b-b0ba-16d88d729ae7/vendor/laravel/framework/src/Illuminate/Container/Container.php(982): Illuminate\\Container\\Container->resolveClass(Object(ReflectionParameter))
#8 /Users/paul/WorkSpace/TestSoloCoder/8dcba39c-18f8-480b-b0ba-16d88d729ae7/vendor/laravel/framework/src/Illuminate/Container/Container.php(943): Illuminate\\Container\\Container->resolveDependencies(Array)
#9 /Users/paul/WorkSpace/TestSoloCoder/8dcba39c-18f8-480b-b0ba-16d88d729ae7/vendor/laravel/framework/src/Illuminate/Container/Container.php(795): Illuminate\\Container\\Container->build('App\\\\Http\\\\Contro...')
#10 /Users/paul/WorkSpace/TestSoloCoder/8dcba39c-18f8-480b-b0ba-16d88d729ae7/vendor/laravel/framework/src/Illuminate/Foundation/Application.php(986): Illuminate\\Container\\Container->resolve('App\\\\Http\\\\Contro...', Array, true)
#11 /Users/paul/WorkSpace/TestSoloCoder/8dcba39c-18f8-480b-b0ba-16d88d729ae7/vendor/laravel/framework/src/Illuminate/Container/Container.php(731): Illuminate\\Foundation\\Application->resolve('App\\\\Http\\\\Contro...', Array)
#12 /Users/paul/WorkSpace/TestSoloCoder/8dcba39c-18f8-480b-b0ba-16d88d729ae7/vendor/laravel/framework/src/Illuminate/Foundation/Application.php(971): Illuminate\\Container\\Container->make('App\\\\Http\\\\Contro...', Array)
#13 /Users/paul/WorkSpace/TestSoloCoder/8dcba39c-18f8-480b-b0ba-16d88d729ae7/vendor/laravel/framework/src/Illuminate/Routing/Route.php(278): Illuminate\\Foundation\\Application->make('App\\\\Http\\\\Contro...')
#14 /Users/paul/WorkSpace/TestSoloCoder/8dcba39c-18f8-480b-b0ba-16d88d729ae7/vendor/laravel/framework/src/Illuminate/Routing/Route.php(1104): Illuminate\\Routing\\Route->getController()
#15 /Users/paul/WorkSpace/TestSoloCoder/8dcba39c-18f8-480b-b0ba-16d88d729ae7/vendor/laravel/framework/src/Illuminate/Routing/Route.php(1035): Illuminate\\Routing\\Route->controllerMiddleware()
#16 /Users/paul/WorkSpace/TestSoloCoder/8dcba39c-18f8-480b-b0ba-16d88d729ae7/vendor/laravel/framework/src/Illuminate/Routing/Router.php(818): Illuminate\\Routing\\Route->gatherMiddleware()
#17 /Users/paul/WorkSpace/TestSoloCoder/8dcba39c-18f8-480b-b0ba-16d88d729ae7/vendor/laravel/framework/src/Illuminate/Foundation/Console/RouteListCommand.php(201): Illuminate\\Routing\\Router->gatherRouteMiddleware(Object(Illuminate\\Routing\\Route))
#18 /Users/paul/WorkSpace/TestSoloCoder/8dcba39c-18f8-480b-b0ba-16d88d729ae7/vendor/laravel/framework/src/Illuminate/Foundation/Console/RouteListCommand.php(146): Illuminate\\Foundation\\Console\\RouteListCommand->getMiddleware(Object(Illuminate\\Routing\\Route))
#19 /Users/paul/WorkSpace/TestSoloCoder/8dcba39c-18f8-480b-b0ba-16d88d729ae7/vendor/laravel/framework/src/Illuminate/Foundation/Console/RouteListCommand.php(116): Illuminate\\Foundation\\Console\\RouteListCommand->getRouteInformation(Object(Illuminate\\Routing\\Route))
#20 [internal function]: Illuminate\\Foundation\\Console\\RouteListCommand->{closure:Illuminate\\Foundation\\Console\\RouteListCommand::getRoutes():115}(Object(Illuminate\\Routing\\Route))
#21 /Users/paul/WorkSpace/TestSoloCoder/8dcba39c-18f8-480b-b0ba-16d88d729ae7/vendor/laravel/framework/src/Illuminate/Collections/Arr.php(602): array_map(Object(Closure), Array)
#22 /Users/paul/WorkSpace/TestSoloCoder/8dcba39c-18f8-480b-b0ba-16d88d729ae7/vendor/laravel/framework/src/Illuminate/Collections/Collection.php(778): Illuminate\\Support\\Arr::map(Array, Object(Closure))
#23 /Users/paul/WorkSpace/TestSoloCoder/8dcba39c-18f8-480b-b0ba-16d88d729ae7/vendor/laravel/framework/src/Illuminate/Foundation/Console/RouteListCommand.php(115): Illuminate\\Support\\Collection->map(Object(Closure))
#24 /Users/paul/WorkSpace/TestSoloCoder/8dcba39c-18f8-480b-b0ba-16d88d729ae7/vendor/laravel/framework/src/Illuminate/Foundation/Console/RouteListCommand.php(101): Illuminate\\Foundation\\Console\\RouteListCommand->getRoutes()
#25 /Users/paul/WorkSpace/TestSoloCoder/8dcba39c-18f8-480b-b0ba-16d88d729ae7/vendor/laravel/framework/src/Illuminate/Container/BoundMethod.php(36): Illuminate\\Foundation\\Console\\RouteListCommand->handle()
#26 /Users/paul/WorkSpace/TestSoloCoder/8dcba39c-18f8-480b-b0ba-16d88d729ae7/vendor/laravel/framework/src/Illuminate/Container/Util.php(41): Illuminate\\Container\\BoundMethod::{closure:Illuminate\\Container\\BoundMethod::call():35}()
#27 /Users/paul/WorkSpace/TestSoloCoder/8dcba39c-18f8-480b-b0ba-16d88d729ae7/vendor/laravel/framework/src/Illuminate/Container/BoundMethod.php(93): Illuminate\\Container\\Util::unwrapIfClosure(Object(Closure))
#28 /Users/paul/WorkSpace/TestSoloCoder/8dcba39c-18f8-480b-b0ba-16d88d729ae7/vendor/laravel/framework/src/Illuminate/Container/BoundMethod.php(35): Illuminate\\Container\\BoundMethod::callBoundMethod(Object(Illuminate\\Foundation\\Application), Array, Object(Closure))
#29 /Users/paul/WorkSpace/TestSoloCoder/8dcba39c-18f8-480b-b0ba-16d88d729ae7/vendor/laravel/framework/src/Illuminate/Container/Container.php(662): Illuminate\\Container\\BoundMethod::call(Object(Illuminate\\Foundation\\Application), Array, Array, NULL)
#30 /Users/paul/WorkSpace/TestSoloCoder/8dcba39c-18f8-480b-b0ba-16d88d729ae7/vendor/laravel/framework/src/Illuminate/Console/Command.php(211): Illuminate\\Container\\Container->call(Array)
#31 /Users/paul/WorkSpace/TestSoloCoder/8dcba39c-18f8-480b-b0ba-16d88d729ae7/vendor/symfony/console/Command/Command.php(326): Illuminate\\Console\\Command->execute(Object(Symfony\\Component\\Console\\Input\\ArgvInput), Object(Illuminate\\Console\\OutputStyle))
#32 /Users/paul/WorkSpace/TestSoloCoder/8dcba39c-18f8-480b-b0ba-16d88d729ae7/vendor/laravel/framework/src/Illuminate/Console/Command.php(180): Symfony\\Component\\Console\\Command\\Command->run(Object(Symfony\\Component\\Console\\Input\\ArgvInput), Object(Illuminate\\Console\\OutputStyle))
#33 /Users/paul/WorkSpace/TestSoloCoder/8dcba39c-18f8-480b-b0ba-16d88d729ae7/vendor/symfony/console/Application.php(1121): Illuminate\\Console\\Command->run(Object(Symfony\\Component\\Console\\Input\\ArgvInput), Object(Symfony\\Component\\Console\\Output\\ConsoleOutput))
#34 /Users/paul/WorkSpace/TestSoloCoder/8dcba39c-18f8-480b-b0ba-16d88d729ae7/vendor/symfony/console/Application.php(324): Symfony\\Component\\Console\\Application->doRunCommand(Object(Illuminate\\Foundation\\Console\\RouteListCommand), Object(Symfony\\Component\\Console\\Input\\ArgvInput), Object(Symfony\\Component\\Console\\Output\\ConsoleOutput))
#35 /Users/paul/WorkSpace/TestSoloCoder/8dcba39c-18f8-480b-b0ba-16d88d729ae7/vendor/symfony/console/Application.php(175): Symfony\\Component\\Console\\Application->doRun(Object(Symfony\\Component\\Console\\Input\\ArgvInput), Object(Symfony\\Component\\Console\\Output\\ConsoleOutput))
#36 /Users/paul/WorkSpace/TestSoloCoder/8dcba39c-18f8-480b-b0ba-16d88d729ae7/vendor/laravel/framework/src/Illuminate/Foundation/Console/Kernel.php(201): Symfony\\Component\\Console\\Application->run(Object(Symfony\\Component\\Console\\Input\\ArgvInput), Object(Symfony\\Component\\Console\\Output\\ConsoleOutput))
#37 /Users/paul/WorkSpace/TestSoloCoder/8dcba39c-18f8-480b-b0ba-16d88d729ae7/artisan(12): Illuminate\\Foundation\\Console\\Kernel->handle(Object(Symfony\\Component\\Console\\Input\\ArgvInput), Object(Symfony\\Component\\Console\\Output\\ConsoleOutput))
#38 {main}
"} 
[2026-06-17 22:58:56] laravel.EMERGENCY: Unable to create configured logger. Using emergency logger. {"exception":"[object] (InvalidArgumentException(code: 0): Driver [sentry] is not supported. at /Users/paul/WorkSpace/TestSoloCoder/8dcba39c-18f8-480b-b0ba-16d88d729ae7/vendor/laravel/framework/src/Illuminate/Log/LogManager.php:225)
[stacktrace]
#0 /Users/paul/WorkSpace/TestSoloCoder/8dcba39c-18f8-480b-b0ba-16d88d729ae7/vendor/laravel/framework/src/Illuminate/Log/LogManager.php(137): Illuminate\\Log\\LogManager->resolve('sentry', Array)
#1 /Users/paul/WorkSpace/TestSoloCoder/8dcba39c-18f8-480b-b0ba-16d88d729ae7/vendor/laravel/framework/src/Illuminate/Log/LogManager.php(124): Illuminate\\Log\\LogManager->get('sentry')
#2 /Users/paul/WorkSpace/TestSoloCoder/8dcba39c-18f8-480b-b0ba-16d88d729ae7/vendor/laravel/framework/src/Illuminate/Log/LogManager.php(113): Illuminate\\Log\\LogManager->driver('sentry')
#3 /Users/paul/WorkSpace/TestSoloCoder/8dcba39c-18f8-480b-b0ba-16d88d729ae7/vendor/laravel/framework/src/Illuminate/Log/LogManager.php(267): Illuminate\\Log\\LogManager->channel('sentry')
#4 [internal function]: Illuminate\\Log\\LogManager->{closure:Illuminate\\Log\\LogManager::createStackDriver():264}('sentry', 1)
#5 /Users/paul/WorkSpace/TestSoloCoder/8dcba39c-18f8-480b-b0ba-16d88d729ae7/vendor/laravel/framework/src/Illuminate/Collections/Arr.php(600): array_map(Object(Closure), Array, Array)
#6 /Users/paul/WorkSpace/TestSoloCoder/8dcba39c-18f8-480b-b0ba-16d88d729ae7/vendor/laravel/framework/src/Illuminate/Collections/Collection.php(778): Illuminate\\Support\\Arr::map(Array, Object(Closure))
#7 /Users/paul/WorkSpace/TestSoloCoder/8dcba39c-18f8-480b-b0ba-16d88d729ae7/vendor/laravel/framework/src/Illuminate/Collections/Traits/EnumeratesValues.php(404): Illuminate\\Support\\Collection->map(Object(Closure))
#8 /Users/paul/WorkSpace/TestSoloCoder/8dcba39c-18f8-480b-b0ba-16d88d729ae7/vendor/laravel/framework/src/Illuminate/Log/LogManager.php(264): Illuminate\\Support\\Collection->flatMap(Object(Closure))
#9 /Users/paul/WorkSpace/TestSoloCoder/8dcba39c-18f8-480b-b0ba-16d88d729ae7/vendor/laravel/framework/src/Illuminate/Log/LogManager.php(222): Illuminate\\Log\\LogManager->createStackDriver(Array)
#10 /Users/paul/WorkSpace/TestSoloCoder/8dcba39c-18f8-480b-b0ba-16d88d729ae7/vendor/laravel/framework/src/Illuminate/Log/LogManager.php(137): Illuminate\\Log\\LogManager->resolve('stack', Array)
#11 /Users/paul/WorkSpace/TestSoloCoder/8dcba39c-18f8-480b-b0ba-16d88d729ae7/vendor/laravel/framework/src/Illuminate/Log/LogManager.php(124): Illuminate\\Log\\LogManager->get('stack')
#12 /Users/paul/WorkSpace/TestSoloCoder/8dcba39c-18f8-480b-b0ba-16d88d729ae7/vendor/laravel/framework/src/Illuminate/Log/LogManager.php(681): Illuminate\\Log\\LogManager->driver()
#13 /Users/paul/WorkSpace/TestSoloCoder/8dcba39c-18f8-480b-b0ba-16d88d729ae7/vendor/laravel/framework/src/Illuminate/Foundation/Exceptions/Handler.php(317): Illuminate\\Log\\LogManager->error('Too few argumen...', Array)
#14 /Users/paul/WorkSpace/TestSoloCoder/8dcba39c-18f8-480b-b0ba-16d88d729ae7/vendor/laravel/framework/src/Illuminate/Foundation/Exceptions/Handler.php(278): Illuminate\\Foundation\\Exceptions\\Handler->reportThrowable(Object(ArgumentCountError))
#15 /Users/paul/WorkSpace/TestSoloCoder/8dcba39c-18f8-480b-b0ba-16d88d729ae7/vendor/laravel/framework/src/Illuminate/Foundation/Console/Kernel.php(523): Illuminate\\Foundation\\Exceptions\\Handler->report(Object(ArgumentCountError))
#16 /Users/paul/WorkSpace/TestSoloCoder/8dcba39c-18f8-480b-b0ba-16d88d729ae7/vendor/laravel/framework/src/Illuminate/Foundation/Console/Kernel.php(203): Illuminate\\Foundation\\Console\\Kernel->reportException(Object(ArgumentCountError))
#17 /Users/paul/WorkSpace/TestSoloCoder/8dcba39c-18f8-480b-b0ba-16d88d729ae7/artisan(12): Illuminate\\Foundation\\Console\\Kernel->handle(Object(Symfony\\Component\\Console\\Input\\ArgvInput), Object(Symfony\\Component\\Console\\Output\\ConsoleOutput))
#18 {main}
"} 
[2026-06-17 22:58:56] laravel.EMERGENCY: Unable to create configured logger. Using emergency logger. {"exception":"[object] (InvalidArgumentException(code: 0): Driver [sentry] is not supported. at /Users/paul/WorkSpace/TestSoloCoder/8dcba39c-18f8-480b-b0ba-16d88d729ae7/vendor/laravel/framework/src/Illuminate/Log/LogManager.php:225)
[stacktrace]
#0 /Users/paul/WorkSpace/TestSoloCoder/8dcba39c-18f8-480b-b0ba-16d88d729ae7/vendor/laravel/framework/src/Illuminate/Log/LogManager.php(137): Illuminate\\Log\\LogManager->resolve('sentry', Array)
#1 /Users/paul/WorkSpace/TestSoloCoder/8dcba39c-18f8-480b-b0ba-16d88d729ae7/vendor/laravel/framework/src/Illuminate/Log/LogManager.php(124): Illuminate\\Log\\LogManager->get('sentry')
#2 /Users/paul/WorkSpace/TestSoloCoder/8dcba39c-18f8-480b-b0ba-16d88d729ae7/vendor/laravel/framework/src/Illuminate/Log/LogManager.php(113): Illuminate\\Log\\LogManager->driver('sentry')
#3 /Users/paul/WorkSpace/TestSoloCoder/8dcba39c-18f8-480b-b0ba-16d88d729ae7/vendor/laravel/framework/src/Illuminate/Log/LogManager.php(273): Illuminate\\Log\\LogManager->channel('sentry')
#4 [internal function]: Illuminate\\Log\\LogManager->{closure:Illuminate\\Log\\LogManager::createStackDriver():270}('sentry', 1)
#5 /Users/paul/WorkSpace/TestSoloCoder/8dcba39c-18f8-480b-b0ba-16d88d729ae7/vendor/laravel/framework/src/Illuminate/Collections/Arr.php(600): array_map(Object(Closure), Array, Array)
#6 /Users/paul/WorkSpace/TestSoloCoder/8dcba39c-18f8-480b-b0ba-16d88d729ae7/vendor/laravel/framework/src/Illuminate/Collections/Collection.php(778): Illuminate\\Support\\Arr::map(Array, Object(Closure))
#7 /Users/paul/WorkSpace/TestSoloCoder/8dcba39c-18f8-480b-b0ba-16d88d729ae7/vendor/laravel/framework/src/Illuminate/Collections/Traits/EnumeratesValues.php(404): Illuminate\\Support\\Collection->map(Object(Closure))
#8 /Users/paul/WorkSpace/TestSoloCoder/8dcba39c-18f8-480b-b0ba-16d88d729ae7/vendor/laravel/framework/src/Illuminate/Log/LogManager.php(270): Illuminate\\Support\\Collection->flatMap(Object(Closure))
#9 /Users/paul/WorkSpace/TestSoloCoder/8dcba39c-18f8-480b-b0ba-16d88d729ae7/vendor/laravel/framework/src/Illuminate/Log/LogManager.php(222): Illuminate\\Log\\LogManager->createStackDriver(Array)
#10 /Users/paul/WorkSpace/TestSoloCoder/8dcba39c-18f8-480b-b0ba-16d88d729ae7/vendor/laravel/framework/src/Illuminate/Log/LogManager.php(137): Illuminate\\Log\\LogManager->resolve('stack', Array)
#11 /Users/paul/WorkSpace/TestSoloCoder/8dcba39c-18f8-480b-b0ba-16d88d729ae7/vendor/laravel/framework/src/Illuminate/Log/LogManager.php(124): Illuminate\\Log\\LogManager->get('stack')
#12 /Users/paul/WorkSpace/TestSoloCoder/8dcba39c-18f8-480b-b0ba-16d88d729ae7/vendor/laravel/framework/src/Illuminate/Log/LogManager.php(681): Illuminate\\Log\\LogManager->driver()
#13 /Users/paul/WorkSpace/TestSoloCoder/8dcba39c-18f8-480b-b0ba-16d88d729ae7/vendor/laravel/framework/src/Illuminate/Foundation/Exceptions/Handler.php(317): Illuminate\\Log\\LogManager->error('Too few argumen...', Array)
#14 /Users/paul/WorkSpace/TestSoloCoder/8dcba39c-18f8-480b-b0ba-16d88d729ae7/vendor/laravel/framework/src/Illuminate/Foundation/Exceptions/Handler.php(278): Illuminate\\Foundation\\Exceptions\\Handler->reportThrowable(Object(ArgumentCountError))
#15 /Users/paul/WorkSpace/TestSoloCoder/8dcba39c-18f8-480b-b0ba-16d88d729ae7/vendor/laravel/framework/src/Illuminate/Foundation/Console/Kernel.php(523): Illuminate\\Foundation\\Exceptions\\Handler->report(Object(ArgumentCountError))
#16 /Users/paul/WorkSpace/TestSoloCoder/8dcba39c-18f8-480b-b0ba-16d88d729ae7/vendor/laravel/framework/src/Illuminate/Foundation/Console/Kernel.php(203): Illuminate\\Foundation\\Console\\Kernel->reportException(Object(ArgumentCountError))
#17 /Users/paul/WorkSpace/TestSoloCoder/8dcba39c-18f8-480b-b0ba-16d88d729ae7/artisan(12): Illuminate\\Foundation\\Console\\Kernel->handle(Object(Symfony\\Component\\Console\\Input\\ArgvInput), Object(Symfony\\Component\\Console\\Output\\ConsoleOutput))
#18 {main}
"} 
[2026-06-17 22:58:56] local.ERROR: Too few arguments to function App\Services\SlaMonitor::__construct(), 0 passed in /Users/paul/WorkSpace/TestSoloCoder/8dcba39c-18f8-480b-b0ba-16d88d729ae7/app/Providers/AppServiceProvider.php on line 33 and exactly 1 expected {"exception":"[object] (ArgumentCountError(code: 0): Too few arguments to function App\\Services\\SlaMonitor::__construct(), 0 passed in /Users/paul/WorkSpace/TestSoloCoder/8dcba39c-18f8-480b-b0ba-16d88d729ae7/app/Providers/AppServiceProvider.php on line 33 and exactly 1 expected at /Users/paul/WorkSpace/TestSoloCoder/8dcba39c-18f8-480b-b0ba-16d88d729ae7/app/Services/SlaMonitor.php:19)
[stacktrace]
#0 /Users/paul/WorkSpace/TestSoloCoder/8dcba39c-18f8-480b-b0ba-16d88d729ae7/app/Providers/AppServiceProvider.php(33): App\\Services\\SlaMonitor->__construct()
#1 /Users/paul/WorkSpace/TestSoloCoder/8dcba39c-18f8-480b-b0ba-16d88d729ae7/vendor/laravel/framework/src/Illuminate/Container/Container.php(908): App\\Providers\\AppServiceProvider->{closure:App\\Providers\\AppServiceProvider::register():32}(Object(Illuminate\\Foundation\\Application), Array)
#2 /Users/paul/WorkSpace/TestSoloCoder/8dcba39c-18f8-480b-b0ba-16d88d729ae7/vendor/laravel/framework/src/Illuminate/Container/Container.php(795): Illuminate\\Container\\Container->build(Object(Closure))
#3 /Users/paul/WorkSpace/TestSoloCoder/8dcba39c-18f8-480b-b0ba-16d88d729ae7/vendor/laravel/framework/src/Illuminate/Foundation/Application.php(986): Illuminate\\Container\\Container->resolve('sla.monitor', Array, true)
#4 /Users/paul/WorkSpace/TestSoloCoder/8dcba39c-18f8-480b-b0ba-16d88d729ae7/vendor/laravel/framework/src/Illuminate/Container/Container.php(731): Illuminate\\Foundation\\Application->resolve('sla.monitor', Array)
#5 /Users/paul/WorkSpace/TestSoloCoder/8dcba39c-18f8-480b-b0ba-16d88d729ae7/vendor/laravel/framework/src/Illuminate/Foundation/Application.php(971): Illuminate\\Container\\Container->make('sla.monitor', Array)
#6 /Users/paul/WorkSpace/TestSoloCoder/8dcba39c-18f8-480b-b0ba-16d88d729ae7/vendor/laravel/framework/src/Illuminate/Container/Container.php(1066): Illuminate\\Foundation\\Application->make('sla.monitor')
#7 /Users/paul/WorkSpace/TestSoloCoder/8dcba39c-18f8-480b-b0ba-16d88d729ae7/vendor/laravel/framework/src/Illuminate/Container/Container.php(982): Illuminate\\Container\\Container->resolveClass(Object(ReflectionParameter))
#8 /Users/paul/WorkSpace/TestSoloCoder/8dcba39c-18f8-480b-b0ba-16d88d729ae7/vendor/laravel/framework/src/Illuminate/Container/Container.php(943): Illuminate\\Container\\Container->resolveDependencies(Array)
#9 /Users/paul/WorkSpace/TestSoloCoder/8dcba39c-18f8-480b-b0ba-16d88d729ae7/vendor/laravel/framework/src/Illuminate/Container/Container.php(795): Illuminate\\Container\\Container->build('App\\\\Http\\\\Contro...')
#10 /Users/paul/WorkSpace/TestSoloCoder/8dcba39c-18f8-480b-b0ba-16d88d729ae7/vendor/laravel/framework/src/Illuminate/Foundation/Application.php(986): Illuminate\\Container\\Container->resolve('App\\\\Http\\\\Contro...', Array, true)
#11 /Users/paul/WorkSpace/TestSoloCoder/8dcba39c-18f8-480b-b0ba-16d88d729ae7/vendor/laravel/framework/src/Illuminate/Container/Container.php(731): Illuminate\\Foundation\\Application->resolve('App\\\\Http\\\\Contro...', Array)
#12 /Users/paul/WorkSpace/TestSoloCoder/8dcba39c-18f8-480b-b0ba-16d88d729ae7/vendor/laravel/framework/src/Illuminate/Foundation/Application.php(971): Illuminate\\Container\\Container->make('App\\\\Http\\\\Contro...', Array)
#13 /Users/paul/WorkSpace/TestSoloCoder/8dcba39c-18f8-480b-b0ba-16d88d729ae7/vendor/laravel/framework/src/Illuminate/Routing/Route.php(278): Illuminate\\Foundation\\Application->make('App\\\\Http\\\\Contro...')
#14 /Users/paul/WorkSpace/TestSoloCoder/8dcba39c-18f8-480b-b0ba-16d88d729ae7/vendor/laravel/framework/src/Illuminate/Routing/Route.php(1104): Illuminate\\Routing\\Route->getController()
#15 /Users/paul/WorkSpace/TestSoloCoder/8dcba39c-18f8-480b-b0ba-16d88d729ae7/vendor/laravel/framework/src/Illuminate/Routing/Route.php(1035): Illuminate\\Routing\\Route->controllerMiddleware()
#16 /Users/paul/WorkSpace/TestSoloCoder/8dcba39c-18f8-480b-b0ba-16d88d729ae7/vendor/laravel/framework/src/Illuminate/Routing/Router.php(818): Illuminate\\Routing\\Route->gatherMiddleware()
#17 /Users/paul/WorkSpace/TestSoloCoder/8dcba39c-18f8-480b-b0ba-16d88d729ae7/vendor/laravel/framework/src/Illuminate/Foundation/Console/RouteListCommand.php(201): Illuminate\\Routing\\Router->gatherRouteMiddleware(Object(Illuminate\\Routing\\Route))
#18 /Users/paul/WorkSpace/TestSoloCoder/8dcba39c-18f8-480b-b0ba-16d88d729ae7/vendor/laravel/framework/src/Illuminate/Foundation/Console/RouteListCommand.php(146): Illuminate\\Foundation\\Console\\RouteListCommand->getMiddleware(Object(Illuminate\\Routing\\Route))
#19 /Users/paul/WorkSpace/TestSoloCoder/8dcba39c-18f8-480b-b0ba-16d88d729ae7/vendor/laravel/framework/src/Illuminate/Foundation/Console/RouteListCommand.php(116): Illuminate\\Foundation\\Console\\RouteListCommand->getRouteInformation(Object(Illuminate\\Routing\\Route))
#20 [internal function]: Illuminate\\Foundation\\Console\\RouteListCommand->{closure:Illuminate\\Foundation\\Console\\RouteListCommand::getRoutes():115}(Object(Illuminate\\Routing\\Route))
#21 /Users/paul/WorkSpace/TestSoloCoder/8dcba39c-18f8-480b-b0ba-16d88d729ae7/vendor/laravel/framework/src/Illuminate/Collections/Arr.php(602): array_map(Object(Closure), Array)
#22 /Users/paul/WorkSpace/TestSoloCoder/8dcba39c-18f8-480b-b0ba-16d88d729ae7/vendor/laravel/framework/src/Illuminate/Collections/Collection.php(778): Illuminate\\Support\\Arr::map(Array, Object(Closure))
#23 /Users/paul/WorkSpace/TestSoloCoder/8dcba39c-18f8-480b-b0ba-16d88d729ae7/vendor/laravel/framework/src/Illuminate/Foundation/Console/RouteListCommand.php(115): Illuminate\\Support\\Collection->map(Object(Closure))
#24 /Users/paul/WorkSpace/TestSoloCoder/8dcba39c-18f8-480b-b0ba-16d88d729ae7/vendor/laravel/framework/src/Illuminate/Foundation/Console/RouteListCommand.php(101): Illuminate\\Foundation\\Console\\RouteListCommand->getRoutes()
#25 /Users/paul/WorkSpace/TestSoloCoder/8dcba39c-18f8-480b-b0ba-16d88d729ae7/vendor/laravel/framework/src/Illuminate/Container/BoundMethod.php(36): Illuminate\\Foundation\\Console\\RouteListCommand->handle()
#26 /Users/paul/WorkSpace/TestSoloCoder/8dcba39c-18f8-480b-b0ba-16d88d729ae7/vendor/laravel/framework/src/Illuminate/Container/Util.php(41): Illuminate\\Container\\BoundMethod::{closure:Illuminate\\Container\\BoundMethod::call():35}()
#27 /Users/paul/WorkSpace/TestSoloCoder/8dcba39c-18f8-480b-b0ba-16d88d729ae7/vendor/laravel/framework/src/Illuminate/Container/BoundMethod.php(93): Illuminate\\Container\\Util::unwrapIfClosure(Object(Closure))
#28 /Users/paul/WorkSpace/TestSoloCoder/8dcba39c-18f8-480b-b0ba-16d88d729ae7/vendor/laravel/framework/src/Illuminate/Container/BoundMethod.php(35): Illuminate\\Container\\BoundMethod::callBoundMethod(Object(Illuminate\\Foundation\\Application), Array, Object(Closure))
#29 /Users/paul/WorkSpace/TestSoloCoder/8dcba39c-18f8-480b-b0ba-16d88d729ae7/vendor/laravel/framework/src/Illuminate/Container/Container.php(662): Illuminate\\Container\\BoundMethod::call(Object(Illuminate\\Foundation\\Application), Array, Array, NULL)
#30 /Users/paul/WorkSpace/TestSoloCoder/8dcba39c-18f8-480b-b0ba-16d88d729ae7/vendor/laravel/framework/src/Illuminate/Console/Command.php(211): Illuminate\\Container\\Container->call(Array)
#31 /Users/paul/WorkSpace/TestSoloCoder/8dcba39c-18f8-480b-b0ba-16d88d729ae7/vendor/symfony/console/Command/Command.php(326): Illuminate\\Console\\Command->execute(Object(Symfony\\Component\\Console\\Input\\ArgvInput), Object(Illuminate\\Console\\OutputStyle))
#32 /Users/paul/WorkSpace/TestSoloCoder/8dcba39c-18f8-480b-b0ba-16d88d729ae7/vendor/laravel/framework/src/Illuminate/Console/Command.php(180): Symfony\\Component\\Console\\Command\\Command->run(Object(Symfony\\Component\\Console\\Input\\ArgvInput), Object(Illuminate\\Console\\OutputStyle))
#33 /Users/paul/WorkSpace/TestSoloCoder/8dcba39c-18f8-480b-b0ba-16d88d729ae7/vendor/symfony/console/Application.php(1121): Illuminate\\Console\\Command->run(Object(Symfony\\Component\\Console\\Input\\ArgvInput), Object(Symfony\\Component\\Console\\Output\\ConsoleOutput))
#34 /Users/paul/WorkSpace/TestSoloCoder/8dcba39c-18f8-480b-b0ba-16d88d729ae7/vendor/symfony/console/Application.php(324): Symfony\\Component\\Console\\Application->doRunCommand(Object(Illuminate\\Foundation\\Console\\RouteListCommand), Object(Symfony\\Component\\Console\\Input\\ArgvInput), Object(Symfony\\Component\\Console\\Output\\ConsoleOutput))
#35 /Users/paul/WorkSpace/TestSoloCoder/8dcba39c-18f8-480b-b0ba-16d88d729ae7/vendor/symfony/console/Application.php(175): Symfony\\Component\\Console\\Application->doRun(Object(Symfony\\Component\\Console\\Input\\ArgvInput), Object(Symfony\\Component\\Console\\Output\\ConsoleOutput))
#36 /Users/paul/WorkSpace/TestSoloCoder/8dcba39c-18f8-480b-b0ba-16d88d729ae7/vendor/laravel/framework/src/Illuminate/Foundation/Console/Kernel.php(201): Symfony\\Component\\Console\\Application->run(Object(Symfony\\Component\\Console\\Input\\ArgvInput), Object(Symfony\\Component\\Console\\Output\\ConsoleOutput))
#37 /Users/paul/WorkSpace/TestSoloCoder/8dcba39c-18f8-480b-b0ba-16d88d729ae7/artisan(12): Illuminate\\Foundation\\Console\\Kernel->handle(Object(Symfony\\Component\\Console\\Input\\ArgvInput), Object(Symfony\\Component\\Console\\Output\\ConsoleOutput))
#38 {main}
"} 
[2026-06-17 22:58:56] local.ERROR: Too few arguments to function App\Services\SlaMonitor::__construct(), 0 passed in /Users/paul/WorkSpace/TestSoloCoder/8dcba39c-18f8-480b-b0ba-16d88d729ae7/app/Providers/AppServiceProvider.php on line 33 and exactly 1 expected {"exception":"[object] (ArgumentCountError(code: 0): Too few arguments to function App\\Services\\SlaMonitor::__construct(), 0 passed in /Users/paul/WorkSpace/TestSoloCoder/8dcba39c-18f8-480b-b0ba-16d88d729ae7/app/Providers/AppServiceProvider.php on line 33 and exactly 1 expected at /Users/paul/WorkSpace/TestSoloCoder/8dcba39c-18f8-480b-b0ba-16d88d729ae7/app/Services/SlaMonitor.php:19)
[stacktrace]
#0 /Users/paul/WorkSpace/TestSoloCoder/8dcba39c-18f8-480b-b0ba-16d88d729ae7/app/Providers/AppServiceProvider.php(33): App\\Services\\SlaMonitor->__construct()
#1 /Users/paul/WorkSpace/TestSoloCoder/8dcba39c-18f8-480b-b0ba-16d88d729ae7/vendor/laravel/framework/src/Illuminate/Container/Container.php(908): App\\Providers\\AppServiceProvider->{closure:App\\Providers\\AppServiceProvider::register():32}(Object(Illuminate\\Foundation\\Application), Array)
#2 /Users/paul/WorkSpace/TestSoloCoder/8dcba39c-18f8-480b-b0ba-16d88d729ae7/vendor/laravel/framework/src/Illuminate/Container/Container.php(795): Illuminate\\Container\\Container->build(Object(Closure))
#3 /Users/paul/WorkSpace/TestSoloCoder/8dcba39c-18f8-480b-b0ba-16d88d729ae7/vendor/laravel/framework/src/Illuminate/Foundation/Application.php(986): Illuminate\\Container\\Container->resolve('sla.monitor', Array, true)
#4 /Users/paul/WorkSpace/TestSoloCoder/8dcba39c-18f8-480b-b0ba-16d88d729ae7/vendor/laravel/framework/src/Illuminate/Container/Container.php(731): Illuminate\\Foundation\\Application->resolve('sla.monitor', Array)
#5 /Users/paul/WorkSpace/TestSoloCoder/8dcba39c-18f8-480b-b0ba-16d88d729ae7/vendor/laravel/framework/src/Illuminate/Foundation/Application.php(971): Illuminate\\Container\\Container->make('sla.monitor', Array)
#6 /Users/paul/WorkSpace/TestSoloCoder/8dcba39c-18f8-480b-b0ba-16d88d729ae7/vendor/laravel/framework/src/Illuminate/Container/Container.php(1066): Illuminate\\Foundation\\Application->make('sla.monitor')
#7 /Users/paul/WorkSpace/TestSoloCoder/8dcba39c-18f8-480b-b0ba-16d88d729ae7/vendor/laravel/framework/src/Illuminate/Container/Container.php(982): Illuminate\\Container\\Container->resolveClass(Object(ReflectionParameter))
#8 /Users/paul/WorkSpace/TestSoloCoder/8dcba39c-18f8-480b-b0ba-16d88d729ae7/vendor/laravel/framework/src/Illuminate/Container/Container.php(943): Illuminate\\Container\\Container->resolveDependencies(Array)
#9 /Users/paul/WorkSpace/TestSoloCoder/8dcba39c-18f8-480b-b0ba-16d88d729ae7/vendor/laravel/framework/src/Illuminate/Container/Container.php(795): Illuminate\\Container\\Container->build('App\\\\Http\\\\Contro...')
#10 /Users/paul/WorkSpace/TestSoloCoder/8dcba39c-18f8-480b-b0ba-16d88d729ae7/vendor/laravel/framework/src/Illuminate/Foundation/Application.php(986): Illuminate\\Container\\Container->resolve('App\\\\Http\\\\Contro...', Array, true)
#11 /Users/paul/WorkSpace/TestSoloCoder/8dcba39c-18f8-480b-b0ba-16d88d729ae7/vendor/laravel/framework/src/Illuminate/Container/Container.php(731): Illuminate\\Foundation\\Application->resolve('App\\\\Http\\\\Contro...', Array)
#12 /Users/paul/WorkSpace/TestSoloCoder/8dcba39c-18f8-480b-b0ba-16d88d729ae7/vendor/laravel/framework/src/Illuminate/Foundation/Application.php(971): Illuminate\\Container\\Container->make('App\\\\Http\\\\Contro...', Array)
#13 /Users/paul/WorkSpace/TestSoloCoder/8dcba39c-18f8-480b-b0ba-16d88d729ae7/vendor/laravel/framework/src/Illuminate/Routing/Route.php(278): Illuminate\\Foundation\\Application->make('App\\\\Http\\\\Contro...')
#14 /Users/paul/WorkSpace/TestSoloCoder/8dcba39c-18f8-480b-b0ba-16d88d729ae7/vendor/laravel/framework/src/Illuminate/Routing/Route.php(1104): Illuminate\\Routing\\Route->getController()
#15 /Users/paul/WorkSpace/TestSoloCoder/8dcba39c-18f8-480b-b0ba-16d88d729ae7/vendor/laravel/framework/src/Illuminate/Routing/Route.php(1035): Illuminate\\Routing\\Route->controllerMiddleware()
#16 /Users/paul/WorkSpace/TestSoloCoder/8dcba39c-18f8-480b-b0ba-16d88d729ae7/vendor/laravel/framework/src/Illuminate/Routing/Router.php(818): Illuminate\\Routing\\Route->gatherMiddleware()
#17 /Users/paul/WorkSpace/TestSoloCoder/8dcba39c-18f8-480b-b0ba-16d88d729ae7/vendor/laravel/framework/src/Illuminate/Foundation/Console/RouteListCommand.php(201): Illuminate\\Routing\\Router->gatherRouteMiddleware(Object(Illuminate\\Routing\\Route))
#18 /Users/paul/WorkSpace/TestSoloCoder/8dcba39c-18f8-480b-b0ba-16d88d729ae7/vendor/laravel/framework/src/Illuminate/Foundation/Console/RouteListCommand.php(146): Illuminate\\Foundation\\Console\\RouteListCommand->getMiddleware(Object(Illuminate\\Routing\\Route))
#19 /Users/paul/WorkSpace/TestSoloCoder/8dcba39c-18f8-480b-b0ba-16d88d729ae7/vendor/laravel/framework/src/Illuminate/Foundation/Console/RouteListCommand.php(116): Illuminate\\Foundation\\Console\\RouteListCommand->getRouteInformation(Object(Illuminate\\Routing\\Route))
#20 [internal function]: Illuminate\\Foundation\\Console\\RouteListCommand->{closure:Illuminate\\Foundation\\Console\\RouteListCommand::getRoutes():115}(Object(Illuminate\\Routing\\Route))
#21 /Users/paul/WorkSpace/TestSoloCoder/8dcba39c-18f8-480b-b0ba-16d88d729ae7/vendor/laravel/framework/src/Illuminate/Collections/Arr.php(602): array_map(Object(Closure), Array)
#22 /Users/paul/WorkSpace/TestSoloCoder/8dcba39c-18f8-480b-b0ba-16d88d729ae7/vendor/laravel/framework/src/Illuminate/Collections/Collection.php(778): Illuminate\\Support\\Arr::map(Array, Object(Closure))
#23 /Users/paul/WorkSpace/TestSoloCoder/8dcba39c-18f8-480b-b0ba-16d88d729ae7/vendor/laravel/framework/src/Illuminate/Foundation/Console/RouteListCommand.php(115): Illuminate\\Support\\Collection->map(Object(Closure))
#24 /Users/paul/WorkSpace/TestSoloCoder/8dcba39c-18f8-480b-b0ba-16d88d729ae7/vendor/laravel/framework/src/Illuminate/Foundation/Console/RouteListCommand.php(101): Illuminate\\Foundation\\Console\\RouteListCommand->getRoutes()
#25 /Users/paul/WorkSpace/TestSoloCoder/8dcba39c-18f8-480b-b0ba-16d88d729ae7/vendor/laravel/framework/src/Illuminate/Container/BoundMethod.php(36): Illuminate\\Foundation\\Console\\RouteListCommand->handle()
#26 /Users/paul/WorkSpace/TestSoloCoder/8dcba39c-18f8-480b-b0ba-16d88d729ae7/vendor/laravel/framework/src/Illuminate/Container/Util.php(41): Illuminate\\Container\\BoundMethod::{closure:Illuminate\\Container\\BoundMethod::call():35}()
#27 /Users/paul/WorkSpace/TestSoloCoder/8dcba39c-18f8-480b-b0ba-16d88d729ae7/vendor/laravel/framework/src/Illuminate/Container/BoundMethod.php(93): Illuminate\\Container\\Util::unwrapIfClosure(Object(Closure))
#28 /Users/paul/WorkSpace/TestSoloCoder/8dcba39c-18f8-480b-b0ba-16d88d729ae7/vendor/laravel/framework/src/Illuminate/Container/BoundMethod.php(35): Illuminate\\Container\\BoundMethod::callBoundMethod(Object(Illuminate\\Foundation\\Application), Array, Object(Closure))
#29 /Users/paul/WorkSpace/TestSoloCoder/8dcba39c-18f8-480b-b0ba-16d88d729ae7/vendor/laravel/framework/src/Illuminate/Container/Container.php(662): Illuminate\\Container\\BoundMethod::call(Object(Illuminate\\Foundation\\Application), Array, Array, NULL)
#30 /Users/paul/WorkSpace/TestSoloCoder/8dcba39c-18f8-480b-b0ba-16d88d729ae7/vendor/laravel/framework/src/Illuminate/Console/Command.php(211): Illuminate\\Container\\Container->call(Array)
#31 /Users/paul/WorkSpace/TestSoloCoder/8dcba39c-18f8-480b-b0ba-16d88d729ae7/vendor/symfony/console/Command/Command.php(326): Illuminate\\Console\\Command->execute(Object(Symfony\\Component\\Console\\Input\\ArgvInput), Object(Illuminate\\Console\\OutputStyle))
#32 /Users/paul/WorkSpace/TestSoloCoder/8dcba39c-18f8-480b-b0ba-16d88d729ae7/vendor/laravel/framework/src/Illuminate/Console/Command.php(180): Symfony\\Component\\Console\\Command\\Command->run(Object(Symfony\\Component\\Console\\Input\\ArgvInput), Object(Illuminate\\Console\\OutputStyle))
#33 /Users/paul/WorkSpace/TestSoloCoder/8dcba39c-18f8-480b-b0ba-16d88d729ae7/vendor/symfony/console/Application.php(1121): Illuminate\\Console\\Command->run(Object(Symfony\\Component\\Console\\Input\\ArgvInput), Object(Symfony\\Component\\Console\\Output\\ConsoleOutput))
#34 /Users/paul/WorkSpace/TestSoloCoder/8dcba39c-18f8-480b-b0ba-16d88d729ae7/vendor/symfony/console/Application.php(324): Symfony\\Component\\Console\\Application->doRunCommand(Object(Illuminate\\Foundation\\Console\\RouteListCommand), Object(Symfony\\Component\\Console\\Input\\ArgvInput), Object(Symfony\\Component\\Console\\Output\\ConsoleOutput))
#35 /Users/paul/WorkSpace/TestSoloCoder/8dcba39c-18f8-480b-b0ba-16d88d729ae7/vendor/symfony/console/Application.php(175): Symfony\\Component\\Console\\Application->doRun(Object(Symfony\\Component\\Console\\Input\\ArgvInput), Object(Symfony\\Component\\Console\\Output\\ConsoleOutput))
#36 /Users/paul/WorkSpace/TestSoloCoder/8dcba39c-18f8-480b-b0ba-16d88d729ae7/vendor/laravel/framework/src/Illuminate/Foundation/Console/Kernel.php(201): Symfony\\Component\\Console\\Application->run(Object(Symfony\\Component\\Console\\Input\\ArgvInput), Object(Symfony\\Component\\Console\\Output\\ConsoleOutput))
#37 /Users/paul/WorkSpace/TestSoloCoder/8dcba39c-18f8-480b-b0ba-16d88d729ae7/artisan(12): Illuminate\\Foundation\\Console\\Kernel->handle(Object(Symfony\\Component\\Console\\Input\\ArgvInput), Object(Symfony\\Component\\Console\\Output\\ConsoleOutput))
#38 {main}
"} 
[2026-06-17 23:02:50] laravel.EMERGENCY: Unable to create configured logger. Using emergency logger. {"exception":"[object] (InvalidArgumentException(code: 0): Driver [sentry] is not supported. at /Users/paul/WorkSpace/TestSoloCoder/8dcba39c-18f8-480b-b0ba-16d88d729ae7/vendor/laravel/framework/src/Illuminate/Log/LogManager.php:225)
[stacktrace]
#0 /Users/paul/WorkSpace/TestSoloCoder/8dcba39c-18f8-480b-b0ba-16d88d729ae7/vendor/laravel/framework/src/Illuminate/Log/LogManager.php(137): Illuminate\\Log\\LogManager->resolve('sentry', Array)
#1 /Users/paul/WorkSpace/TestSoloCoder/8dcba39c-18f8-480b-b0ba-16d88d729ae7/vendor/laravel/framework/src/Illuminate/Log/LogManager.php(124): Illuminate\\Log\\LogManager->get('sentry')
#2 /Users/paul/WorkSpace/TestSoloCoder/8dcba39c-18f8-480b-b0ba-16d88d729ae7/vendor/laravel/framework/src/Illuminate/Log/LogManager.php(113): Illuminate\\Log\\LogManager->driver('sentry')
#3 /Users/paul/WorkSpace/TestSoloCoder/8dcba39c-18f8-480b-b0ba-16d88d729ae7/vendor/laravel/framework/src/Illuminate/Log/LogManager.php(267): Illuminate\\Log\\LogManager->channel('sentry')
#4 [internal function]: Illuminate\\Log\\LogManager->{closure:Illuminate\\Log\\LogManager::createStackDriver():264}('sentry', 1)
#5 /Users/paul/WorkSpace/TestSoloCoder/8dcba39c-18f8-480b-b0ba-16d88d729ae7/vendor/laravel/framework/src/Illuminate/Collections/Arr.php(600): array_map(Object(Closure), Array, Array)
#6 /Users/paul/WorkSpace/TestSoloCoder/8dcba39c-18f8-480b-b0ba-16d88d729ae7/vendor/laravel/framework/src/Illuminate/Collections/Collection.php(778): Illuminate\\Support\\Arr::map(Array, Object(Closure))
#7 /Users/paul/WorkSpace/TestSoloCoder/8dcba39c-18f8-480b-b0ba-16d88d729ae7/vendor/laravel/framework/src/Illuminate/Collections/Traits/EnumeratesValues.php(404): Illuminate\\Support\\Collection->map(Object(Closure))
#8 /Users/paul/WorkSpace/TestSoloCoder/8dcba39c-18f8-480b-b0ba-16d88d729ae7/vendor/laravel/framework/src/Illuminate/Log/LogManager.php(264): Illuminate\\Support\\Collection->flatMap(Object(Closure))
#9 /Users/paul/WorkSpace/TestSoloCoder/8dcba39c-18f8-480b-b0ba-16d88d729ae7/vendor/laravel/framework/src/Illuminate/Log/LogManager.php(222): Illuminate\\Log\\LogManager->createStackDriver(Array)
#10 /Users/paul/WorkSpace/TestSoloCoder/8dcba39c-18f8-480b-b0ba-16d88d729ae7/vendor/laravel/framework/src/Illuminate/Log/LogManager.php(137): Illuminate\\Log\\LogManager->resolve('stack', Array)
#11 /Users/paul/WorkSpace/TestSoloCoder/8dcba39c-18f8-480b-b0ba-16d88d729ae7/vendor/laravel/framework/src/Illuminate/Log/LogManager.php(124): Illuminate\\Log\\LogManager->get('stack')
#12 /Users/paul/WorkSpace/TestSoloCoder/8dcba39c-18f8-480b-b0ba-16d88d729ae7/vendor/laravel/framework/src/Illuminate/Log/LogManager.php(681): Illuminate\\Log\\LogManager->driver()
#13 /Users/paul/WorkSpace/TestSoloCoder/8dcba39c-18f8-480b-b0ba-16d88d729ae7/vendor/laravel/framework/src/Illuminate/Foundation/Exceptions/Handler.php(317): Illuminate\\Log\\LogManager->error('array_merge(): ...', Array)
#14 /Users/paul/WorkSpace/TestSoloCoder/8dcba39c-18f8-480b-b0ba-16d88d729ae7/vendor/laravel/framework/src/Illuminate/Foundation/Exceptions/Handler.php(278): Illuminate\\Foundation\\Exceptions\\Handler->reportThrowable(Object(TypeError))
#15 /Users/paul/WorkSpace/TestSoloCoder/8dcba39c-18f8-480b-b0ba-16d88d729ae7/vendor/laravel/framework/src/Illuminate/Foundation/Console/Kernel.php(523): Illuminate\\Foundation\\Exceptions\\Handler->report(Object(TypeError))
#16 /Users/paul/WorkSpace/TestSoloCoder/8dcba39c-18f8-480b-b0ba-16d88d729ae7/vendor/laravel/framework/src/Illuminate/Foundation/Console/Kernel.php(203): Illuminate\\Foundation\\Console\\Kernel->reportException(Object(TypeError))
#17 /Users/paul/WorkSpace/TestSoloCoder/8dcba39c-18f8-480b-b0ba-16d88d729ae7/artisan(12): Illuminate\\Foundation\\Console\\Kernel->handle(Object(Symfony\\Component\\Console\\Input\\ArgvInput), Object(Symfony\\Component\\Console\\Output\\ConsoleOutput))
#18 {main}
"} 
[2026-06-17 23:02:50] laravel.EMERGENCY: Unable to create configured logger. Using emergency logger. {"exception":"[object] (InvalidArgumentException(code: 0): Driver [sentry] is not supported. at /Users/paul/WorkSpace/TestSoloCoder/8dcba39c-18f8-480b-b0ba-16d88d729ae7/vendor/laravel/framework/src/Illuminate/Log/LogManager.php:225)
[stacktrace]
#0 /Users/paul/WorkSpace/TestSoloCoder/8dcba39c-18f8-480b-b0ba-16d88d729ae7/vendor/laravel/framework/src/Illuminate/Log/LogManager.php(137): Illuminate\\Log\\LogManager->resolve('sentry', Array)
#1 /Users/paul/WorkSpace/TestSoloCoder/8dcba39c-18f8-480b-b0ba-16d88d729ae7/vendor/laravel/framework/src/Illuminate/Log/LogManager.php(124): Illuminate\\Log\\LogManager->get('sentry')
#2 /Users/paul/WorkSpace/TestSoloCoder/8dcba39c-18f8-480b-b0ba-16d88d729ae7/vendor/laravel/framework/src/Illuminate/Log/LogManager.php(113): Illuminate\\Log\\LogManager->driver('sentry')
#3 /Users/paul/WorkSpace/TestSoloCoder/8dcba39c-18f8-480b-b0ba-16d88d729ae7/vendor/laravel/framework/src/Illuminate/Log/LogManager.php(273): Illuminate\\Log\\LogManager->channel('sentry')
#4 [internal function]: Illuminate\\Log\\LogManager->{closure:Illuminate\\Log\\LogManager::createStackDriver():270}('sentry', 1)
#5 /Users/paul/WorkSpace/TestSoloCoder/8dcba39c-18f8-480b-b0ba-16d88d729ae7/vendor/laravel/framework/src/Illuminate/Collections/Arr.php(600): array_map(Object(Closure), Array, Array)
#6 /Users/paul/WorkSpace/TestSoloCoder/8dcba39c-18f8-480b-b0ba-16d88d729ae7/vendor/laravel/framework/src/Illuminate/Collections/Collection.php(778): Illuminate\\Support\\Arr::map(Array, Object(Closure))
#7 /Users/paul/WorkSpace/TestSoloCoder/8dcba39c-18f8-480b-b0ba-16d88d729ae7/vendor/laravel/framework/src/Illuminate/Collections/Traits/EnumeratesValues.php(404): Illuminate\\Support\\Collection->map(Object(Closure))
#8 /Users/paul/WorkSpace/TestSoloCoder/8dcba39c-18f8-480b-b0ba-16d88d729ae7/vendor/laravel/framework/src/Illuminate/Log/LogManager.php(270): Illuminate\\Support\\Collection->flatMap(Object(Closure))
#9 /Users/paul/WorkSpace/TestSoloCoder/8dcba39c-18f8-480b-b0ba-16d88d729ae7/vendor/laravel/framework/src/Illuminate/Log/LogManager.php(222): Illuminate\\Log\\LogManager->createStackDriver(Array)
#10 /Users/paul/WorkSpace/TestSoloCoder/8dcba39c-18f8-480b-b0ba-16d88d729ae7/vendor/laravel/framework/src/Illuminate/Log/LogManager.php(137): Illuminate\\Log\\LogManager->resolve('stack', Array)
#11 /Users/paul/WorkSpace/TestSoloCoder/8dcba39c-18f8-480b-b0ba-16d88d729ae7/vendor/laravel/framework/src/Illuminate/Log/LogManager.php(124): Illuminate\\Log\\LogManager->get('stack')
#12 /Users/paul/WorkSpace/TestSoloCoder/8dcba39c-18f8-480b-b0ba-16d88d729ae7/vendor/laravel/framework/src/Illuminate/Log/LogManager.php(681): Illuminate\\Log\\LogManager->driver()
#13 /Users/paul/WorkSpace/TestSoloCoder/8dcba39c-18f8-480b-b0ba-16d88d729ae7/vendor/laravel/framework/src/Illuminate/Foundation/Exceptions/Handler.php(317): Illuminate\\Log\\LogManager->error('array_merge(): ...', Array)
#14 /Users/paul/WorkSpace/TestSoloCoder/8dcba39c-18f8-480b-b0ba-16d88d729ae7/vendor/laravel/framework/src/Illuminate/Foundation/Exceptions/Handler.php(278): Illuminate\\Foundation\\Exceptions\\Handler->reportThrowable(Object(TypeError))
#15 /Users/paul/WorkSpace/TestSoloCoder/8dcba39c-18f8-480b-b0ba-16d88d729ae7/vendor/laravel/framework/src/Illuminate/Foundation/Console/Kernel.php(523): Illuminate\\Foundation\\Exceptions\\Handler->report(Object(TypeError))
#16 /Users/paul/WorkSpace/TestSoloCoder/8dcba39c-18f8-480b-b0ba-16d88d729ae7/vendor/laravel/framework/src/Illuminate/Foundation/Console/Kernel.php(203): Illuminate\\Foundation\\Console\\Kernel->reportException(Object(TypeError))
#17 /Users/paul/WorkSpace/TestSoloCoder/8dcba39c-18f8-480b-b0ba-16d88d729ae7/artisan(12): Illuminate\\Foundation\\Console\\Kernel->handle(Object(Symfony\\Component\\Console\\Input\\ArgvInput), Object(Symfony\\Component\\Console\\Output\\ConsoleOutput))
#18 {main}
"} 
[2026-06-17 23:02:50] local.ERROR: array_merge(): Argument #2 must be of type array, string given {"exception":"[object] (TypeError(code: 0): array_merge(): Argument #2 must be of type array, string given at /Users/paul/WorkSpace/TestSoloCoder/8dcba39c-18f8-480b-b0ba-16d88d729ae7/vendor/laravel/framework/src/Illuminate/Routing/RouteGroup.php:84)
[stacktrace]
#0 /Users/paul/WorkSpace/TestSoloCoder/8dcba39c-18f8-480b-b0ba-16d88d729ae7/vendor/laravel/framework/src/Illuminate/Routing/RouteGroup.php(84): array_merge(Array, 'ticket')
#1 /Users/paul/WorkSpace/TestSoloCoder/8dcba39c-18f8-480b-b0ba-16d88d729ae7/vendor/laravel/framework/src/Illuminate/Routing/RouteGroup.php(30): Illuminate\\Routing\\RouteGroup::formatWhere(Array, Array)
#2 /Users/paul/WorkSpace/TestSoloCoder/8dcba39c-18f8-480b-b0ba-16d88d729ae7/vendor/laravel/framework/src/Illuminate/Routing/Router.php(497): Illuminate\\Routing\\RouteGroup::merge(Array, Array, true)
#3 /Users/paul/WorkSpace/TestSoloCoder/8dcba39c-18f8-480b-b0ba-16d88d729ae7/vendor/laravel/framework/src/Illuminate/Routing/Router.php(482): Illuminate\\Routing\\Router->mergeWithLastGroup(Array)
#4 /Users/paul/WorkSpace/TestSoloCoder/8dcba39c-18f8-480b-b0ba-16d88d729ae7/vendor/laravel/framework/src/Illuminate/Routing/Router.php(460): Illuminate\\Routing\\Router->updateGroupStack(Array)
#5 /Users/paul/WorkSpace/TestSoloCoder/8dcba39c-18f8-480b-b0ba-16d88d729ae7/vendor/laravel/framework/src/Illuminate/Routing/RouteRegistrar.php(194): Illuminate\\Routing\\Router->group(Array, Object(Closure))
#6 /Users/paul/WorkSpace/TestSoloCoder/8dcba39c-18f8-480b-b0ba-16d88d729ae7/routes/api.php(13): Illuminate\\Routing\\RouteRegistrar->group(Object(Closure))
#7 /Users/paul/WorkSpace/TestSoloCoder/8dcba39c-18f8-480b-b0ba-16d88d729ae7/vendor/laravel/framework/src/Illuminate/Routing/Router.php(509): Illuminate\\Routing\\RouteFileRegistrar->{closure:/Users/paul/WorkSpace/TestSoloCoder/8dcba39c-18f8-480b-b0ba-16d88d729ae7/routes/api.php:6}(Object(Illuminate\\Routing\\Router))
#8 /Users/paul/WorkSpace/TestSoloCoder/8dcba39c-18f8-480b-b0ba-16d88d729ae7/vendor/laravel/framework/src/Illuminate/Routing/Router.php(465): Illuminate\\Routing\\Router->loadRoutes(Object(Closure))
#9 /Users/paul/WorkSpace/TestSoloCoder/8dcba39c-18f8-480b-b0ba-16d88d729ae7/vendor/laravel/framework/src/Illuminate/Routing/RouteRegistrar.php(194): Illuminate\\Routing\\Router->group(Array, Object(Closure))
#10 /Users/paul/WorkSpace/TestSoloCoder/8dcba39c-18f8-480b-b0ba-16d88d729ae7/routes/api.php(6): Illuminate\\Routing\\RouteRegistrar->group(Object(Closure))
#11 /Users/paul/WorkSpace/TestSoloCoder/8dcba39c-18f8-480b-b0ba-16d88d729ae7/vendor/laravel/framework/src/Illuminate/Routing/RouteFileRegistrar.php(35): require('/Users/paul/Wor...')
#12 /Users/paul/WorkSpace/TestSoloCoder/8dcba39c-18f8-480b-b0ba-16d88d729ae7/vendor/laravel/framework/src/Illuminate/Routing/Router.php(511): Illuminate\\Routing\\RouteFileRegistrar->register('/Users/paul/Wor...')
#13 /Users/paul/WorkSpace/TestSoloCoder/8dcba39c-18f8-480b-b0ba-16d88d729ae7/vendor/laravel/framework/src/Illuminate/Routing/Router.php(465): Illuminate\\Routing\\Router->loadRoutes('/Users/paul/Wor...')
#14 /Users/paul/WorkSpace/TestSoloCoder/8dcba39c-18f8-480b-b0ba-16d88d729ae7/vendor/laravel/framework/src/Illuminate/Routing/RouteRegistrar.php(194): Illuminate\\Routing\\Router->group(Array, '/Users/paul/Wor...')
#15 /Users/paul/WorkSpace/TestSoloCoder/8dcba39c-18f8-480b-b0ba-16d88d729ae7/app/Providers/RouteServiceProvider.php(22): Illuminate\\Routing\\RouteRegistrar->group('/Users/paul/Wor...')
#16 /Users/paul/WorkSpace/TestSoloCoder/8dcba39c-18f8-480b-b0ba-16d88d729ae7/vendor/laravel/framework/src/Illuminate/Container/BoundMethod.php(36): App\\Providers\\RouteServiceProvider->{closure:App\\Providers\\RouteServiceProvider::boot():19}()
#17 /Users/paul/WorkSpace/TestSoloCoder/8dcba39c-18f8-480b-b0ba-16d88d729ae7/vendor/laravel/framework/src/Illuminate/Container/Util.php(41): Illuminate\\Container\\BoundMethod::{closure:Illuminate\\Container\\BoundMethod::call():35}()
#18 /Users/paul/WorkSpace/TestSoloCoder/8dcba39c-18f8-480b-b0ba-16d88d729ae7/vendor/laravel/framework/src/Illuminate/Container/BoundMethod.php(81): Illuminate\\Container\\Util::unwrapIfClosure(Object(Closure))
#19 /Users/paul/WorkSpace/TestSoloCoder/8dcba39c-18f8-480b-b0ba-16d88d729ae7/vendor/laravel/framework/src/Illuminate/Container/BoundMethod.php(35): Illuminate\\Container\\BoundMethod::callBoundMethod(Object(Illuminate\\Foundation\\Application), Object(Closure), Object(Closure))
#20 /Users/paul/WorkSpace/TestSoloCoder/8dcba39c-18f8-480b-b0ba-16d88d729ae7/vendor/laravel/framework/src/Illuminate/Container/Container.php(662): Illuminate\\Container\\BoundMethod::call(Object(Illuminate\\Foundation\\Application), Object(Closure), Array, NULL)
#21 /Users/paul/WorkSpace/TestSoloCoder/8dcba39c-18f8-480b-b0ba-16d88d729ae7/vendor/laravel/framework/src/Illuminate/Foundation/Support/Providers/RouteServiceProvider.php(120): Illuminate\\Container\\Container->call(Object(Closure))
#22 /Users/paul/WorkSpace/TestSoloCoder/8dcba39c-18f8-480b-b0ba-16d88d729ae7/vendor/laravel/framework/src/Illuminate/Foundation/Support/Providers/RouteServiceProvider.php(45): Illuminate\\Foundation\\Support\\Providers\\RouteServiceProvider->loadRoutes()
#23 /Users/paul/WorkSpace/TestSoloCoder/8dcba39c-18f8-480b-b0ba-16d88d729ae7/vendor/laravel/framework/src/Illuminate/Container/BoundMethod.php(36): Illuminate\\Foundation\\Support\\Providers\\RouteServiceProvider->{closure:Illuminate\\Foundation\\Support\\Providers\\RouteServiceProvider::register():39}()
#24 /Users/paul/WorkSpace/TestSoloCoder/8dcba39c-18f8-480b-b0ba-16d88d729ae7/vendor/laravel/framework/src/Illuminate/Container/Util.php(41): Illuminate\\Container\\BoundMethod::{closure:Illuminate\\Container\\BoundMethod::call():35}()
#25 /Users/paul/WorkSpace/TestSoloCoder/8dcba39c-18f8-480b-b0ba-16d88d729ae7/vendor/laravel/framework/src/Illuminate/Container/BoundMethod.php(81): Illuminate\\Container\\Util::unwrapIfClosure(Object(Closure))
#26 /Users/paul/WorkSpace/TestSoloCoder/8dcba39c-18f8-480b-b0ba-16d88d729ae7/vendor/laravel/framework/src/Illuminate/Container/BoundMethod.php(35): Illuminate\\Container\\BoundMethod::callBoundMethod(Object(Illuminate\\Foundation\\Application), Object(Closure), Object(Closure))
#27 /Users/paul/WorkSpace/TestSoloCoder/8dcba39c-18f8-480b-b0ba-16d88d729ae7/vendor/laravel/framework/src/Illuminate/Container/Container.php(662): Illuminate\\Container\\BoundMethod::call(Object(Illuminate\\Foundation\\Application), Object(Closure), Array, NULL)
#28 /Users/paul/WorkSpace/TestSoloCoder/8dcba39c-18f8-480b-b0ba-16d88d729ae7/vendor/laravel/framework/src/Illuminate/Support/ServiceProvider.php(119): Illuminate\\Container\\Container->call(Object(Closure))
#29 /Users/paul/WorkSpace/TestSoloCoder/8dcba39c-18f8-480b-b0ba-16d88d729ae7/vendor/laravel/framework/src/Illuminate/Foundation/Application.php(1062): Illuminate\\Support\\ServiceProvider->callBootedCallbacks()
#30 /Users/paul/WorkSpace/TestSoloCoder/8dcba39c-18f8-480b-b0ba-16d88d729ae7/vendor/laravel/framework/src/Illuminate/Foundation/Application.php(1040): Illuminate\\Foundation\\Application->bootProvider(Object(App\\Providers\\RouteServiceProvider))
#31 [internal function]: Illuminate\\Foundation\\Application->{closure:Illuminate\\Foundation\\Application::boot():1039}(Object(App\\Providers\\RouteServiceProvider), 26)
#32 /Users/paul/WorkSpace/TestSoloCoder/8dcba39c-18f8-480b-b0ba-16d88d729ae7/vendor/laravel/framework/src/Illuminate/Foundation/Application.php(1039): array_walk(Array, Object(Closure))
#33 /Users/paul/WorkSpace/TestSoloCoder/8dcba39c-18f8-480b-b0ba-16d88d729ae7/vendor/laravel/framework/src/Illuminate/Foundation/Bootstrap/BootProviders.php(17): Illuminate\\Foundation\\Application->boot()
#34 /Users/paul/WorkSpace/TestSoloCoder/8dcba39c-18f8-480b-b0ba-16d88d729ae7/vendor/laravel/framework/src/Illuminate/Foundation/Application.php(286): Illuminate\\Foundation\\Bootstrap\\BootProviders->bootstrap(Object(Illuminate\\Foundation\\Application))
#35 /Users/paul/WorkSpace/TestSoloCoder/8dcba39c-18f8-480b-b0ba-16d88d729ae7/vendor/laravel/framework/src/Illuminate/Foundation/Console/Kernel.php(447): Illuminate\\Foundation\\Application->bootstrapWith(Array)
#36 /Users/paul/WorkSpace/TestSoloCoder/8dcba39c-18f8-480b-b0ba-16d88d729ae7/vendor/laravel/framework/src/Illuminate/Foundation/Console/Kernel.php(199): Illuminate\\Foundation\\Console\\Kernel->bootstrap()
#37 /Users/paul/WorkSpace/TestSoloCoder/8dcba39c-18f8-480b-b0ba-16d88d729ae7/artisan(12): Illuminate\\Foundation\\Console\\Kernel->handle(Object(Symfony\\Component\\Console\\Input\\ArgvInput), Object(Symfony\\Component\\Console\\Output\\ConsoleOutput))
#38 {main}
"} 
[2026-06-17 23:02:50] local.ERROR: array_merge(): Argument #2 must be of type array, string given {"exception":"[object] (TypeError(code: 0): array_merge(): Argument #2 must be of type array, string given at /Users/paul/WorkSpace/TestSoloCoder/8dcba39c-18f8-480b-b0ba-16d88d729ae7/vendor/laravel/framework/src/Illuminate/Routing/RouteGroup.php:84)
[stacktrace]
#0 /Users/paul/WorkSpace/TestSoloCoder/8dcba39c-18f8-480b-b0ba-16d88d729ae7/vendor/laravel/framework/src/Illuminate/Routing/RouteGroup.php(84): array_merge(Array, 'ticket')
#1 /Users/paul/WorkSpace/TestSoloCoder/8dcba39c-18f8-480b-b0ba-16d88d729ae7/vendor/laravel/framework/src/Illuminate/Routing/RouteGroup.php(30): Illuminate\\Routing\\RouteGroup::formatWhere(Array, Array)
#2 /Users/paul/WorkSpace/TestSoloCoder/8dcba39c-18f8-480b-b0ba-16d88d729ae7/vendor/laravel/framework/src/Illuminate/Routing/Router.php(497): Illuminate\\Routing\\RouteGroup::merge(Array, Array, true)
#3 /Users/paul/WorkSpace/TestSoloCoder/8dcba39c-18f8-480b-b0ba-16d88d729ae7/vendor/laravel/framework/src/Illuminate/Routing/Router.php(482): Illuminate\\Routing\\Router->mergeWithLastGroup(Array)
#4 /Users/paul/WorkSpace/TestSoloCoder/8dcba39c-18f8-480b-b0ba-16d88d729ae7/vendor/laravel/framework/src/Illuminate/Routing/Router.php(460): Illuminate\\Routing\\Router->updateGroupStack(Array)
#5 /Users/paul/WorkSpace/TestSoloCoder/8dcba39c-18f8-480b-b0ba-16d88d729ae7/vendor/laravel/framework/src/Illuminate/Routing/RouteRegistrar.php(194): Illuminate\\Routing\\Router->group(Array, Object(Closure))
#6 /Users/paul/WorkSpace/TestSoloCoder/8dcba39c-18f8-480b-b0ba-16d88d729ae7/routes/api.php(13): Illuminate\\Routing\\RouteRegistrar->group(Object(Closure))
#7 /Users/paul/WorkSpace/TestSoloCoder/8dcba39c-18f8-480b-b0ba-16d88d729ae7/vendor/laravel/framework/src/Illuminate/Routing/Router.php(509): Illuminate\\Routing\\RouteFileRegistrar->{closure:/Users/paul/WorkSpace/TestSoloCoder/8dcba39c-18f8-480b-b0ba-16d88d729ae7/routes/api.php:6}(Object(Illuminate\\Routing\\Router))
#8 /Users/paul/WorkSpace/TestSoloCoder/8dcba39c-18f8-480b-b0ba-16d88d729ae7/vendor/laravel/framework/src/Illuminate/Routing/Router.php(465): Illuminate\\Routing\\Router->loadRoutes(Object(Closure))
#9 /Users/paul/WorkSpace/TestSoloCoder/8dcba39c-18f8-480b-b0ba-16d88d729ae7/vendor/laravel/framework/src/Illuminate/Routing/RouteRegistrar.php(194): Illuminate\\Routing\\Router->group(Array, Object(Closure))
#10 /Users/paul/WorkSpace/TestSoloCoder/8dcba39c-18f8-480b-b0ba-16d88d729ae7/routes/api.php(6): Illuminate\\Routing\\RouteRegistrar->group(Object(Closure))
#11 /Users/paul/WorkSpace/TestSoloCoder/8dcba39c-18f8-480b-b0ba-16d88d729ae7/vendor/laravel/framework/src/Illuminate/Routing/RouteFileRegistrar.php(35): require('/Users/paul/Wor...')
#12 /Users/paul/WorkSpace/TestSoloCoder/8dcba39c-18f8-480b-b0ba-16d88d729ae7/vendor/laravel/framework/src/Illuminate/Routing/Router.php(511): Illuminate\\Routing\\RouteFileRegistrar->register('/Users/paul/Wor...')
#13 /Users/paul/WorkSpace/TestSoloCoder/8dcba39c-18f8-480b-b0ba-16d88d729ae7/vendor/laravel/framework/src/Illuminate/Routing/Router.php(465): Illuminate\\Routing\\Router->loadRoutes('/Users/paul/Wor...')
#14 /Users/paul/WorkSpace/TestSoloCoder/8dcba39c-18f8-480b-b0ba-16d88d729ae7/vendor/laravel/framework/src/Illuminate/Routing/RouteRegistrar.php(194): Illuminate\\Routing\\Router->group(Array, '/Users/paul/Wor...')
#15 /Users/paul/WorkSpace/TestSoloCoder/8dcba39c-18f8-480b-b0ba-16d88d729ae7/app/Providers/RouteServiceProvider.php(22): Illuminate\\Routing\\RouteRegistrar->group('/Users/paul/Wor...')
#16 /Users/paul/WorkSpace/TestSoloCoder/8dcba39c-18f8-480b-b0ba-16d88d729ae7/vendor/laravel/framework/src/Illuminate/Container/BoundMethod.php(36): App\\Providers\\RouteServiceProvider->{closure:App\\Providers\\RouteServiceProvider::boot():19}()
#17 /Users/paul/WorkSpace/TestSoloCoder/8dcba39c-18f8-480b-b0ba-16d88d729ae7/vendor/laravel/framework/src/Illuminate/Container/Util.php(41): Illuminate\\Container\\BoundMethod::{closure:Illuminate\\Container\\BoundMethod::call():35}()
#18 /Users/paul/WorkSpace/TestSoloCoder/8dcba39c-18f8-480b-b0ba-16d88d729ae7/vendor/laravel/framework/src/Illuminate/Container/BoundMethod.php(81): Illuminate\\Container\\Util::unwrapIfClosure(Object(Closure))
#19 /Users/paul/WorkSpace/TestSoloCoder/8dcba39c-18f8-480b-b0ba-16d88d729ae7/vendor/laravel/framework/src/Illuminate/Container/BoundMethod.php(35): Illuminate\\Container\\BoundMethod::callBoundMethod(Object(Illuminate\\Foundation\\Application), Object(Closure), Object(Closure))
#20 /Users/paul/WorkSpace/TestSoloCoder/8dcba39c-18f8-480b-b0ba-16d88d729ae7/vendor/laravel/framework/src/Illuminate/Container/Container.php(662): Illuminate\\Container\\BoundMethod::call(Object(Illuminate\\Foundation\\Application), Object(Closure), Array, NULL)
#21 /Users/paul/WorkSpace/TestSoloCoder/8dcba39c-18f8-480b-b0ba-16d88d729ae7/vendor/laravel/framework/src/Illuminate/Foundation/Support/Providers/RouteServiceProvider.php(120): Illuminate\\Container\\Container->call(Object(Closure))
#22 /Users/paul/WorkSpace/TestSoloCoder/8dcba39c-18f8-480b-b0ba-16d88d729ae7/vendor/laravel/framework/src/Illuminate/Foundation/Support/Providers/RouteServiceProvider.php(45): Illuminate\\Foundation\\Support\\Providers\\RouteServiceProvider->loadRoutes()
#23 /Users/paul/WorkSpace/TestSoloCoder/8dcba39c-18f8-480b-b0ba-16d88d729ae7/vendor/laravel/framework/src/Illuminate/Container/BoundMethod.php(36): Illuminate\\Foundation\\Support\\Providers\\RouteServiceProvider->{closure:Illuminate\\Foundation\\Support\\Providers\\RouteServiceProvider::register():39}()
#24 /Users/paul/WorkSpace/TestSoloCoder/8dcba39c-18f8-480b-b0ba-16d88d729ae7/vendor/laravel/framework/src/Illuminate/Container/Util.php(41): Illuminate\\Container\\BoundMethod::{closure:Illuminate\\Container\\BoundMethod::call():35}()
#25 /Users/paul/WorkSpace/TestSoloCoder/8dcba39c-18f8-480b-b0ba-16d88d729ae7/vendor/laravel/framework/src/Illuminate/Container/BoundMethod.php(81): Illuminate\\Container\\Util::unwrapIfClosure(Object(Closure))
#26 /Users/paul/WorkSpace/TestSoloCoder/8dcba39c-18f8-480b-b0ba-16d88d729ae7/vendor/laravel/framework/src/Illuminate/Container/BoundMethod.php(35): Illuminate\\Container\\BoundMethod::callBoundMethod(Object(Illuminate\\Foundation\\Application), Object(Closure), Object(Closure))
#27 /Users/paul/WorkSpace/TestSoloCoder/8dcba39c-18f8-480b-b0ba-16d88d729ae7/vendor/laravel/framework/src/Illuminate/Container/Container.php(662): Illuminate\\Container\\BoundMethod::call(Object(Illuminate\\Foundation\\Application), Object(Closure), Array, NULL)
#28 /Users/paul/WorkSpace/TestSoloCoder/8dcba39c-18f8-480b-b0ba-16d88d729ae7/vendor/laravel/framework/src/Illuminate/Support/ServiceProvider.php(119): Illuminate\\Container\\Container->call(Object(Closure))
#29 /Users/paul/WorkSpace/TestSoloCoder/8dcba39c-18f8-480b-b0ba-16d88d729ae7/vendor/laravel/framework/src/Illuminate/Foundation/Application.php(1062): Illuminate\\Support\\ServiceProvider->callBootedCallbacks()
#30 /Users/paul/WorkSpace/TestSoloCoder/8dcba39c-18f8-480b-b0ba-16d88d729ae7/vendor/laravel/framework/src/Illuminate/Foundation/Application.php(1040): Illuminate\\Foundation\\Application->bootProvider(Object(App\\Providers\\RouteServiceProvider))
#31 [internal function]: Illuminate\\Foundation\\Application->{closure:Illuminate\\Foundation\\Application::boot():1039}(Object(App\\Providers\\RouteServiceProvider), 26)
#32 /Users/paul/WorkSpace/TestSoloCoder/8dcba39c-18f8-480b-b0ba-16d88d729ae7/vendor/laravel/framework/src/Illuminate/Foundation/Application.php(1039): array_walk(Array, Object(Closure))
#33 /Users/paul/WorkSpace/TestSoloCoder/8dcba39c-18f8-480b-b0ba-16d88d729ae7/vendor/laravel/framework/src/Illuminate/Foundation/Bootstrap/BootProviders.php(17): Illuminate\\Foundation\\Application->boot()
#34 /Users/paul/WorkSpace/TestSoloCoder/8dcba39c-18f8-480b-b0ba-16d88d729ae7/vendor/laravel/framework/src/Illuminate/Foundation/Application.php(286): Illuminate\\Foundation\\Bootstrap\\BootProviders->bootstrap(Object(Illuminate\\Foundation\\Application))
#35 /Users/paul/WorkSpace/TestSoloCoder/8dcba39c-18f8-480b-b0ba-16d88d729ae7/vendor/laravel/framework/src/Illuminate/Foundation/Console/Kernel.php(447): Illuminate\\Foundation\\Application->bootstrapWith(Array)
#36 /Users/paul/WorkSpace/TestSoloCoder/8dcba39c-18f8-480b-b0ba-16d88d729ae7/vendor/laravel/framework/src/Illuminate/Foundation/Console/Kernel.php(199): Illuminate\\Foundation\\Console\\Kernel->bootstrap()
#37 /Users/paul/WorkSpace/TestSoloCoder/8dcba39c-18f8-480b-b0ba-16d88d729ae7/artisan(12): Illuminate\\Foundation\\Console\\Kernel->handle(Object(Symfony\\Component\\Console\\Input\\ArgvInput), Object(Symfony\\Component\\Console\\Output\\ConsoleOutput))
#38 {main}
"} 
[2026-06-17 23:03:15] laravel.EMERGENCY: Unable to create configured logger. Using emergency logger. {"exception":"[object] (InvalidArgumentException(code: 0): Driver [sentry] is not supported. at /Users/paul/WorkSpace/TestSoloCoder/8dcba39c-18f8-480b-b0ba-16d88d729ae7/vendor/laravel/framework/src/Illuminate/Log/LogManager.php:225)
[stacktrace]
#0 /Users/paul/WorkSpace/TestSoloCoder/8dcba39c-18f8-480b-b0ba-16d88d729ae7/vendor/laravel/framework/src/Illuminate/Log/LogManager.php(137): Illuminate\\Log\\LogManager->resolve('sentry', Array)
#1 /Users/paul/WorkSpace/TestSoloCoder/8dcba39c-18f8-480b-b0ba-16d88d729ae7/vendor/laravel/framework/src/Illuminate/Log/LogManager.php(124): Illuminate\\Log\\LogManager->get('sentry')
#2 /Users/paul/WorkSpace/TestSoloCoder/8dcba39c-18f8-480b-b0ba-16d88d729ae7/vendor/laravel/framework/src/Illuminate/Log/LogManager.php(113): Illuminate\\Log\\LogManager->driver('sentry')
#3 /Users/paul/WorkSpace/TestSoloCoder/8dcba39c-18f8-480b-b0ba-16d88d729ae7/vendor/laravel/framework/src/Illuminate/Log/LogManager.php(267): Illuminate\\Log\\LogManager->channel('sentry')
#4 [internal function]: Illuminate\\Log\\LogManager->{closure:Illuminate\\Log\\LogManager::createStackDriver():264}('sentry', 1)
#5 /Users/paul/WorkSpace/TestSoloCoder/8dcba39c-18f8-480b-b0ba-16d88d729ae7/vendor/laravel/framework/src/Illuminate/Collections/Arr.php(600): array_map(Object(Closure), Array, Array)
#6 /Users/paul/WorkSpace/TestSoloCoder/8dcba39c-18f8-480b-b0ba-16d88d729ae7/vendor/laravel/framework/src/Illuminate/Collections/Collection.php(778): Illuminate\\Support\\Arr::map(Array, Object(Closure))
#7 /Users/paul/WorkSpace/TestSoloCoder/8dcba39c-18f8-480b-b0ba-16d88d729ae7/vendor/laravel/framework/src/Illuminate/Collections/Traits/EnumeratesValues.php(404): Illuminate\\Support\\Collection->map(Object(Closure))
#8 /Users/paul/WorkSpace/TestSoloCoder/8dcba39c-18f8-480b-b0ba-16d88d729ae7/vendor/laravel/framework/src/Illuminate/Log/LogManager.php(264): Illuminate\\Support\\Collection->flatMap(Object(Closure))
#9 /Users/paul/WorkSpace/TestSoloCoder/8dcba39c-18f8-480b-b0ba-16d88d729ae7/vendor/laravel/framework/src/Illuminate/Log/LogManager.php(222): Illuminate\\Log\\LogManager->createStackDriver(Array)
#10 /Users/paul/WorkSpace/TestSoloCoder/8dcba39c-18f8-480b-b0ba-16d88d729ae7/vendor/laravel/framework/src/Illuminate/Log/LogManager.php(137): Illuminate\\Log\\LogManager->resolve('stack', Array)
#11 /Users/paul/WorkSpace/TestSoloCoder/8dcba39c-18f8-480b-b0ba-16d88d729ae7/vendor/laravel/framework/src/Illuminate/Log/LogManager.php(124): Illuminate\\Log\\LogManager->get('stack')
#12 /Users/paul/WorkSpace/TestSoloCoder/8dcba39c-18f8-480b-b0ba-16d88d729ae7/vendor/laravel/framework/src/Illuminate/Log/LogManager.php(681): Illuminate\\Log\\LogManager->driver()
#13 /Users/paul/WorkSpace/TestSoloCoder/8dcba39c-18f8-480b-b0ba-16d88d729ae7/vendor/laravel/framework/src/Illuminate/Foundation/Exceptions/Handler.php(317): Illuminate\\Log\\LogManager->error('array_merge(): ...', Array)
#14 /Users/paul/WorkSpace/TestSoloCoder/8dcba39c-18f8-480b-b0ba-16d88d729ae7/vendor/laravel/framework/src/Illuminate/Foundation/Exceptions/Handler.php(278): Illuminate\\Foundation\\Exceptions\\Handler->reportThrowable(Object(TypeError))
#15 /Users/paul/WorkSpace/TestSoloCoder/8dcba39c-18f8-480b-b0ba-16d88d729ae7/vendor/laravel/framework/src/Illuminate/Foundation/Console/Kernel.php(523): Illuminate\\Foundation\\Exceptions\\Handler->report(Object(TypeError))
#16 /Users/paul/WorkSpace/TestSoloCoder/8dcba39c-18f8-480b-b0ba-16d88d729ae7/vendor/laravel/framework/src/Illuminate/Foundation/Console/Kernel.php(203): Illuminate\\Foundation\\Console\\Kernel->reportException(Object(TypeError))
#17 /Users/paul/WorkSpace/TestSoloCoder/8dcba39c-18f8-480b-b0ba-16d88d729ae7/artisan(12): Illuminate\\Foundation\\Console\\Kernel->handle(Object(Symfony\\Component\\Console\\Input\\ArgvInput), Object(Symfony\\Component\\Console\\Output\\ConsoleOutput))
#18 {main}
"} 
[2026-06-17 23:03:15] laravel.EMERGENCY: Unable to create configured logger. Using emergency logger. {"exception":"[object] (InvalidArgumentException(code: 0): Driver [sentry] is not supported. at /Users/paul/WorkSpace/TestSoloCoder/8dcba39c-18f8-480b-b0ba-16d88d729ae7/vendor/laravel/framework/src/Illuminate/Log/LogManager.php:225)
[stacktrace]
#0 /Users/paul/WorkSpace/TestSoloCoder/8dcba39c-18f8-480b-b0ba-16d88d729ae7/vendor/laravel/framework/src/Illuminate/Log/LogManager.php(137): Illuminate\\Log\\LogManager->resolve('sentry', Array)
#1 /Users/paul/WorkSpace/TestSoloCoder/8dcba39c-18f8-480b-b0ba-16d88d729ae7/vendor/laravel/framework/src/Illuminate/Log/LogManager.php(124): Illuminate\\Log\\LogManager->get('sentry')
#2 /Users/paul/WorkSpace/TestSoloCoder/8dcba39c-18f8-480b-b0ba-16d88d729ae7/vendor/laravel/framework/src/Illuminate/Log/LogManager.php(113): Illuminate\\Log\\LogManager->driver('sentry')
#3 /Users/paul/WorkSpace/TestSoloCoder/8dcba39c-18f8-480b-b0ba-16d88d729ae7/vendor/laravel/framework/src/Illuminate/Log/LogManager.php(273): Illuminate\\Log\\LogManager->channel('sentry')
#4 [internal function]: Illuminate\\Log\\LogManager->{closure:Illuminate\\Log\\LogManager::createStackDriver():270}('sentry', 1)
#5 /Users/paul/WorkSpace/TestSoloCoder/8dcba39c-18f8-480b-b0ba-16d88d729ae7/vendor/laravel/framework/src/Illuminate/Collections/Arr.php(600): array_map(Object(Closure), Array, Array)
#6 /Users/paul/WorkSpace/TestSoloCoder/8dcba39c-18f8-480b-b0ba-16d88d729ae7/vendor/laravel/framework/src/Illuminate/Collections/Collection.php(778): Illuminate\\Support\\Arr::map(Array, Object(Closure))
#7 /Users/paul/WorkSpace/TestSoloCoder/8dcba39c-18f8-480b-b0ba-16d88d729ae7/vendor/laravel/framework/src/Illuminate/Collections/Traits/EnumeratesValues.php(404): Illuminate\\Support\\Collection->map(Object(Closure))
#8 /Users/paul/WorkSpace/TestSoloCoder/8dcba39c-18f8-480b-b0ba-16d88d729ae7/vendor/laravel/framework/src/Illuminate/Log/LogManager.php(270): Illuminate\\Support\\Collection->flatMap(Object(Closure))
#9 /Users/paul/WorkSpace/TestSoloCoder/8dcba39c-18f8-480b-b0ba-16d88d729ae7/vendor/laravel/framework/src/Illuminate/Log/LogManager.php(222): Illuminate\\Log\\LogManager->createStackDriver(Array)
#10 /Users/paul/WorkSpace/TestSoloCoder/8dcba39c-18f8-480b-b0ba-16d88d729ae7/vendor/laravel/framework/src/Illuminate/Log/LogManager.php(137): Illuminate\\Log\\LogManager->resolve('stack', Array)
#11 /Users/paul/WorkSpace/TestSoloCoder/8dcba39c-18f8-480b-b0ba-16d88d729ae7/vendor/laravel/framework/src/Illuminate/Log/LogManager.php(124): Illuminate\\Log\\LogManager->get('stack')
#12 /Users/paul/WorkSpace/TestSoloCoder/8dcba39c-18f8-480b-b0ba-16d88d729ae7/vendor/laravel/framework/src/Illuminate/Log/LogManager.php(681): Illuminate\\Log\\LogManager->driver()
#13 /Users/paul/WorkSpace/TestSoloCoder/8dcba39c-18f8-480b-b0ba-16d88d729ae7/vendor/laravel/framework/src/Illuminate/Foundation/Exceptions/Handler.php(317): Illuminate\\Log\\LogManager->error('array_merge(): ...', Array)
#14 /Users/paul/WorkSpace/TestSoloCoder/8dcba39c-18f8-480b-b0ba-16d88d729ae7/vendor/laravel/framework/src/Illuminate/Foundation/Exceptions/Handler.php(278): Illuminate\\Foundation\\Exceptions\\Handler->reportThrowable(Object(TypeError))
#15 /Users/paul/WorkSpace/TestSoloCoder/8dcba39c-18f8-480b-b0ba-16d88d729ae7/vendor/laravel/framework/src/Illuminate/Foundation/Console/Kernel.php(523): Illuminate\\Foundation\\Exceptions\\Handler->report(Object(TypeError))
#16 /Users/paul/WorkSpace/TestSoloCoder/8dcba39c-18f8-480b-b0ba-16d88d729ae7/vendor/laravel/framework/src/Illuminate/Foundation/Console/Kernel.php(203): Illuminate\\Foundation\\Console\\Kernel->reportException(Object(TypeError))
#17 /Users/paul/WorkSpace/TestSoloCoder/8dcba39c-18f8-480b-b0ba-16d88d729ae7/artisan(12): Illuminate\\Foundation\\Console\\Kernel->handle(Object(Symfony\\Component\\Console\\Input\\ArgvInput), Object(Symfony\\Component\\Console\\Output\\ConsoleOutput))
#18 {main}
"} 
[2026-06-17 23:03:15] local.ERROR: array_merge(): Argument #2 must be of type array, string given {"exception":"[object] (TypeError(code: 0): array_merge(): Argument #2 must be of type array, string given at /Users/paul/WorkSpace/TestSoloCoder/8dcba39c-18f8-480b-b0ba-16d88d729ae7/vendor/laravel/framework/src/Illuminate/Routing/RouteGroup.php:84)
[stacktrace]
#0 /Users/paul/WorkSpace/TestSoloCoder/8dcba39c-18f8-480b-b0ba-16d88d729ae7/vendor/laravel/framework/src/Illuminate/Routing/RouteGroup.php(84): array_merge(Array, 'ticket')
#1 /Users/paul/WorkSpace/TestSoloCoder/8dcba39c-18f8-480b-b0ba-16d88d729ae7/vendor/laravel/framework/src/Illuminate/Routing/RouteGroup.php(30): Illuminate\\Routing\\RouteGroup::formatWhere(Array, Array)
#2 /Users/paul/WorkSpace/TestSoloCoder/8dcba39c-18f8-480b-b0ba-16d88d729ae7/vendor/laravel/framework/src/Illuminate/Routing/Router.php(497): Illuminate\\Routing\\RouteGroup::merge(Array, Array, true)
#3 /Users/paul/WorkSpace/TestSoloCoder/8dcba39c-18f8-480b-b0ba-16d88d729ae7/vendor/laravel/framework/src/Illuminate/Routing/Router.php(482): Illuminate\\Routing\\Router->mergeWithLastGroup(Array)
#4 /Users/paul/WorkSpace/TestSoloCoder/8dcba39c-18f8-480b-b0ba-16d88d729ae7/vendor/laravel/framework/src/Illuminate/Routing/Router.php(460): Illuminate\\Routing\\Router->updateGroupStack(Array)
#5 /Users/paul/WorkSpace/TestSoloCoder/8dcba39c-18f8-480b-b0ba-16d88d729ae7/vendor/laravel/framework/src/Illuminate/Routing/RouteRegistrar.php(194): Illuminate\\Routing\\Router->group(Array, Object(Closure))
#6 /Users/paul/WorkSpace/TestSoloCoder/8dcba39c-18f8-480b-b0ba-16d88d729ae7/routes/api.php(13): Illuminate\\Routing\\RouteRegistrar->group(Object(Closure))
#7 /Users/paul/WorkSpace/TestSoloCoder/8dcba39c-18f8-480b-b0ba-16d88d729ae7/vendor/laravel/framework/src/Illuminate/Routing/Router.php(509): Illuminate\\Routing\\RouteFileRegistrar->{closure:/Users/paul/WorkSpace/TestSoloCoder/8dcba39c-18f8-480b-b0ba-16d88d729ae7/routes/api.php:6}(Object(Illuminate\\Routing\\Router))
#8 /Users/paul/WorkSpace/TestSoloCoder/8dcba39c-18f8-480b-b0ba-16d88d729ae7/vendor/laravel/framework/src/Illuminate/Routing/Router.php(465): Illuminate\\Routing\\Router->loadRoutes(Object(Closure))
#9 /Users/paul/WorkSpace/TestSoloCoder/8dcba39c-18f8-480b-b0ba-16d88d729ae7/vendor/laravel/framework/src/Illuminate/Routing/RouteRegistrar.php(194): Illuminate\\Routing\\Router->group(Array, Object(Closure))
#10 /Users/paul/WorkSpace/TestSoloCoder/8dcba39c-18f8-480b-b0ba-16d88d729ae7/routes/api.php(6): Illuminate\\Routing\\RouteRegistrar->group(Object(Closure))
#11 /Users/paul/WorkSpace/TestSoloCoder/8dcba39c-18f8-480b-b0ba-16d88d729ae7/vendor/laravel/framework/src/Illuminate/Routing/RouteFileRegistrar.php(35): require('/Users/paul/Wor...')
#12 /Users/paul/WorkSpace/TestSoloCoder/8dcba39c-18f8-480b-b0ba-16d88d729ae7/vendor/laravel/framework/src/Illuminate/Routing/Router.php(511): Illuminate\\Routing\\RouteFileRegistrar->register('/Users/paul/Wor...')
#13 /Users/paul/WorkSpace/TestSoloCoder/8dcba39c-18f8-480b-b0ba-16d88d729ae7/vendor/laravel/framework/src/Illuminate/Routing/Router.php(465): Illuminate\\Routing\\Router->loadRoutes('/Users/paul/Wor...')
#14 /Users/paul/WorkSpace/TestSoloCoder/8dcba39c-18f8-480b-b0ba-16d88d729ae7/vendor/laravel/framework/src/Illuminate/Routing/RouteRegistrar.php(194): Illuminate\\Routing\\Router->group(Array, '/Users/paul/Wor...')
#15 /Users/paul/WorkSpace/TestSoloCoder/8dcba39c-18f8-480b-b0ba-16d88d729ae7/app/Providers/RouteServiceProvider.php(22): Illuminate\\Routing\\RouteRegistrar->group('/Users/paul/Wor...')
#16 /Users/paul/WorkSpace/TestSoloCoder/8dcba39c-18f8-480b-b0ba-16d88d729ae7/vendor/laravel/framework/src/Illuminate/Container/BoundMethod.php(36): App\\Providers\\RouteServiceProvider->{closure:App\\Providers\\RouteServiceProvider::boot():19}()
#17 /Users/paul/WorkSpace/TestSoloCoder/8dcba39c-18f8-480b-b0ba-16d88d729ae7/vendor/laravel/framework/src/Illuminate/Container/Util.php(41): Illuminate\\Container\\BoundMethod::{closure:Illuminate\\Container\\BoundMethod::call():35}()
#18 /Users/paul/WorkSpace/TestSoloCoder/8dcba39c-18f8-480b-b0ba-16d88d729ae7/vendor/laravel/framework/src/Illuminate/Container/BoundMethod.php(81): Illuminate\\Container\\Util::unwrapIfClosure(Object(Closure))
#19 /Users/paul/WorkSpace/TestSoloCoder/8dcba39c-18f8-480b-b0ba-16d88d729ae7/vendor/laravel/framework/src/Illuminate/Container/BoundMethod.php(35): Illuminate\\Container\\BoundMethod::callBoundMethod(Object(Illuminate\\Foundation\\Application), Object(Closure), Object(Closure))
#20 /Users/paul/WorkSpace/TestSoloCoder/8dcba39c-18f8-480b-b0ba-16d88d729ae7/vendor/laravel/framework/src/Illuminate/Container/Container.php(662): Illuminate\\Container\\BoundMethod::call(Object(Illuminate\\Foundation\\Application), Object(Closure), Array, NULL)
#21 /Users/paul/WorkSpace/TestSoloCoder/8dcba39c-18f8-480b-b0ba-16d88d729ae7/vendor/laravel/framework/src/Illuminate/Foundation/Support/Providers/RouteServiceProvider.php(120): Illuminate\\Container\\Container->call(Object(Closure))
#22 /Users/paul/WorkSpace/TestSoloCoder/8dcba39c-18f8-480b-b0ba-16d88d729ae7/vendor/laravel/framework/src/Illuminate/Foundation/Support/Providers/RouteServiceProvider.php(45): Illuminate\\Foundation\\Support\\Providers\\RouteServiceProvider->loadRoutes()
#23 /Users/paul/WorkSpace/TestSoloCoder/8dcba39c-18f8-480b-b0ba-16d88d729ae7/vendor/laravel/framework/src/Illuminate/Container/BoundMethod.php(36): Illuminate\\Foundation\\Support\\Providers\\RouteServiceProvider->{closure:Illuminate\\Foundation\\Support\\Providers\\RouteServiceProvider::register():39}()
#24 /Users/paul/WorkSpace/TestSoloCoder/8dcba39c-18f8-480b-b0ba-16d88d729ae7/vendor/laravel/framework/src/Illuminate/Container/Util.php(41): Illuminate\\Container\\BoundMethod::{closure:Illuminate\\Container\\BoundMethod::call():35}()
#25 /Users/paul/WorkSpace/TestSoloCoder/8dcba39c-18f8-480b-b0ba-16d88d729ae7/vendor/laravel/framework/src/Illuminate/Container/BoundMethod.php(81): Illuminate\\Container\\Util::unwrapIfClosure(Object(Closure))
#26 /Users/paul/WorkSpace/TestSoloCoder/8dcba39c-18f8-480b-b0ba-16d88d729ae7/vendor/laravel/framework/src/Illuminate/Container/BoundMethod.php(35): Illuminate\\Container\\BoundMethod::callBoundMethod(Object(Illuminate\\Foundation\\Application), Object(Closure), Object(Closure))
#27 /Users/paul/WorkSpace/TestSoloCoder/8dcba39c-18f8-480b-b0ba-16d88d729ae7/vendor/laravel/framework/src/Illuminate/Container/Container.php(662): Illuminate\\Container\\BoundMethod::call(Object(Illuminate\\Foundation\\Application), Object(Closure), Array, NULL)
#28 /Users/paul/WorkSpace/TestSoloCoder/8dcba39c-18f8-480b-b0ba-16d88d729ae7/vendor/laravel/framework/src/Illuminate/Support/ServiceProvider.php(119): Illuminate\\Container\\Container->call(Object(Closure))
#29 /Users/paul/WorkSpace/TestSoloCoder/8dcba39c-18f8-480b-b0ba-16d88d729ae7/vendor/laravel/framework/src/Illuminate/Foundation/Application.php(1062): Illuminate\\Support\\ServiceProvider->callBootedCallbacks()
#30 /Users/paul/WorkSpace/TestSoloCoder/8dcba39c-18f8-480b-b0ba-16d88d729ae7/vendor/laravel/framework/src/Illuminate/Foundation/Application.php(1040): Illuminate\\Foundation\\Application->bootProvider(Object(App\\Providers\\RouteServiceProvider))
#31 [internal function]: Illuminate\\Foundation\\Application->{closure:Illuminate\\Foundation\\Application::boot():1039}(Object(App\\Providers\\RouteServiceProvider), 26)
#32 /Users/paul/WorkSpace/TestSoloCoder/8dcba39c-18f8-480b-b0ba-16d88d729ae7/vendor/laravel/framework/src/Illuminate/Foundation/Application.php(1039): array_walk(Array, Object(Closure))
#33 /Users/paul/WorkSpace/TestSoloCoder/8dcba39c-18f8-480b-b0ba-16d88d729ae7/vendor/laravel/framework/src/Illuminate/Foundation/Bootstrap/BootProviders.php(17): Illuminate\\Foundation\\Application->boot()
#34 /Users/paul/WorkSpace/TestSoloCoder/8dcba39c-18f8-480b-b0ba-16d88d729ae7/vendor/laravel/framework/src/Illuminate/Foundation/Application.php(286): Illuminate\\Foundation\\Bootstrap\\BootProviders->bootstrap(Object(Illuminate\\Foundation\\Application))
#35 /Users/paul/WorkSpace/TestSoloCoder/8dcba39c-18f8-480b-b0ba-16d88d729ae7/vendor/laravel/framework/src/Illuminate/Foundation/Console/Kernel.php(447): Illuminate\\Foundation\\Application->bootstrapWith(Array)
#36 /Users/paul/WorkSpace/TestSoloCoder/8dcba39c-18f8-480b-b0ba-16d88d729ae7/vendor/laravel/framework/src/Illuminate/Foundation/Console/Kernel.php(199): Illuminate\\Foundation\\Console\\Kernel->bootstrap()
#37 /Users/paul/WorkSpace/TestSoloCoder/8dcba39c-18f8-480b-b0ba-16d88d729ae7/artisan(12): Illuminate\\Foundation\\Console\\Kernel->handle(Object(Symfony\\Component\\Console\\Input\\ArgvInput), Object(Symfony\\Component\\Console\\Output\\ConsoleOutput))
#38 {main}
"} 
[2026-06-17 23:03:15] local.ERROR: array_merge(): Argument #2 must be of type array, string given {"exception":"[object] (TypeError(code: 0): array_merge(): Argument #2 must be of type array, string given at /Users/paul/WorkSpace/TestSoloCoder/8dcba39c-18f8-480b-b0ba-16d88d729ae7/vendor/laravel/framework/src/Illuminate/Routing/RouteGroup.php:84)
[stacktrace]
#0 /Users/paul/WorkSpace/TestSoloCoder/8dcba39c-18f8-480b-b0ba-16d88d729ae7/vendor/laravel/framework/src/Illuminate/Routing/RouteGroup.php(84): array_merge(Array, 'ticket')
#1 /Users/paul/WorkSpace/TestSoloCoder/8dcba39c-18f8-480b-b0ba-16d88d729ae7/vendor/laravel/framework/src/Illuminate/Routing/RouteGroup.php(30): Illuminate\\Routing\\RouteGroup::formatWhere(Array, Array)
#2 /Users/paul/WorkSpace/TestSoloCoder/8dcba39c-18f8-480b-b0ba-16d88d729ae7/vendor/laravel/framework/src/Illuminate/Routing/Router.php(497): Illuminate\\Routing\\RouteGroup::merge(Array, Array, true)
#3 /Users/paul/WorkSpace/TestSoloCoder/8dcba39c-18f8-480b-b0ba-16d88d729ae7/vendor/laravel/framework/src/Illuminate/Routing/Router.php(482): Illuminate\\Routing\\Router->mergeWithLastGroup(Array)
#4 /Users/paul/WorkSpace/TestSoloCoder/8dcba39c-18f8-480b-b0ba-16d88d729ae7/vendor/laravel/framework/src/Illuminate/Routing/Router.php(460): Illuminate\\Routing\\Router->updateGroupStack(Array)
#5 /Users/paul/WorkSpace/TestSoloCoder/8dcba39c-18f8-480b-b0ba-16d88d729ae7/vendor/laravel/framework/src/Illuminate/Routing/RouteRegistrar.php(194): Illuminate\\Routing\\Router->group(Array, Object(Closure))
#6 /Users/paul/WorkSpace/TestSoloCoder/8dcba39c-18f8-480b-b0ba-16d88d729ae7/routes/api.php(13): Illuminate\\Routing\\RouteRegistrar->group(Object(Closure))
#7 /Users/paul/WorkSpace/TestSoloCoder/8dcba39c-18f8-480b-b0ba-16d88d729ae7/vendor/laravel/framework/src/Illuminate/Routing/Router.php(509): Illuminate\\Routing\\RouteFileRegistrar->{closure:/Users/paul/WorkSpace/TestSoloCoder/8dcba39c-18f8-480b-b0ba-16d88d729ae7/routes/api.php:6}(Object(Illuminate\\Routing\\Router))
#8 /Users/paul/WorkSpace/TestSoloCoder/8dcba39c-18f8-480b-b0ba-16d88d729ae7/vendor/laravel/framework/src/Illuminate/Routing/Router.php(465): Illuminate\\Routing\\Router->loadRoutes(Object(Closure))
#9 /Users/paul/WorkSpace/TestSoloCoder/8dcba39c-18f8-480b-b0ba-16d88d729ae7/vendor/laravel/framework/src/Illuminate/Routing/RouteRegistrar.php(194): Illuminate\\Routing\\Router->group(Array, Object(Closure))
#10 /Users/paul/WorkSpace/TestSoloCoder/8dcba39c-18f8-480b-b0ba-16d88d729ae7/routes/api.php(6): Illuminate\\Routing\\RouteRegistrar->group(Object(Closure))
#11 /Users/paul/WorkSpace/TestSoloCoder/8dcba39c-18f8-480b-b0ba-16d88d729ae7/vendor/laravel/framework/src/Illuminate/Routing/RouteFileRegistrar.php(35): require('/Users/paul/Wor...')
#12 /Users/paul/WorkSpace/TestSoloCoder/8dcba39c-18f8-480b-b0ba-16d88d729ae7/vendor/laravel/framework/src/Illuminate/Routing/Router.php(511): Illuminate\\Routing\\RouteFileRegistrar->register('/Users/paul/Wor...')
#13 /Users/paul/WorkSpace/TestSoloCoder/8dcba39c-18f8-480b-b0ba-16d88d729ae7/vendor/laravel/framework/src/Illuminate/Routing/Router.php(465): Illuminate\\Routing\\Router->loadRoutes('/Users/paul/Wor...')
#14 /Users/paul/WorkSpace/TestSoloCoder/8dcba39c-18f8-480b-b0ba-16d88d729ae7/vendor/laravel/framework/src/Illuminate/Routing/RouteRegistrar.php(194): Illuminate\\Routing\\Router->group(Array, '/Users/paul/Wor...')
#15 /Users/paul/WorkSpace/TestSoloCoder/8dcba39c-18f8-480b-b0ba-16d88d729ae7/app/Providers/RouteServiceProvider.php(22): Illuminate\\Routing\\RouteRegistrar->group('/Users/paul/Wor...')
#16 /Users/paul/WorkSpace/TestSoloCoder/8dcba39c-18f8-480b-b0ba-16d88d729ae7/vendor/laravel/framework/src/Illuminate/Container/BoundMethod.php(36): App\\Providers\\RouteServiceProvider->{closure:App\\Providers\\RouteServiceProvider::boot():19}()
#17 /Users/paul/WorkSpace/TestSoloCoder/8dcba39c-18f8-480b-b0ba-16d88d729ae7/vendor/laravel/framework/src/Illuminate/Container/Util.php(41): Illuminate\\Container\\BoundMethod::{closure:Illuminate\\Container\\BoundMethod::call():35}()
#18 /Users/paul/WorkSpace/TestSoloCoder/8dcba39c-18f8-480b-b0ba-16d88d729ae7/vendor/laravel/framework/src/Illuminate/Container/BoundMethod.php(81): Illuminate\\Container\\Util::unwrapIfClosure(Object(Closure))
#19 /Users/paul/WorkSpace/TestSoloCoder/8dcba39c-18f8-480b-b0ba-16d88d729ae7/vendor/laravel/framework/src/Illuminate/Container/BoundMethod.php(35): Illuminate\\Container\\BoundMethod::callBoundMethod(Object(Illuminate\\Foundation\\Application), Object(Closure), Object(Closure))
#20 /Users/paul/WorkSpace/TestSoloCoder/8dcba39c-18f8-480b-b0ba-16d88d729ae7/vendor/laravel/framework/src/Illuminate/Container/Container.php(662): Illuminate\\Container\\BoundMethod::call(Object(Illuminate\\Foundation\\Application), Object(Closure), Array, NULL)
#21 /Users/paul/WorkSpace/TestSoloCoder/8dcba39c-18f8-480b-b0ba-16d88d729ae7/vendor/laravel/framework/src/Illuminate/Foundation/Support/Providers/RouteServiceProvider.php(120): Illuminate\\Container\\Container->call(Object(Closure))
#22 /Users/paul/WorkSpace/TestSoloCoder/8dcba39c-18f8-480b-b0ba-16d88d729ae7/vendor/laravel/framework/src/Illuminate/Foundation/Support/Providers/RouteServiceProvider.php(45): Illuminate\\Foundation\\Support\\Providers\\RouteServiceProvider->loadRoutes()
#23 /Users/paul/WorkSpace/TestSoloCoder/8dcba39c-18f8-480b-b0ba-16d88d729ae7/vendor/laravel/framework/src/Illuminate/Container/BoundMethod.php(36): Illuminate\\Foundation\\Support\\Providers\\RouteServiceProvider->{closure:Illuminate\\Foundation\\Support\\Providers\\RouteServiceProvider::register():39}()
#24 /Users/paul/WorkSpace/TestSoloCoder/8dcba39c-18f8-480b-b0ba-16d88d729ae7/vendor/laravel/framework/src/Illuminate/Container/Util.php(41): Illuminate\\Container\\BoundMethod::{closure:Illuminate\\Container\\BoundMethod::call():35}()
#25 /Users/paul/WorkSpace/TestSoloCoder/8dcba39c-18f8-480b-b0ba-16d88d729ae7/vendor/laravel/framework/src/Illuminate/Container/BoundMethod.php(81): Illuminate\\Container\\Util::unwrapIfClosure(Object(Closure))
#26 /Users/paul/WorkSpace/TestSoloCoder/8dcba39c-18f8-480b-b0ba-16d88d729ae7/vendor/laravel/framework/src/Illuminate/Container/BoundMethod.php(35): Illuminate\\Container\\BoundMethod::callBoundMethod(Object(Illuminate\\Foundation\\Application), Object(Closure), Object(Closure))
#27 /Users/paul/WorkSpace/TestSoloCoder/8dcba39c-18f8-480b-b0ba-16d88d729ae7/vendor/laravel/framework/src/Illuminate/Container/Container.php(662): Illuminate\\Container\\BoundMethod::call(Object(Illuminate\\Foundation\\Application), Object(Closure), Array, NULL)
#28 /Users/paul/WorkSpace/TestSoloCoder/8dcba39c-18f8-480b-b0ba-16d88d729ae7/vendor/laravel/framework/src/Illuminate/Support/ServiceProvider.php(119): Illuminate\\Container\\Container->call(Object(Closure))
#29 /Users/paul/WorkSpace/TestSoloCoder/8dcba39c-18f8-480b-b0ba-16d88d729ae7/vendor/laravel/framework/src/Illuminate/Foundation/Application.php(1062): Illuminate\\Support\\ServiceProvider->callBootedCallbacks()
#30 /Users/paul/WorkSpace/TestSoloCoder/8dcba39c-18f8-480b-b0ba-16d88d729ae7/vendor/laravel/framework/src/Illuminate/Foundation/Application.php(1040): Illuminate\\Foundation\\Application->bootProvider(Object(App\\Providers\\RouteServiceProvider))
#31 [internal function]: Illuminate\\Foundation\\Application->{closure:Illuminate\\Foundation\\Application::boot():1039}(Object(App\\Providers\\RouteServiceProvider), 26)
#32 /Users/paul/WorkSpace/TestSoloCoder/8dcba39c-18f8-480b-b0ba-16d88d729ae7/vendor/laravel/framework/src/Illuminate/Foundation/Application.php(1039): array_walk(Array, Object(Closure))
#33 /Users/paul/WorkSpace/TestSoloCoder/8dcba39c-18f8-480b-b0ba-16d88d729ae7/vendor/laravel/framework/src/Illuminate/Foundation/Bootstrap/BootProviders.php(17): Illuminate\\Foundation\\Application->boot()
#34 /Users/paul/WorkSpace/TestSoloCoder/8dcba39c-18f8-480b-b0ba-16d88d729ae7/vendor/laravel/framework/src/Illuminate/Foundation/Application.php(286): Illuminate\\Foundation\\Bootstrap\\BootProviders->bootstrap(Object(Illuminate\\Foundation\\Application))
#35 /Users/paul/WorkSpace/TestSoloCoder/8dcba39c-18f8-480b-b0ba-16d88d729ae7/vendor/laravel/framework/src/Illuminate/Foundation/Console/Kernel.php(447): Illuminate\\Foundation\\Application->bootstrapWith(Array)
#36 /Users/paul/WorkSpace/TestSoloCoder/8dcba39c-18f8-480b-b0ba-16d88d729ae7/vendor/laravel/framework/src/Illuminate/Foundation/Console/Kernel.php(199): Illuminate\\Foundation\\Console\\Kernel->bootstrap()
#37 /Users/paul/WorkSpace/TestSoloCoder/8dcba39c-18f8-480b-b0ba-16d88d729ae7/artisan(12): Illuminate\\Foundation\\Console\\Kernel->handle(Object(Symfony\\Component\\Console\\Input\\ArgvInput), Object(Symfony\\Component\\Console\\Output\\ConsoleOutput))
#38 {main}
"} 
[2026-06-17 23:03:59] laravel.EMERGENCY: Unable to create configured logger. Using emergency logger. {"exception":"[object] (InvalidArgumentException(code: 0): Driver [sentry] is not supported. at /Users/paul/WorkSpace/TestSoloCoder/8dcba39c-18f8-480b-b0ba-16d88d729ae7/vendor/laravel/framework/src/Illuminate/Log/LogManager.php:225)
[stacktrace]
#0 /Users/paul/WorkSpace/TestSoloCoder/8dcba39c-18f8-480b-b0ba-16d88d729ae7/vendor/laravel/framework/src/Illuminate/Log/LogManager.php(137): Illuminate\\Log\\LogManager->resolve('sentry', Array)
#1 /Users/paul/WorkSpace/TestSoloCoder/8dcba39c-18f8-480b-b0ba-16d88d729ae7/vendor/laravel/framework/src/Illuminate/Log/LogManager.php(124): Illuminate\\Log\\LogManager->get('sentry')
#2 /Users/paul/WorkSpace/TestSoloCoder/8dcba39c-18f8-480b-b0ba-16d88d729ae7/vendor/laravel/framework/src/Illuminate/Log/LogManager.php(113): Illuminate\\Log\\LogManager->driver('sentry')
#3 /Users/paul/WorkSpace/TestSoloCoder/8dcba39c-18f8-480b-b0ba-16d88d729ae7/vendor/laravel/framework/src/Illuminate/Log/LogManager.php(267): Illuminate\\Log\\LogManager->channel('sentry')
#4 [internal function]: Illuminate\\Log\\LogManager->{closure:Illuminate\\Log\\LogManager::createStackDriver():264}('sentry', 1)
#5 /Users/paul/WorkSpace/TestSoloCoder/8dcba39c-18f8-480b-b0ba-16d88d729ae7/vendor/laravel/framework/src/Illuminate/Collections/Arr.php(600): array_map(Object(Closure), Array, Array)
#6 /Users/paul/WorkSpace/TestSoloCoder/8dcba39c-18f8-480b-b0ba-16d88d729ae7/vendor/laravel/framework/src/Illuminate/Collections/Collection.php(778): Illuminate\\Support\\Arr::map(Array, Object(Closure))
#7 /Users/paul/WorkSpace/TestSoloCoder/8dcba39c-18f8-480b-b0ba-16d88d729ae7/vendor/laravel/framework/src/Illuminate/Collections/Traits/EnumeratesValues.php(404): Illuminate\\Support\\Collection->map(Object(Closure))
#8 /Users/paul/WorkSpace/TestSoloCoder/8dcba39c-18f8-480b-b0ba-16d88d729ae7/vendor/laravel/framework/src/Illuminate/Log/LogManager.php(264): Illuminate\\Support\\Collection->flatMap(Object(Closure))
#9 /Users/paul/WorkSpace/TestSoloCoder/8dcba39c-18f8-480b-b0ba-16d88d729ae7/vendor/laravel/framework/src/Illuminate/Log/LogManager.php(222): Illuminate\\Log\\LogManager->createStackDriver(Array)
#10 /Users/paul/WorkSpace/TestSoloCoder/8dcba39c-18f8-480b-b0ba-16d88d729ae7/vendor/laravel/framework/src/Illuminate/Log/LogManager.php(137): Illuminate\\Log\\LogManager->resolve('stack', Array)
#11 /Users/paul/WorkSpace/TestSoloCoder/8dcba39c-18f8-480b-b0ba-16d88d729ae7/vendor/laravel/framework/src/Illuminate/Log/LogManager.php(124): Illuminate\\Log\\LogManager->get('stack')
#12 /Users/paul/WorkSpace/TestSoloCoder/8dcba39c-18f8-480b-b0ba-16d88d729ae7/vendor/laravel/framework/src/Illuminate/Log/LogManager.php(681): Illuminate\\Log\\LogManager->driver()
#13 /Users/paul/WorkSpace/TestSoloCoder/8dcba39c-18f8-480b-b0ba-16d88d729ae7/vendor/laravel/framework/src/Illuminate/Foundation/Exceptions/Handler.php(317): Illuminate\\Log\\LogManager->error('array_merge(): ...', Array)
#14 /Users/paul/WorkSpace/TestSoloCoder/8dcba39c-18f8-480b-b0ba-16d88d729ae7/vendor/laravel/framework/src/Illuminate/Foundation/Exceptions/Handler.php(278): Illuminate\\Foundation\\Exceptions\\Handler->reportThrowable(Object(TypeError))
#15 /Users/paul/WorkSpace/TestSoloCoder/8dcba39c-18f8-480b-b0ba-16d88d729ae7/vendor/laravel/framework/src/Illuminate/Foundation/Console/Kernel.php(523): Illuminate\\Foundation\\Exceptions\\Handler->report(Object(TypeError))
#16 /Users/paul/WorkSpace/TestSoloCoder/8dcba39c-18f8-480b-b0ba-16d88d729ae7/vendor/laravel/framework/src/Illuminate/Foundation/Console/Kernel.php(203): Illuminate\\Foundation\\Console\\Kernel->reportException(Object(TypeError))
#17 /Users/paul/WorkSpace/TestSoloCoder/8dcba39c-18f8-480b-b0ba-16d88d729ae7/artisan(12): Illuminate\\Foundation\\Console\\Kernel->handle(Object(Symfony\\Component\\Console\\Input\\ArgvInput), Object(Symfony\\Component\\Console\\Output\\ConsoleOutput))
#18 {main}
"} 
[2026-06-17 23:03:59] laravel.EMERGENCY: Unable to create configured logger. Using emergency logger. {"exception":"[object] (InvalidArgumentException(code: 0): Driver [sentry] is not supported. at /Users/paul/WorkSpace/TestSoloCoder/8dcba39c-18f8-480b-b0ba-16d88d729ae7/vendor/laravel/framework/src/Illuminate/Log/LogManager.php:225)
[stacktrace]
#0 /Users/paul/WorkSpace/TestSoloCoder/8dcba39c-18f8-480b-b0ba-16d88d729ae7/vendor/laravel/framework/src/Illuminate/Log/LogManager.php(137): Illuminate\\Log\\LogManager->resolve('sentry', Array)
#1 /Users/paul/WorkSpace/TestSoloCoder/8dcba39c-18f8-480b-b0ba-16d88d729ae7/vendor/laravel/framework/src/Illuminate/Log/LogManager.php(124): Illuminate\\Log\\LogManager->get('sentry')
#2 /Users/paul/WorkSpace/TestSoloCoder/8dcba39c-18f8-480b-b0ba-16d88d729ae7/vendor/laravel/framework/src/Illuminate/Log/LogManager.php(113): Illuminate\\Log\\LogManager->driver('sentry')
#3 /Users/paul/WorkSpace/TestSoloCoder/8dcba39c-18f8-480b-b0ba-16d88d729ae7/vendor/laravel/framework/src/Illuminate/Log/LogManager.php(273): Illuminate\\Log\\LogManager->channel('sentry')
#4 [internal function]: Illuminate\\Log\\LogManager->{closure:Illuminate\\Log\\LogManager::createStackDriver():270}('sentry', 1)
#5 /Users/paul/WorkSpace/TestSoloCoder/8dcba39c-18f8-480b-b0ba-16d88d729ae7/vendor/laravel/framework/src/Illuminate/Collections/Arr.php(600): array_map(Object(Closure), Array, Array)
#6 /Users/paul/WorkSpace/TestSoloCoder/8dcba39c-18f8-480b-b0ba-16d88d729ae7/vendor/laravel/framework/src/Illuminate/Collections/Collection.php(778): Illuminate\\Support\\Arr::map(Array, Object(Closure))
#7 /Users/paul/WorkSpace/TestSoloCoder/8dcba39c-18f8-480b-b0ba-16d88d729ae7/vendor/laravel/framework/src/Illuminate/Collections/Traits/EnumeratesValues.php(404): Illuminate\\Support\\Collection->map(Object(Closure))
#8 /Users/paul/WorkSpace/TestSoloCoder/8dcba39c-18f8-480b-b0ba-16d88d729ae7/vendor/laravel/framework/src/Illuminate/Log/LogManager.php(270): Illuminate\\Support\\Collection->flatMap(Object(Closure))
#9 /Users/paul/WorkSpace/TestSoloCoder/8dcba39c-18f8-480b-b0ba-16d88d729ae7/vendor/laravel/framework/src/Illuminate/Log/LogManager.php(222): Illuminate\\Log\\LogManager->createStackDriver(Array)
#10 /Users/paul/WorkSpace/TestSoloCoder/8dcba39c-18f8-480b-b0ba-16d88d729ae7/vendor/laravel/framework/src/Illuminate/Log/LogManager.php(137): Illuminate\\Log\\LogManager->resolve('stack', Array)
#11 /Users/paul/WorkSpace/TestSoloCoder/8dcba39c-18f8-480b-b0ba-16d88d729ae7/vendor/laravel/framework/src/Illuminate/Log/LogManager.php(124): Illuminate\\Log\\LogManager->get('stack')
#12 /Users/paul/WorkSpace/TestSoloCoder/8dcba39c-18f8-480b-b0ba-16d88d729ae7/vendor/laravel/framework/src/Illuminate/Log/LogManager.php(681): Illuminate\\Log\\LogManager->driver()
#13 /Users/paul/WorkSpace/TestSoloCoder/8dcba39c-18f8-480b-b0ba-16d88d729ae7/vendor/laravel/framework/src/Illuminate/Foundation/Exceptions/Handler.php(317): Illuminate\\Log\\LogManager->error('array_merge(): ...', Array)
#14 /Users/paul/WorkSpace/TestSoloCoder/8dcba39c-18f8-480b-b0ba-16d88d729ae7/vendor/laravel/framework/src/Illuminate/Foundation/Exceptions/Handler.php(278): Illuminate\\Foundation\\Exceptions\\Handler->reportThrowable(Object(TypeError))
#15 /Users/paul/WorkSpace/TestSoloCoder/8dcba39c-18f8-480b-b0ba-16d88d729ae7/vendor/laravel/framework/src/Illuminate/Foundation/Console/Kernel.php(523): Illuminate\\Foundation\\Exceptions\\Handler->report(Object(TypeError))
#16 /Users/paul/WorkSpace/TestSoloCoder/8dcba39c-18f8-480b-b0ba-16d88d729ae7/vendor/laravel/framework/src/Illuminate/Foundation/Console/Kernel.php(203): Illuminate\\Foundation\\Console\\Kernel->reportException(Object(TypeError))
#17 /Users/paul/WorkSpace/TestSoloCoder/8dcba39c-18f8-480b-b0ba-16d88d729ae7/artisan(12): Illuminate\\Foundation\\Console\\Kernel->handle(Object(Symfony\\Component\\Console\\Input\\ArgvInput), Object(Symfony\\Component\\Console\\Output\\ConsoleOutput))
#18 {main}
"} 
[2026-06-17 23:03:59] local.ERROR: array_merge(): Argument #2 must be of type array, string given {"exception":"[object] (TypeError(code: 0): array_merge(): Argument #2 must be of type array, string given at /Users/paul/WorkSpace/TestSoloCoder/8dcba39c-18f8-480b-b0ba-16d88d729ae7/vendor/laravel/framework/src/Illuminate/Routing/RouteGroup.php:84)
[stacktrace]
#0 /Users/paul/WorkSpace/TestSoloCoder/8dcba39c-18f8-480b-b0ba-16d88d729ae7/vendor/laravel/framework/src/Illuminate/Routing/RouteGroup.php(84): array_merge(Array, 'ticket')
#1 /Users/paul/WorkSpace/TestSoloCoder/8dcba39c-18f8-480b-b0ba-16d88d729ae7/vendor/laravel/framework/src/Illuminate/Routing/RouteGroup.php(30): Illuminate\\Routing\\RouteGroup::formatWhere(Array, Array)
#2 /Users/paul/WorkSpace/TestSoloCoder/8dcba39c-18f8-480b-b0ba-16d88d729ae7/vendor/laravel/framework/src/Illuminate/Routing/Router.php(497): Illuminate\\Routing\\RouteGroup::merge(Array, Array, true)
#3 /Users/paul/WorkSpace/TestSoloCoder/8dcba39c-18f8-480b-b0ba-16d88d729ae7/vendor/laravel/framework/src/Illuminate/Routing/Router.php(482): Illuminate\\Routing\\Router->mergeWithLastGroup(Array)
#4 /Users/paul/WorkSpace/TestSoloCoder/8dcba39c-18f8-480b-b0ba-16d88d729ae7/vendor/laravel/framework/src/Illuminate/Routing/Router.php(460): Illuminate\\Routing\\Router->updateGroupStack(Array)
#5 /Users/paul/WorkSpace/TestSoloCoder/8dcba39c-18f8-480b-b0ba-16d88d729ae7/vendor/laravel/framework/src/Illuminate/Routing/RouteRegistrar.php(194): Illuminate\\Routing\\Router->group(Array, Object(Closure))
#6 /Users/paul/WorkSpace/TestSoloCoder/8dcba39c-18f8-480b-b0ba-16d88d729ae7/routes/api.php(8): Illuminate\\Routing\\RouteRegistrar->group(Object(Closure))
#7 /Users/paul/WorkSpace/TestSoloCoder/8dcba39c-18f8-480b-b0ba-16d88d729ae7/vendor/laravel/framework/src/Illuminate/Routing/Router.php(509): Illuminate\\Routing\\RouteFileRegistrar->{closure:/Users/paul/WorkSpace/TestSoloCoder/8dcba39c-18f8-480b-b0ba-16d88d729ae7/routes/api.php:6}(Object(Illuminate\\Routing\\Router))
#8 /Users/paul/WorkSpace/TestSoloCoder/8dcba39c-18f8-480b-b0ba-16d88d729ae7/vendor/laravel/framework/src/Illuminate/Routing/Router.php(465): Illuminate\\Routing\\Router->loadRoutes(Object(Closure))
#9 /Users/paul/WorkSpace/TestSoloCoder/8dcba39c-18f8-480b-b0ba-16d88d729ae7/vendor/laravel/framework/src/Illuminate/Routing/RouteRegistrar.php(194): Illuminate\\Routing\\Router->group(Array, Object(Closure))
#10 /Users/paul/WorkSpace/TestSoloCoder/8dcba39c-18f8-480b-b0ba-16d88d729ae7/routes/api.php(6): Illuminate\\Routing\\RouteRegistrar->group(Object(Closure))
#11 /Users/paul/WorkSpace/TestSoloCoder/8dcba39c-18f8-480b-b0ba-16d88d729ae7/vendor/laravel/framework/src/Illuminate/Routing/RouteFileRegistrar.php(35): require('/Users/paul/Wor...')
#12 /Users/paul/WorkSpace/TestSoloCoder/8dcba39c-18f8-480b-b0ba-16d88d729ae7/vendor/laravel/framework/src/Illuminate/Routing/Router.php(511): Illuminate\\Routing\\RouteFileRegistrar->register('/Users/paul/Wor...')
#13 /Users/paul/WorkSpace/TestSoloCoder/8dcba39c-18f8-480b-b0ba-16d88d729ae7/vendor/laravel/framework/src/Illuminate/Routing/Router.php(465): Illuminate\\Routing\\Router->loadRoutes('/Users/paul/Wor...')
#14 /Users/paul/WorkSpace/TestSoloCoder/8dcba39c-18f8-480b-b0ba-16d88d729ae7/vendor/laravel/framework/src/Illuminate/Routing/RouteRegistrar.php(194): Illuminate\\Routing\\Router->group(Array, '/Users/paul/Wor...')
#15 /Users/paul/WorkSpace/TestSoloCoder/8dcba39c-18f8-480b-b0ba-16d88d729ae7/app/Providers/RouteServiceProvider.php(22): Illuminate\\Routing\\RouteRegistrar->group('/Users/paul/Wor...')
#16 /Users/paul/WorkSpace/TestSoloCoder/8dcba39c-18f8-480b-b0ba-16d88d729ae7/vendor/laravel/framework/src/Illuminate/Container/BoundMethod.php(36): App\\Providers\\RouteServiceProvider->{closure:App\\Providers\\RouteServiceProvider::boot():19}()
#17 /Users/paul/WorkSpace/TestSoloCoder/8dcba39c-18f8-480b-b0ba-16d88d729ae7/vendor/laravel/framework/src/Illuminate/Container/Util.php(41): Illuminate\\Container\\BoundMethod::{closure:Illuminate\\Container\\BoundMethod::call():35}()
#18 /Users/paul/WorkSpace/TestSoloCoder/8dcba39c-18f8-480b-b0ba-16d88d729ae7/vendor/laravel/framework/src/Illuminate/Container/BoundMethod.php(81): Illuminate\\Container\\Util::unwrapIfClosure(Object(Closure))
#19 /Users/paul/WorkSpace/TestSoloCoder/8dcba39c-18f8-480b-b0ba-16d88d729ae7/vendor/laravel/framework/src/Illuminate/Container/BoundMethod.php(35): Illuminate\\Container\\BoundMethod::callBoundMethod(Object(Illuminate\\Foundation\\Application), Object(Closure), Object(Closure))
#20 /Users/paul/WorkSpace/TestSoloCoder/8dcba39c-18f8-480b-b0ba-16d88d729ae7/vendor/laravel/framework/src/Illuminate/Container/Container.php(662): Illuminate\\Container\\BoundMethod::call(Object(Illuminate\\Foundation\\Application), Object(Closure), Array, NULL)
#21 /Users/paul/WorkSpace/TestSoloCoder/8dcba39c-18f8-480b-b0ba-16d88d729ae7/vendor/laravel/framework/src/Illuminate/Foundation/Support/Providers/RouteServiceProvider.php(120): Illuminate\\Container\\Container->call(Object(Closure))
#22 /Users/paul/WorkSpace/TestSoloCoder/8dcba39c-18f8-480b-b0ba-16d88d729ae7/vendor/laravel/framework/src/Illuminate/Foundation/Support/Providers/RouteServiceProvider.php(45): Illuminate\\Foundation\\Support\\Providers\\RouteServiceProvider->loadRoutes()
#23 /Users/paul/WorkSpace/TestSoloCoder/8dcba39c-18f8-480b-b0ba-16d88d729ae7/vendor/laravel/framework/src/Illuminate/Container/BoundMethod.php(36): Illuminate\\Foundation\\Support\\Providers\\RouteServiceProvider->{closure:Illuminate\\Foundation\\Support\\Providers\\RouteServiceProvider::register():39}()
#24 /Users/paul/WorkSpace/TestSoloCoder/8dcba39c-18f8-480b-b0ba-16d88d729ae7/vendor/laravel/framework/src/Illuminate/Container/Util.php(41): Illuminate\\Container\\BoundMethod::{closure:Illuminate\\Container\\BoundMethod::call():35}()
#25 /Users/paul/WorkSpace/TestSoloCoder/8dcba39c-18f8-480b-b0ba-16d88d729ae7/vendor/laravel/framework/src/Illuminate/Container/BoundMethod.php(81): Illuminate\\Container\\Util::unwrapIfClosure(Object(Closure))
#26 /Users/paul/WorkSpace/TestSoloCoder/8dcba39c-18f8-480b-b0ba-16d88d729ae7/vendor/laravel/framework/src/Illuminate/Container/BoundMethod.php(35): Illuminate\\Container\\BoundMethod::callBoundMethod(Object(Illuminate\\Foundation\\Application), Object(Closure), Object(Closure))
#27 /Users/paul/WorkSpace/TestSoloCoder/8dcba39c-18f8-480b-b0ba-16d88d729ae7/vendor/laravel/framework/src/Illuminate/Container/Container.php(662): Illuminate\\Container\\BoundMethod::call(Object(Illuminate\\Foundation\\Application), Object(Closure), Array, NULL)
#28 /Users/paul/WorkSpace/TestSoloCoder/8dcba39c-18f8-480b-b0ba-16d88d729ae7/vendor/laravel/framework/src/Illuminate/Support/ServiceProvider.php(119): Illuminate\\Container\\Container->call(Object(Closure))
#29 /Users/paul/WorkSpace/TestSoloCoder/8dcba39c-18f8-480b-b0ba-16d88d729ae7/vendor/laravel/framework/src/Illuminate/Foundation/Application.php(1062): Illuminate\\Support\\ServiceProvider->callBootedCallbacks()
#30 /Users/paul/WorkSpace/TestSoloCoder/8dcba39c-18f8-480b-b0ba-16d88d729ae7/vendor/laravel/framework/src/Illuminate/Foundation/Application.php(1040): Illuminate\\Foundation\\Application->bootProvider(Object(App\\Providers\\RouteServiceProvider))
#31 [internal function]: Illuminate\\Foundation\\Application->{closure:Illuminate\\Foundation\\Application::boot():1039}(Object(App\\Providers\\RouteServiceProvider), 26)
#32 /Users/paul/WorkSpace/TestSoloCoder/8dcba39c-18f8-480b-b0ba-16d88d729ae7/vendor/laravel/framework/src/Illuminate/Foundation/Application.php(1039): array_walk(Array, Object(Closure))
#33 /Users/paul/WorkSpace/TestSoloCoder/8dcba39c-18f8-480b-b0ba-16d88d729ae7/vendor/laravel/framework/src/Illuminate/Foundation/Bootstrap/BootProviders.php(17): Illuminate\\Foundation\\Application->boot()
#34 /Users/paul/WorkSpace/TestSoloCoder/8dcba39c-18f8-480b-b0ba-16d88d729ae7/vendor/laravel/framework/src/Illuminate/Foundation/Application.php(286): Illuminate\\Foundation\\Bootstrap\\BootProviders->bootstrap(Object(Illuminate\\Foundation\\Application))
#35 /Users/paul/WorkSpace/TestSoloCoder/8dcba39c-18f8-480b-b0ba-16d88d729ae7/vendor/laravel/framework/src/Illuminate/Foundation/Console/Kernel.php(447): Illuminate\\Foundation\\Application->bootstrapWith(Array)
#36 /Users/paul/WorkSpace/TestSoloCoder/8dcba39c-18f8-480b-b0ba-16d88d729ae7/vendor/laravel/framework/src/Illuminate/Foundation/Console/Kernel.php(199): Illuminate\\Foundation\\Console\\Kernel->bootstrap()
#37 /Users/paul/WorkSpace/TestSoloCoder/8dcba39c-18f8-480b-b0ba-16d88d729ae7/artisan(12): Illuminate\\Foundation\\Console\\Kernel->handle(Object(Symfony\\Component\\Console\\Input\\ArgvInput), Object(Symfony\\Component\\Console\\Output\\ConsoleOutput))
#38 {main}
"} 
[2026-06-17 23:03:59] local.ERROR: array_merge(): Argument #2 must be of type array, string given {"exception":"[object] (TypeError(code: 0): array_merge(): Argument #2 must be of type array, string given at /Users/paul/WorkSpace/TestSoloCoder/8dcba39c-18f8-480b-b0ba-16d88d729ae7/vendor/laravel/framework/src/Illuminate/Routing/RouteGroup.php:84)
[stacktrace]
#0 /Users/paul/WorkSpace/TestSoloCoder/8dcba39c-18f8-480b-b0ba-16d88d729ae7/vendor/laravel/framework/src/Illuminate/Routing/RouteGroup.php(84): array_merge(Array, 'ticket')
#1 /Users/paul/WorkSpace/TestSoloCoder/8dcba39c-18f8-480b-b0ba-16d88d729ae7/vendor/laravel/framework/src/Illuminate/Routing/RouteGroup.php(30): Illuminate\\Routing\\RouteGroup::formatWhere(Array, Array)
#2 /Users/paul/WorkSpace/TestSoloCoder/8dcba39c-18f8-480b-b0ba-16d88d729ae7/vendor/laravel/framework/src/Illuminate/Routing/Router.php(497): Illuminate\\Routing\\RouteGroup::merge(Array, Array, true)
#3 /Users/paul/WorkSpace/TestSoloCoder/8dcba39c-18f8-480b-b0ba-16d88d729ae7/vendor/laravel/framework/src/Illuminate/Routing/Router.php(482): Illuminate\\Routing\\Router->mergeWithLastGroup(Array)
#4 /Users/paul/WorkSpace/TestSoloCoder/8dcba39c-18f8-480b-b0ba-16d88d729ae7/vendor/laravel/framework/src/Illuminate/Routing/Router.php(460): Illuminate\\Routing\\Router->updateGroupStack(Array)
#5 /Users/paul/WorkSpace/TestSoloCoder/8dcba39c-18f8-480b-b0ba-16d88d729ae7/vendor/laravel/framework/src/Illuminate/Routing/RouteRegistrar.php(194): Illuminate\\Routing\\Router->group(Array, Object(Closure))
#6 /Users/paul/WorkSpace/TestSoloCoder/8dcba39c-18f8-480b-b0ba-16d88d729ae7/routes/api.php(8): Illuminate\\Routing\\RouteRegistrar->group(Object(Closure))
#7 /Users/paul/WorkSpace/TestSoloCoder/8dcba39c-18f8-480b-b0ba-16d88d729ae7/vendor/laravel/framework/src/Illuminate/Routing/Router.php(509): Illuminate\\Routing\\RouteFileRegistrar->{closure:/Users/paul/WorkSpace/TestSoloCoder/8dcba39c-18f8-480b-b0ba-16d88d729ae7/routes/api.php:6}(Object(Illuminate\\Routing\\Router))
#8 /Users/paul/WorkSpace/TestSoloCoder/8dcba39c-18f8-480b-b0ba-16d88d729ae7/vendor/laravel/framework/src/Illuminate/Routing/Router.php(465): Illuminate\\Routing\\Router->loadRoutes(Object(Closure))
#9 /Users/paul/WorkSpace/TestSoloCoder/8dcba39c-18f8-480b-b0ba-16d88d729ae7/vendor/laravel/framework/src/Illuminate/Routing/RouteRegistrar.php(194): Illuminate\\Routing\\Router->group(Array, Object(Closure))
#10 /Users/paul/WorkSpace/TestSoloCoder/8dcba39c-18f8-480b-b0ba-16d88d729ae7/routes/api.php(6): Illuminate\\Routing\\RouteRegistrar->group(Object(Closure))
#11 /Users/paul/WorkSpace/TestSoloCoder/8dcba39c-18f8-480b-b0ba-16d88d729ae7/vendor/laravel/framework/src/Illuminate/Routing/RouteFileRegistrar.php(35): require('/Users/paul/Wor...')
#12 /Users/paul/WorkSpace/TestSoloCoder/8dcba39c-18f8-480b-b0ba-16d88d729ae7/vendor/laravel/framework/src/Illuminate/Routing/Router.php(511): Illuminate\\Routing\\RouteFileRegistrar->register('/Users/paul/Wor...')
#13 /Users/paul/WorkSpace/TestSoloCoder/8dcba39c-18f8-480b-b0ba-16d88d729ae7/vendor/laravel/framework/src/Illuminate/Routing/Router.php(465): Illuminate\\Routing\\Router->loadRoutes('/Users/paul/Wor...')
#14 /Users/paul/WorkSpace/TestSoloCoder/8dcba39c-18f8-480b-b0ba-16d88d729ae7/vendor/laravel/framework/src/Illuminate/Routing/RouteRegistrar.php(194): Illuminate\\Routing\\Router->group(Array, '/Users/paul/Wor...')
#15 /Users/paul/WorkSpace/TestSoloCoder/8dcba39c-18f8-480b-b0ba-16d88d729ae7/app/Providers/RouteServiceProvider.php(22): Illuminate\\Routing\\RouteRegistrar->group('/Users/paul/Wor...')
#16 /Users/paul/WorkSpace/TestSoloCoder/8dcba39c-18f8-480b-b0ba-16d88d729ae7/vendor/laravel/framework/src/Illuminate/Container/BoundMethod.php(36): App\\Providers\\RouteServiceProvider->{closure:App\\Providers\\RouteServiceProvider::boot():19}()
#17 /Users/paul/WorkSpace/TestSoloCoder/8dcba39c-18f8-480b-b0ba-16d88d729ae7/vendor/laravel/framework/src/Illuminate/Container/Util.php(41): Illuminate\\Container\\BoundMethod::{closure:Illuminate\\Container\\BoundMethod::call():35}()
#18 /Users/paul/WorkSpace/TestSoloCoder/8dcba39c-18f8-480b-b0ba-16d88d729ae7/vendor/laravel/framework/src/Illuminate/Container/BoundMethod.php(81): Illuminate\\Container\\Util::unwrapIfClosure(Object(Closure))
#19 /Users/paul/WorkSpace/TestSoloCoder/8dcba39c-18f8-480b-b0ba-16d88d729ae7/vendor/laravel/framework/src/Illuminate/Container/BoundMethod.php(35): Illuminate\\Container\\BoundMethod::callBoundMethod(Object(Illuminate\\Foundation\\Application), Object(Closure), Object(Closure))
#20 /Users/paul/WorkSpace/TestSoloCoder/8dcba39c-18f8-480b-b0ba-16d88d729ae7/vendor/laravel/framework/src/Illuminate/Container/Container.php(662): Illuminate\\Container\\BoundMethod::call(Object(Illuminate\\Foundation\\Application), Object(Closure), Array, NULL)
#21 /Users/paul/WorkSpace/TestSoloCoder/8dcba39c-18f8-480b-b0ba-16d88d729ae7/vendor/laravel/framework/src/Illuminate/Foundation/Support/Providers/RouteServiceProvider.php(120): Illuminate\\Container\\Container->call(Object(Closure))
#22 /Users/paul/WorkSpace/TestSoloCoder/8dcba39c-18f8-480b-b0ba-16d88d729ae7/vendor/laravel/framework/src/Illuminate/Foundation/Support/Providers/RouteServiceProvider.php(45): Illuminate\\Foundation\\Support\\Providers\\RouteServiceProvider->loadRoutes()
#23 /Users/paul/WorkSpace/TestSoloCoder/8dcba39c-18f8-480b-b0ba-16d88d729ae7/vendor/laravel/framework/src/Illuminate/Container/BoundMethod.php(36): Illuminate\\Foundation\\Support\\Providers\\RouteServiceProvider->{closure:Illuminate\\Foundation\\Support\\Providers\\RouteServiceProvider::register():39}()
#24 /Users/paul/WorkSpace/TestSoloCoder/8dcba39c-18f8-480b-b0ba-16d88d729ae7/vendor/laravel/framework/src/Illuminate/Container/Util.php(41): Illuminate\\Container\\BoundMethod::{closure:Illuminate\\Container\\BoundMethod::call():35}()
#25 /Users/paul/WorkSpace/TestSoloCoder/8dcba39c-18f8-480b-b0ba-16d88d729ae7/vendor/laravel/framework/src/Illuminate/Container/BoundMethod.php(81): Illuminate\\Container\\Util::unwrapIfClosure(Object(Closure))
#26 /Users/paul/WorkSpace/TestSoloCoder/8dcba39c-18f8-480b-b0ba-16d88d729ae7/vendor/laravel/framework/src/Illuminate/Container/BoundMethod.php(35): Illuminate\\Container\\BoundMethod::callBoundMethod(Object(Illuminate\\Foundation\\Application), Object(Closure), Object(Closure))
#27 /Users/paul/WorkSpace/TestSoloCoder/8dcba39c-18f8-480b-b0ba-16d88d729ae7/vendor/laravel/framework/src/Illuminate/Container/Container.php(662): Illuminate\\Container\\BoundMethod::call(Object(Illuminate\\Foundation\\Application), Object(Closure), Array, NULL)
#28 /Users/paul/WorkSpace/TestSoloCoder/8dcba39c-18f8-480b-b0ba-16d88d729ae7/vendor/laravel/framework/src/Illuminate/Support/ServiceProvider.php(119): Illuminate\\Container\\Container->call(Object(Closure))
#29 /Users/paul/WorkSpace/TestSoloCoder/8dcba39c-18f8-480b-b0ba-16d88d729ae7/vendor/laravel/framework/src/Illuminate/Foundation/Application.php(1062): Illuminate\\Support\\ServiceProvider->callBootedCallbacks()
#30 /Users/paul/WorkSpace/TestSoloCoder/8dcba39c-18f8-480b-b0ba-16d88d729ae7/vendor/laravel/framework/src/Illuminate/Foundation/Application.php(1040): Illuminate\\Foundation\\Application->bootProvider(Object(App\\Providers\\RouteServiceProvider))
#31 [internal function]: Illuminate\\Foundation\\Application->{closure:Illuminate\\Foundation\\Application::boot():1039}(Object(App\\Providers\\RouteServiceProvider), 26)
#32 /Users/paul/WorkSpace/TestSoloCoder/8dcba39c-18f8-480b-b0ba-16d88d729ae7/vendor/laravel/framework/src/Illuminate/Foundation/Application.php(1039): array_walk(Array, Object(Closure))
#33 /Users/paul/WorkSpace/TestSoloCoder/8dcba39c-18f8-480b-b0ba-16d88d729ae7/vendor/laravel/framework/src/Illuminate/Foundation/Bootstrap/BootProviders.php(17): Illuminate\\Foundation\\Application->boot()
#34 /Users/paul/WorkSpace/TestSoloCoder/8dcba39c-18f8-480b-b0ba-16d88d729ae7/vendor/laravel/framework/src/Illuminate/Foundation/Application.php(286): Illuminate\\Foundation\\Bootstrap\\BootProviders->bootstrap(Object(Illuminate\\Foundation\\Application))
#35 /Users/paul/WorkSpace/TestSoloCoder/8dcba39c-18f8-480b-b0ba-16d88d729ae7/vendor/laravel/framework/src/Illuminate/Foundation/Console/Kernel.php(447): Illuminate\\Foundation\\Application->bootstrapWith(Array)
#36 /Users/paul/WorkSpace/TestSoloCoder/8dcba39c-18f8-480b-b0ba-16d88d729ae7/vendor/laravel/framework/src/Illuminate/Foundation/Console/Kernel.php(199): Illuminate\\Foundation\\Console\\Kernel->bootstrap()
#37 /Users/paul/WorkSpace/TestSoloCoder/8dcba39c-18f8-480b-b0ba-16d88d729ae7/artisan(12): Illuminate\\Foundation\\Console\\Kernel->handle(Object(Symfony\\Component\\Console\\Input\\ArgvInput), Object(Symfony\\Component\\Console\\Output\\ConsoleOutput))
#38 {main}
"} 
[2026-06-17 23:08:31] laravel.EMERGENCY: Unable to create configured logger. Using emergency logger. {"exception":"[object] (InvalidArgumentException(code: 0): Driver [sentry] is not supported. at /Users/paul/WorkSpace/TestSoloCoder/8dcba39c-18f8-480b-b0ba-16d88d729ae7/vendor/laravel/framework/src/Illuminate/Log/LogManager.php:225)
[stacktrace]
#0 /Users/paul/WorkSpace/TestSoloCoder/8dcba39c-18f8-480b-b0ba-16d88d729ae7/vendor/laravel/framework/src/Illuminate/Log/LogManager.php(137): Illuminate\\Log\\LogManager->resolve('sentry', Array)
#1 /Users/paul/WorkSpace/TestSoloCoder/8dcba39c-18f8-480b-b0ba-16d88d729ae7/vendor/laravel/framework/src/Illuminate/Log/LogManager.php(124): Illuminate\\Log\\LogManager->get('sentry')
#2 /Users/paul/WorkSpace/TestSoloCoder/8dcba39c-18f8-480b-b0ba-16d88d729ae7/vendor/laravel/framework/src/Illuminate/Log/LogManager.php(113): Illuminate\\Log\\LogManager->driver('sentry')
#3 /Users/paul/WorkSpace/TestSoloCoder/8dcba39c-18f8-480b-b0ba-16d88d729ae7/vendor/laravel/framework/src/Illuminate/Log/LogManager.php(267): Illuminate\\Log\\LogManager->channel('sentry')
#4 [internal function]: Illuminate\\Log\\LogManager->{closure:Illuminate\\Log\\LogManager::createStackDriver():264}('sentry', 1)
#5 /Users/paul/WorkSpace/TestSoloCoder/8dcba39c-18f8-480b-b0ba-16d88d729ae7/vendor/laravel/framework/src/Illuminate/Collections/Arr.php(600): array_map(Object(Closure), Array, Array)
#6 /Users/paul/WorkSpace/TestSoloCoder/8dcba39c-18f8-480b-b0ba-16d88d729ae7/vendor/laravel/framework/src/Illuminate/Collections/Collection.php(778): Illuminate\\Support\\Arr::map(Array, Object(Closure))
#7 /Users/paul/WorkSpace/TestSoloCoder/8dcba39c-18f8-480b-b0ba-16d88d729ae7/vendor/laravel/framework/src/Illuminate/Collections/Traits/EnumeratesValues.php(404): Illuminate\\Support\\Collection->map(Object(Closure))
#8 /Users/paul/WorkSpace/TestSoloCoder/8dcba39c-18f8-480b-b0ba-16d88d729ae7/vendor/laravel/framework/src/Illuminate/Log/LogManager.php(264): Illuminate\\Support\\Collection->flatMap(Object(Closure))
#9 /Users/paul/WorkSpace/TestSoloCoder/8dcba39c-18f8-480b-b0ba-16d88d729ae7/vendor/laravel/framework/src/Illuminate/Log/LogManager.php(222): Illuminate\\Log\\LogManager->createStackDriver(Array)
#10 /Users/paul/WorkSpace/TestSoloCoder/8dcba39c-18f8-480b-b0ba-16d88d729ae7/vendor/laravel/framework/src/Illuminate/Log/LogManager.php(137): Illuminate\\Log\\LogManager->resolve('stack', Array)
#11 /Users/paul/WorkSpace/TestSoloCoder/8dcba39c-18f8-480b-b0ba-16d88d729ae7/vendor/laravel/framework/src/Illuminate/Log/LogManager.php(124): Illuminate\\Log\\LogManager->get('stack')
#12 /Users/paul/WorkSpace/TestSoloCoder/8dcba39c-18f8-480b-b0ba-16d88d729ae7/vendor/laravel/framework/src/Illuminate/Log/LogManager.php(681): Illuminate\\Log\\LogManager->driver()
#13 /Users/paul/WorkSpace/TestSoloCoder/8dcba39c-18f8-480b-b0ba-16d88d729ae7/vendor/laravel/framework/src/Illuminate/Foundation/Exceptions/Handler.php(317): Illuminate\\Log\\LogManager->error('Database connec...', Array)
#14 /Users/paul/WorkSpace/TestSoloCoder/8dcba39c-18f8-480b-b0ba-16d88d729ae7/vendor/laravel/framework/src/Illuminate/Foundation/Exceptions/Handler.php(278): Illuminate\\Foundation\\Exceptions\\Handler->reportThrowable(Object(InvalidArgumentException))
#15 /Users/paul/WorkSpace/TestSoloCoder/8dcba39c-18f8-480b-b0ba-16d88d729ae7/vendor/laravel/framework/src/Illuminate/Foundation/Console/Kernel.php(523): Illuminate\\Foundation\\Exceptions\\Handler->report(Object(InvalidArgumentException))
#16 /Users/paul/WorkSpace/TestSoloCoder/8dcba39c-18f8-480b-b0ba-16d88d729ae7/vendor/laravel/framework/src/Illuminate/Foundation/Console/Kernel.php(203): Illuminate\\Foundation\\Console\\Kernel->reportException(Object(InvalidArgumentException))
#17 /Users/paul/WorkSpace/TestSoloCoder/8dcba39c-18f8-480b-b0ba-16d88d729ae7/artisan(12): Illuminate\\Foundation\\Console\\Kernel->handle(Object(Symfony\\Component\\Console\\Input\\ArgvInput), Object(Symfony\\Component\\Console\\Output\\ConsoleOutput))
#18 {main}
"} 
[2026-06-17 23:08:31] laravel.EMERGENCY: Unable to create configured logger. Using emergency logger. {"exception":"[object] (InvalidArgumentException(code: 0): Driver [sentry] is not supported. at /Users/paul/WorkSpace/TestSoloCoder/8dcba39c-18f8-480b-b0ba-16d88d729ae7/vendor/laravel/framework/src/Illuminate/Log/LogManager.php:225)
[stacktrace]
#0 /Users/paul/WorkSpace/TestSoloCoder/8dcba39c-18f8-480b-b0ba-16d88d729ae7/vendor/laravel/framework/src/Illuminate/Log/LogManager.php(137): Illuminate\\Log\\LogManager->resolve('sentry', Array)
#1 /Users/paul/WorkSpace/TestSoloCoder/8dcba39c-18f8-480b-b0ba-16d88d729ae7/vendor/laravel/framework/src/Illuminate/Log/LogManager.php(124): Illuminate\\Log\\LogManager->get('sentry')
#2 /Users/paul/WorkSpace/TestSoloCoder/8dcba39c-18f8-480b-b0ba-16d88d729ae7/vendor/laravel/framework/src/Illuminate/Log/LogManager.php(113): Illuminate\\Log\\LogManager->driver('sentry')
#3 /Users/paul/WorkSpace/TestSoloCoder/8dcba39c-18f8-480b-b0ba-16d88d729ae7/vendor/laravel/framework/src/Illuminate/Log/LogManager.php(273): Illuminate\\Log\\LogManager->channel('sentry')
#4 [internal function]: Illuminate\\Log\\LogManager->{closure:Illuminate\\Log\\LogManager::createStackDriver():270}('sentry', 1)
#5 /Users/paul/WorkSpace/TestSoloCoder/8dcba39c-18f8-480b-b0ba-16d88d729ae7/vendor/laravel/framework/src/Illuminate/Collections/Arr.php(600): array_map(Object(Closure), Array, Array)
#6 /Users/paul/WorkSpace/TestSoloCoder/8dcba39c-18f8-480b-b0ba-16d88d729ae7/vendor/laravel/framework/src/Illuminate/Collections/Collection.php(778): Illuminate\\Support\\Arr::map(Array, Object(Closure))
#7 /Users/paul/WorkSpace/TestSoloCoder/8dcba39c-18f8-480b-b0ba-16d88d729ae7/vendor/laravel/framework/src/Illuminate/Collections/Traits/EnumeratesValues.php(404): Illuminate\\Support\\Collection->map(Object(Closure))
#8 /Users/paul/WorkSpace/TestSoloCoder/8dcba39c-18f8-480b-b0ba-16d88d729ae7/vendor/laravel/framework/src/Illuminate/Log/LogManager.php(270): Illuminate\\Support\\Collection->flatMap(Object(Closure))
#9 /Users/paul/WorkSpace/TestSoloCoder/8dcba39c-18f8-480b-b0ba-16d88d729ae7/vendor/laravel/framework/src/Illuminate/Log/LogManager.php(222): Illuminate\\Log\\LogManager->createStackDriver(Array)
#10 /Users/paul/WorkSpace/TestSoloCoder/8dcba39c-18f8-480b-b0ba-16d88d729ae7/vendor/laravel/framework/src/Illuminate/Log/LogManager.php(137): Illuminate\\Log\\LogManager->resolve('stack', Array)
#11 /Users/paul/WorkSpace/TestSoloCoder/8dcba39c-18f8-480b-b0ba-16d88d729ae7/vendor/laravel/framework/src/Illuminate/Log/LogManager.php(124): Illuminate\\Log\\LogManager->get('stack')
#12 /Users/paul/WorkSpace/TestSoloCoder/8dcba39c-18f8-480b-b0ba-16d88d729ae7/vendor/laravel/framework/src/Illuminate/Log/LogManager.php(681): Illuminate\\Log\\LogManager->driver()
#13 /Users/paul/WorkSpace/TestSoloCoder/8dcba39c-18f8-480b-b0ba-16d88d729ae7/vendor/laravel/framework/src/Illuminate/Foundation/Exceptions/Handler.php(317): Illuminate\\Log\\LogManager->error('Database connec...', Array)
#14 /Users/paul/WorkSpace/TestSoloCoder/8dcba39c-18f8-480b-b0ba-16d88d729ae7/vendor/laravel/framework/src/Illuminate/Foundation/Exceptions/Handler.php(278): Illuminate\\Foundation\\Exceptions\\Handler->reportThrowable(Object(InvalidArgumentException))
#15 /Users/paul/WorkSpace/TestSoloCoder/8dcba39c-18f8-480b-b0ba-16d88d729ae7/vendor/laravel/framework/src/Illuminate/Foundation/Console/Kernel.php(523): Illuminate\\Foundation\\Exceptions\\Handler->report(Object(InvalidArgumentException))
#16 /Users/paul/WorkSpace/TestSoloCoder/8dcba39c-18f8-480b-b0ba-16d88d729ae7/vendor/laravel/framework/src/Illuminate/Foundation/Console/Kernel.php(203): Illuminate\\Foundation\\Console\\Kernel->reportException(Object(InvalidArgumentException))
#17 /Users/paul/WorkSpace/TestSoloCoder/8dcba39c-18f8-480b-b0ba-16d88d729ae7/artisan(12): Illuminate\\Foundation\\Console\\Kernel->handle(Object(Symfony\\Component\\Console\\Input\\ArgvInput), Object(Symfony\\Component\\Console\\Output\\ConsoleOutput))
#18 {main}
"} 
[2026-06-17 23:08:31] local.ERROR: Database connection [sqlite] not configured. {"exception":"[object] (InvalidArgumentException(code: 0): Database connection [sqlite] not configured. at /Users/paul/WorkSpace/TestSoloCoder/8dcba39c-18f8-480b-b0ba-16d88d729ae7/vendor/laravel/framework/src/Illuminate/Database/DatabaseManager.php:196)
[stacktrace]
#0 /Users/paul/WorkSpace/TestSoloCoder/8dcba39c-18f8-480b-b0ba-16d88d729ae7/vendor/laravel/framework/src/Illuminate/Database/DatabaseManager.php(159): Illuminate\\Database\\DatabaseManager->configuration('sqlite')
#1 /Users/paul/WorkSpace/TestSoloCoder/8dcba39c-18f8-480b-b0ba-16d88d729ae7/vendor/laravel/framework/src/Illuminate/Database/DatabaseManager.php(101): Illuminate\\Database\\DatabaseManager->makeConnection('sqlite')
#2 /Users/paul/WorkSpace/TestSoloCoder/8dcba39c-18f8-480b-b0ba-16d88d729ae7/vendor/laravel/framework/src/Illuminate/Database/Console/WipeCommand.php(69): Illuminate\\Database\\DatabaseManager->connection('sqlite')
#3 /Users/paul/WorkSpace/TestSoloCoder/8dcba39c-18f8-480b-b0ba-16d88d729ae7/vendor/laravel/framework/src/Illuminate/Database/Console/WipeCommand.php(48): Illuminate\\Database\\Console\\WipeCommand->dropAllTables(NULL)
#4 /Users/paul/WorkSpace/TestSoloCoder/8dcba39c-18f8-480b-b0ba-16d88d729ae7/vendor/laravel/framework/src/Illuminate/Container/BoundMethod.php(36): Illuminate\\Database\\Console\\WipeCommand->handle()
#5 /Users/paul/WorkSpace/TestSoloCoder/8dcba39c-18f8-480b-b0ba-16d88d729ae7/vendor/laravel/framework/src/Illuminate/Container/Util.php(41): Illuminate\\Container\\BoundMethod::{closure:Illuminate\\Container\\BoundMethod::call():35}()
#6 /Users/paul/WorkSpace/TestSoloCoder/8dcba39c-18f8-480b-b0ba-16d88d729ae7/vendor/laravel/framework/src/Illuminate/Container/BoundMethod.php(93): Illuminate\\Container\\Util::unwrapIfClosure(Object(Closure))
#7 /Users/paul/WorkSpace/TestSoloCoder/8dcba39c-18f8-480b-b0ba-16d88d729ae7/vendor/laravel/framework/src/Illuminate/Container/BoundMethod.php(35): Illuminate\\Container\\BoundMethod::callBoundMethod(Object(Illuminate\\Foundation\\Application), Array, Object(Closure))
#8 /Users/paul/WorkSpace/TestSoloCoder/8dcba39c-18f8-480b-b0ba-16d88d729ae7/vendor/laravel/framework/src/Illuminate/Container/Container.php(662): Illuminate\\Container\\BoundMethod::call(Object(Illuminate\\Foundation\\Application), Array, Array, NULL)
#9 /Users/paul/WorkSpace/TestSoloCoder/8dcba39c-18f8-480b-b0ba-16d88d729ae7/vendor/laravel/framework/src/Illuminate/Console/Command.php(211): Illuminate\\Container\\Container->call(Array)
#10 /Users/paul/WorkSpace/TestSoloCoder/8dcba39c-18f8-480b-b0ba-16d88d729ae7/vendor/symfony/console/Command/Command.php(326): Illuminate\\Console\\Command->execute(Object(Symfony\\Component\\Console\\Input\\ArrayInput), Object(Illuminate\\Console\\OutputStyle))
#11 /Users/paul/WorkSpace/TestSoloCoder/8dcba39c-18f8-480b-b0ba-16d88d729ae7/vendor/laravel/framework/src/Illuminate/Console/Command.php(180): Symfony\\Component\\Console\\Command\\Command->run(Object(Symfony\\Component\\Console\\Input\\ArrayInput), Object(Illuminate\\Console\\OutputStyle))
#12 /Users/paul/WorkSpace/TestSoloCoder/8dcba39c-18f8-480b-b0ba-16d88d729ae7/vendor/laravel/framework/src/Illuminate/Console/Concerns/CallsCommands.php(67): Illuminate\\Console\\Command->run(Object(Symfony\\Component\\Console\\Input\\ArrayInput), Object(Symfony\\Component\\Console\\Output\\NullOutput))
#13 /Users/paul/WorkSpace/TestSoloCoder/8dcba39c-18f8-480b-b0ba-16d88d729ae7/vendor/laravel/framework/src/Illuminate/Console/Concerns/CallsCommands.php(40): Illuminate\\Console\\Command->runCommand('db:wipe', Array, Object(Symfony\\Component\\Console\\Output\\NullOutput))
#14 /Users/paul/WorkSpace/TestSoloCoder/8dcba39c-18f8-480b-b0ba-16d88d729ae7/vendor/laravel/framework/src/Illuminate/Database/Console/Migrations/FreshCommand.php(44): Illuminate\\Console\\Command->callSilent('db:wipe', Array)
#15 /Users/paul/WorkSpace/TestSoloCoder/8dcba39c-18f8-480b-b0ba-16d88d729ae7/vendor/laravel/framework/src/Illuminate/Console/View/Components/Task.php(37): Illuminate\\Database\\Console\\Migrations\\FreshCommand->{closure:Illuminate\\Database\\Console\\Migrations\\FreshCommand::handle():44}()
#16 /Users/paul/WorkSpace/TestSoloCoder/8dcba39c-18f8-480b-b0ba-16d88d729ae7/vendor/laravel/framework/src/Illuminate/Console/View/Components/Factory.php(58): Illuminate\\Console\\View\\Components\\Task->render('Dropping all ta...', Object(Closure))
#17 /Users/paul/WorkSpace/TestSoloCoder/8dcba39c-18f8-480b-b0ba-16d88d729ae7/vendor/laravel/framework/src/Illuminate/Database/Console/Migrations/FreshCommand.php(44): Illuminate\\Console\\View\\Components\\Factory->__call('task', Array)
#18 /Users/paul/WorkSpace/TestSoloCoder/8dcba39c-18f8-480b-b0ba-16d88d729ae7/vendor/laravel/framework/src/Illuminate/Container/BoundMethod.php(36): Illuminate\\Database\\Console\\Migrations\\FreshCommand->handle()
#19 /Users/paul/WorkSpace/TestSoloCoder/8dcba39c-18f8-480b-b0ba-16d88d729ae7/vendor/laravel/framework/src/Illuminate/Container/Util.php(41): Illuminate\\Container\\BoundMethod::{closure:Illuminate\\Container\\BoundMethod::call():35}()
#20 /Users/paul/WorkSpace/TestSoloCoder/8dcba39c-18f8-480b-b0ba-16d88d729ae7/vendor/laravel/framework/src/Illuminate/Container/BoundMethod.php(93): Illuminate\\Container\\Util::unwrapIfClosure(Object(Closure))
#21 /Users/paul/WorkSpace/TestSoloCoder/8dcba39c-18f8-480b-b0ba-16d88d729ae7/vendor/laravel/framework/src/Illuminate/Container/BoundMethod.php(35): Illuminate\\Container\\BoundMethod::callBoundMethod(Object(Illuminate\\Foundation\\Application), Array, Object(Closure))
#22 /Users/paul/WorkSpace/TestSoloCoder/8dcba39c-18f8-480b-b0ba-16d88d729ae7/vendor/laravel/framework/src/Illuminate/Container/Container.php(662): Illuminate\\Container\\BoundMethod::call(Object(Illuminate\\Foundation\\Application), Array, Array, NULL)
#23 /Users/paul/WorkSpace/TestSoloCoder/8dcba39c-18f8-480b-b0ba-16d88d729ae7/vendor/laravel/framework/src/Illuminate/Console/Command.php(211): Illuminate\\Container\\Container->call(Array)
#24 /Users/paul/WorkSpace/TestSoloCoder/8dcba39c-18f8-480b-b0ba-16d88d729ae7/vendor/symfony/console/Command/Command.php(326): Illuminate\\Console\\Command->execute(Object(Symfony\\Component\\Console\\Input\\ArgvInput), Object(Illuminate\\Console\\OutputStyle))
#25 /Users/paul/WorkSpace/TestSoloCoder/8dcba39c-18f8-480b-b0ba-16d88d729ae7/vendor/laravel/framework/src/Illuminate/Console/Command.php(180): Symfony\\Component\\Console\\Command\\Command->run(Object(Symfony\\Component\\Console\\Input\\ArgvInput), Object(Illuminate\\Console\\OutputStyle))
#26 /Users/paul/WorkSpace/TestSoloCoder/8dcba39c-18f8-480b-b0ba-16d88d729ae7/vendor/symfony/console/Application.php(1121): Illuminate\\Console\\Command->run(Object(Symfony\\Component\\Console\\Input\\ArgvInput), Object(Symfony\\Component\\Console\\Output\\ConsoleOutput))
#27 /Users/paul/WorkSpace/TestSoloCoder/8dcba39c-18f8-480b-b0ba-16d88d729ae7/vendor/symfony/console/Application.php(324): Symfony\\Component\\Console\\Application->doRunCommand(Object(Illuminate\\Database\\Console\\Migrations\\FreshCommand), Object(Symfony\\Component\\Console\\Input\\ArgvInput), Object(Symfony\\Component\\Console\\Output\\ConsoleOutput))
#28 /Users/paul/WorkSpace/TestSoloCoder/8dcba39c-18f8-480b-b0ba-16d88d729ae7/vendor/symfony/console/Application.php(175): Symfony\\Component\\Console\\Application->doRun(Object(Symfony\\Component\\Console\\Input\\ArgvInput), Object(Symfony\\Component\\Console\\Output\\ConsoleOutput))
#29 /Users/paul/WorkSpace/TestSoloCoder/8dcba39c-18f8-480b-b0ba-16d88d729ae7/vendor/laravel/framework/src/Illuminate/Foundation/Console/Kernel.php(201): Symfony\\Component\\Console\\Application->run(Object(Symfony\\Component\\Console\\Input\\ArgvInput), Object(Symfony\\Component\\Console\\Output\\ConsoleOutput))
#30 /Users/paul/WorkSpace/TestSoloCoder/8dcba39c-18f8-480b-b0ba-16d88d729ae7/artisan(12): Illuminate\\Foundation\\Console\\Kernel->handle(Object(Symfony\\Component\\Console\\Input\\ArgvInput), Object(Symfony\\Component\\Console\\Output\\ConsoleOutput))
#31 {main}
"} 
[2026-06-17 23:08:31] local.ERROR: Database connection [sqlite] not configured. {"exception":"[object] (InvalidArgumentException(code: 0): Database connection [sqlite] not configured. at /Users/paul/WorkSpace/TestSoloCoder/8dcba39c-18f8-480b-b0ba-16d88d729ae7/vendor/laravel/framework/src/Illuminate/Database/DatabaseManager.php:196)
[stacktrace]
#0 /Users/paul/WorkSpace/TestSoloCoder/8dcba39c-18f8-480b-b0ba-16d88d729ae7/vendor/laravel/framework/src/Illuminate/Database/DatabaseManager.php(159): Illuminate\\Database\\DatabaseManager->configuration('sqlite')
#1 /Users/paul/WorkSpace/TestSoloCoder/8dcba39c-18f8-480b-b0ba-16d88d729ae7/vendor/laravel/framework/src/Illuminate/Database/DatabaseManager.php(101): Illuminate\\Database\\DatabaseManager->makeConnection('sqlite')
#2 /Users/paul/WorkSpace/TestSoloCoder/8dcba39c-18f8-480b-b0ba-16d88d729ae7/vendor/laravel/framework/src/Illuminate/Database/Console/WipeCommand.php(69): Illuminate\\Database\\DatabaseManager->connection('sqlite')
#3 /Users/paul/WorkSpace/TestSoloCoder/8dcba39c-18f8-480b-b0ba-16d88d729ae7/vendor/laravel/framework/src/Illuminate/Database/Console/WipeCommand.php(48): Illuminate\\Database\\Console\\WipeCommand->dropAllTables(NULL)
#4 /Users/paul/WorkSpace/TestSoloCoder/8dcba39c-18f8-480b-b0ba-16d88d729ae7/vendor/laravel/framework/src/Illuminate/Container/BoundMethod.php(36): Illuminate\\Database\\Console\\WipeCommand->handle()
#5 /Users/paul/WorkSpace/TestSoloCoder/8dcba39c-18f8-480b-b0ba-16d88d729ae7/vendor/laravel/framework/src/Illuminate/Container/Util.php(41): Illuminate\\Container\\BoundMethod::{closure:Illuminate\\Container\\BoundMethod::call():35}()
#6 /Users/paul/WorkSpace/TestSoloCoder/8dcba39c-18f8-480b-b0ba-16d88d729ae7/vendor/laravel/framework/src/Illuminate/Container/BoundMethod.php(93): Illuminate\\Container\\Util::unwrapIfClosure(Object(Closure))
#7 /Users/paul/WorkSpace/TestSoloCoder/8dcba39c-18f8-480b-b0ba-16d88d729ae7/vendor/laravel/framework/src/Illuminate/Container/BoundMethod.php(35): Illuminate\\Container\\BoundMethod::callBoundMethod(Object(Illuminate\\Foundation\\Application), Array, Object(Closure))
#8 /Users/paul/WorkSpace/TestSoloCoder/8dcba39c-18f8-480b-b0ba-16d88d729ae7/vendor/laravel/framework/src/Illuminate/Container/Container.php(662): Illuminate\\Container\\BoundMethod::call(Object(Illuminate\\Foundation\\Application), Array, Array, NULL)
#9 /Users/paul/WorkSpace/TestSoloCoder/8dcba39c-18f8-480b-b0ba-16d88d729ae7/vendor/laravel/framework/src/Illuminate/Console/Command.php(211): Illuminate\\Container\\Container->call(Array)
#10 /Users/paul/WorkSpace/TestSoloCoder/8dcba39c-18f8-480b-b0ba-16d88d729ae7/vendor/symfony/console/Command/Command.php(326): Illuminate\\Console\\Command->execute(Object(Symfony\\Component\\Console\\Input\\ArrayInput), Object(Illuminate\\Console\\OutputStyle))
#11 /Users/paul/WorkSpace/TestSoloCoder/8dcba39c-18f8-480b-b0ba-16d88d729ae7/vendor/laravel/framework/src/Illuminate/Console/Command.php(180): Symfony\\Component\\Console\\Command\\Command->run(Object(Symfony\\Component\\Console\\Input\\ArrayInput), Object(Illuminate\\Console\\OutputStyle))
#12 /Users/paul/WorkSpace/TestSoloCoder/8dcba39c-18f8-480b-b0ba-16d88d729ae7/vendor/laravel/framework/src/Illuminate/Console/Concerns/CallsCommands.php(67): Illuminate\\Console\\Command->run(Object(Symfony\\Component\\Console\\Input\\ArrayInput), Object(Symfony\\Component\\Console\\Output\\NullOutput))
#13 /Users/paul/WorkSpace/TestSoloCoder/8dcba39c-18f8-480b-b0ba-16d88d729ae7/vendor/laravel/framework/src/Illuminate/Console/Concerns/CallsCommands.php(40): Illuminate\\Console\\Command->runCommand('db:wipe', Array, Object(Symfony\\Component\\Console\\Output\\NullOutput))
#14 /Users/paul/WorkSpace/TestSoloCoder/8dcba39c-18f8-480b-b0ba-16d88d729ae7/vendor/laravel/framework/src/Illuminate/Database/Console/Migrations/FreshCommand.php(44): Illuminate\\Console\\Command->callSilent('db:wipe', Array)
#15 /Users/paul/WorkSpace/TestSoloCoder/8dcba39c-18f8-480b-b0ba-16d88d729ae7/vendor/laravel/framework/src/Illuminate/Console/View/Components/Task.php(37): Illuminate\\Database\\Console\\Migrations\\FreshCommand->{closure:Illuminate\\Database\\Console\\Migrations\\FreshCommand::handle():44}()
#16 /Users/paul/WorkSpace/TestSoloCoder/8dcba39c-18f8-480b-b0ba-16d88d729ae7/vendor/laravel/framework/src/Illuminate/Console/View/Components/Factory.php(58): Illuminate\\Console\\View\\Components\\Task->render('Dropping all ta...', Object(Closure))
#17 /Users/paul/WorkSpace/TestSoloCoder/8dcba39c-18f8-480b-b0ba-16d88d729ae7/vendor/laravel/framework/src/Illuminate/Database/Console/Migrations/FreshCommand.php(44): Illuminate\\Console\\View\\Components\\Factory->__call('task', Array)
#18 /Users/paul/WorkSpace/TestSoloCoder/8dcba39c-18f8-480b-b0ba-16d88d729ae7/vendor/laravel/framework/src/Illuminate/Container/BoundMethod.php(36): Illuminate\\Database\\Console\\Migrations\\FreshCommand->handle()
#19 /Users/paul/WorkSpace/TestSoloCoder/8dcba39c-18f8-480b-b0ba-16d88d729ae7/vendor/laravel/framework/src/Illuminate/Container/Util.php(41): Illuminate\\Container\\BoundMethod::{closure:Illuminate\\Container\\BoundMethod::call():35}()
#20 /Users/paul/WorkSpace/TestSoloCoder/8dcba39c-18f8-480b-b0ba-16d88d729ae7/vendor/laravel/framework/src/Illuminate/Container/BoundMethod.php(93): Illuminate\\Container\\Util::unwrapIfClosure(Object(Closure))
#21 /Users/paul/WorkSpace/TestSoloCoder/8dcba39c-18f8-480b-b0ba-16d88d729ae7/vendor/laravel/framework/src/Illuminate/Container/BoundMethod.php(35): Illuminate\\Container\\BoundMethod::callBoundMethod(Object(Illuminate\\Foundation\\Application), Array, Object(Closure))
#22 /Users/paul/WorkSpace/TestSoloCoder/8dcba39c-18f8-480b-b0ba-16d88d729ae7/vendor/laravel/framework/src/Illuminate/Container/Container.php(662): Illuminate\\Container\\BoundMethod::call(Object(Illuminate\\Foundation\\Application), Array, Array, NULL)
#23 /Users/paul/WorkSpace/TestSoloCoder/8dcba39c-18f8-480b-b0ba-16d88d729ae7/vendor/laravel/framework/src/Illuminate/Console/Command.php(211): Illuminate\\Container\\Container->call(Array)
#24 /Users/paul/WorkSpace/TestSoloCoder/8dcba39c-18f8-480b-b0ba-16d88d729ae7/vendor/symfony/console/Command/Command.php(326): Illuminate\\Console\\Command->execute(Object(Symfony\\Component\\Console\\Input\\ArgvInput), Object(Illuminate\\Console\\OutputStyle))
#25 /Users/paul/WorkSpace/TestSoloCoder/8dcba39c-18f8-480b-b0ba-16d88d729ae7/vendor/laravel/framework/src/Illuminate/Console/Command.php(180): Symfony\\Component\\Console\\Command\\Command->run(Object(Symfony\\Component\\Console\\Input\\ArgvInput), Object(Illuminate\\Console\\OutputStyle))
#26 /Users/paul/WorkSpace/TestSoloCoder/8dcba39c-18f8-480b-b0ba-16d88d729ae7/vendor/symfony/console/Application.php(1121): Illuminate\\Console\\Command->run(Object(Symfony\\Component\\Console\\Input\\ArgvInput), Object(Symfony\\Component\\Console\\Output\\ConsoleOutput))
#27 /Users/paul/WorkSpace/TestSoloCoder/8dcba39c-18f8-480b-b0ba-16d88d729ae7/vendor/symfony/console/Application.php(324): Symfony\\Component\\Console\\Application->doRunCommand(Object(Illuminate\\Database\\Console\\Migrations\\FreshCommand), Object(Symfony\\Component\\Console\\Input\\ArgvInput), Object(Symfony\\Component\\Console\\Output\\ConsoleOutput))
#28 /Users/paul/WorkSpace/TestSoloCoder/8dcba39c-18f8-480b-b0ba-16d88d729ae7/vendor/symfony/console/Application.php(175): Symfony\\Component\\Console\\Application->doRun(Object(Symfony\\Component\\Console\\Input\\ArgvInput), Object(Symfony\\Component\\Console\\Output\\ConsoleOutput))
#29 /Users/paul/WorkSpace/TestSoloCoder/8dcba39c-18f8-480b-b0ba-16d88d729ae7/vendor/laravel/framework/src/Illuminate/Foundation/Console/Kernel.php(201): Symfony\\Component\\Console\\Application->run(Object(Symfony\\Component\\Console\\Input\\ArgvInput), Object(Symfony\\Component\\Console\\Output\\ConsoleOutput))
#30 /Users/paul/WorkSpace/TestSoloCoder/8dcba39c-18f8-480b-b0ba-16d88d729ae7/artisan(12): Illuminate\\Foundation\\Console\\Kernel->handle(Object(Symfony\\Component\\Console\\Input\\ArgvInput), Object(Symfony\\Component\\Console\\Output\\ConsoleOutput))
#31 {main}
"} 
[2026-06-17 23:09:16] laravel.EMERGENCY: Unable to create configured logger. Using emergency logger. {"exception":"[object] (InvalidArgumentException(code: 0): Driver [sentry] is not supported. at /Users/paul/WorkSpace/TestSoloCoder/8dcba39c-18f8-480b-b0ba-16d88d729ae7/vendor/laravel/framework/src/Illuminate/Log/LogManager.php:225)
[stacktrace]
#0 /Users/paul/WorkSpace/TestSoloCoder/8dcba39c-18f8-480b-b0ba-16d88d729ae7/vendor/laravel/framework/src/Illuminate/Log/LogManager.php(137): Illuminate\\Log\\LogManager->resolve('sentry', Array)
#1 /Users/paul/WorkSpace/TestSoloCoder/8dcba39c-18f8-480b-b0ba-16d88d729ae7/vendor/laravel/framework/src/Illuminate/Log/LogManager.php(124): Illuminate\\Log\\LogManager->get('sentry')
#2 /Users/paul/WorkSpace/TestSoloCoder/8dcba39c-18f8-480b-b0ba-16d88d729ae7/vendor/laravel/framework/src/Illuminate/Log/LogManager.php(113): Illuminate\\Log\\LogManager->driver('sentry')
#3 /Users/paul/WorkSpace/TestSoloCoder/8dcba39c-18f8-480b-b0ba-16d88d729ae7/vendor/laravel/framework/src/Illuminate/Log/LogManager.php(267): Illuminate\\Log\\LogManager->channel('sentry')
#4 [internal function]: Illuminate\\Log\\LogManager->{closure:Illuminate\\Log\\LogManager::createStackDriver():264}('sentry', 1)
#5 /Users/paul/WorkSpace/TestSoloCoder/8dcba39c-18f8-480b-b0ba-16d88d729ae7/vendor/laravel/framework/src/Illuminate/Collections/Arr.php(600): array_map(Object(Closure), Array, Array)
#6 /Users/paul/WorkSpace/TestSoloCoder/8dcba39c-18f8-480b-b0ba-16d88d729ae7/vendor/laravel/framework/src/Illuminate/Collections/Collection.php(778): Illuminate\\Support\\Arr::map(Array, Object(Closure))
#7 /Users/paul/WorkSpace/TestSoloCoder/8dcba39c-18f8-480b-b0ba-16d88d729ae7/vendor/laravel/framework/src/Illuminate/Collections/Traits/EnumeratesValues.php(404): Illuminate\\Support\\Collection->map(Object(Closure))
#8 /Users/paul/WorkSpace/TestSoloCoder/8dcba39c-18f8-480b-b0ba-16d88d729ae7/vendor/laravel/framework/src/Illuminate/Log/LogManager.php(264): Illuminate\\Support\\Collection->flatMap(Object(Closure))
#9 /Users/paul/WorkSpace/TestSoloCoder/8dcba39c-18f8-480b-b0ba-16d88d729ae7/vendor/laravel/framework/src/Illuminate/Log/LogManager.php(222): Illuminate\\Log\\LogManager->createStackDriver(Array)
#10 /Users/paul/WorkSpace/TestSoloCoder/8dcba39c-18f8-480b-b0ba-16d88d729ae7/vendor/laravel/framework/src/Illuminate/Log/LogManager.php(137): Illuminate\\Log\\LogManager->resolve('stack', Array)
#11 /Users/paul/WorkSpace/TestSoloCoder/8dcba39c-18f8-480b-b0ba-16d88d729ae7/vendor/laravel/framework/src/Illuminate/Log/LogManager.php(124): Illuminate\\Log\\LogManager->get('stack')
#12 /Users/paul/WorkSpace/TestSoloCoder/8dcba39c-18f8-480b-b0ba-16d88d729ae7/vendor/laravel/framework/src/Illuminate/Log/LogManager.php(681): Illuminate\\Log\\LogManager->driver()
#13 /Users/paul/WorkSpace/TestSoloCoder/8dcba39c-18f8-480b-b0ba-16d88d729ae7/vendor/laravel/framework/src/Illuminate/Foundation/Exceptions/Handler.php(317): Illuminate\\Log\\LogManager->error('SQLSTATE[HY000]...', Array)
#14 /Users/paul/WorkSpace/TestSoloCoder/8dcba39c-18f8-480b-b0ba-16d88d729ae7/vendor/laravel/framework/src/Illuminate/Foundation/Exceptions/Handler.php(278): Illuminate\\Foundation\\Exceptions\\Handler->reportThrowable(Object(Illuminate\\Database\\QueryException))
#15 /Users/paul/WorkSpace/TestSoloCoder/8dcba39c-18f8-480b-b0ba-16d88d729ae7/vendor/laravel/framework/src/Illuminate/Foundation/Console/Kernel.php(523): Illuminate\\Foundation\\Exceptions\\Handler->report(Object(Illuminate\\Database\\QueryException))
#16 /Users/paul/WorkSpace/TestSoloCoder/8dcba39c-18f8-480b-b0ba-16d88d729ae7/vendor/laravel/framework/src/Illuminate/Foundation/Console/Kernel.php(203): Illuminate\\Foundation\\Console\\Kernel->reportException(Object(Illuminate\\Database\\QueryException))
#17 /Users/paul/WorkSpace/TestSoloCoder/8dcba39c-18f8-480b-b0ba-16d88d729ae7/artisan(12): Illuminate\\Foundation\\Console\\Kernel->handle(Object(Symfony\\Component\\Console\\Input\\ArgvInput), Object(Symfony\\Component\\Console\\Output\\ConsoleOutput))
#18 {main}
"} 
[2026-06-17 23:09:16] laravel.EMERGENCY: Unable to create configured logger. Using emergency logger. {"exception":"[object] (InvalidArgumentException(code: 0): Driver [sentry] is not supported. at /Users/paul/WorkSpace/TestSoloCoder/8dcba39c-18f8-480b-b0ba-16d88d729ae7/vendor/laravel/framework/src/Illuminate/Log/LogManager.php:225)
[stacktrace]
#0 /Users/paul/WorkSpace/TestSoloCoder/8dcba39c-18f8-480b-b0ba-16d88d729ae7/vendor/laravel/framework/src/Illuminate/Log/LogManager.php(137): Illuminate\\Log\\LogManager->resolve('sentry', Array)
#1 /Users/paul/WorkSpace/TestSoloCoder/8dcba39c-18f8-480b-b0ba-16d88d729ae7/vendor/laravel/framework/src/Illuminate/Log/LogManager.php(124): Illuminate\\Log\\LogManager->get('sentry')
#2 /Users/paul/WorkSpace/TestSoloCoder/8dcba39c-18f8-480b-b0ba-16d88d729ae7/vendor/laravel/framework/src/Illuminate/Log/LogManager.php(113): Illuminate\\Log\\LogManager->driver('sentry')
#3 /Users/paul/WorkSpace/TestSoloCoder/8dcba39c-18f8-480b-b0ba-16d88d729ae7/vendor/laravel/framework/src/Illuminate/Log/LogManager.php(273): Illuminate\\Log\\LogManager->channel('sentry')
#4 [internal function]: Illuminate\\Log\\LogManager->{closure:Illuminate\\Log\\LogManager::createStackDriver():270}('sentry', 1)
#5 /Users/paul/WorkSpace/TestSoloCoder/8dcba39c-18f8-480b-b0ba-16d88d729ae7/vendor/laravel/framework/src/Illuminate/Collections/Arr.php(600): array_map(Object(Closure), Array, Array)
#6 /Users/paul/WorkSpace/TestSoloCoder/8dcba39c-18f8-480b-b0ba-16d88d729ae7/vendor/laravel/framework/src/Illuminate/Collections/Collection.php(778): Illuminate\\Support\\Arr::map(Array, Object(Closure))
#7 /Users/paul/WorkSpace/TestSoloCoder/8dcba39c-18f8-480b-b0ba-16d88d729ae7/vendor/laravel/framework/src/Illuminate/Collections/Traits/EnumeratesValues.php(404): Illuminate\\Support\\Collection->map(Object(Closure))
#8 /Users/paul/WorkSpace/TestSoloCoder/8dcba39c-18f8-480b-b0ba-16d88d729ae7/vendor/laravel/framework/src/Illuminate/Log/LogManager.php(270): Illuminate\\Support\\Collection->flatMap(Object(Closure))
#9 /Users/paul/WorkSpace/TestSoloCoder/8dcba39c-18f8-480b-b0ba-16d88d729ae7/vendor/laravel/framework/src/Illuminate/Log/LogManager.php(222): Illuminate\\Log\\LogManager->createStackDriver(Array)
#10 /Users/paul/WorkSpace/TestSoloCoder/8dcba39c-18f8-480b-b0ba-16d88d729ae7/vendor/laravel/framework/src/Illuminate/Log/LogManager.php(137): Illuminate\\Log\\LogManager->resolve('stack', Array)
#11 /Users/paul/WorkSpace/TestSoloCoder/8dcba39c-18f8-480b-b0ba-16d88d729ae7/vendor/laravel/framework/src/Illuminate/Log/LogManager.php(124): Illuminate\\Log\\LogManager->get('stack')
#12 /Users/paul/WorkSpace/TestSoloCoder/8dcba39c-18f8-480b-b0ba-16d88d729ae7/vendor/laravel/framework/src/Illuminate/Log/LogManager.php(681): Illuminate\\Log\\LogManager->driver()
#13 /Users/paul/WorkSpace/TestSoloCoder/8dcba39c-18f8-480b-b0ba-16d88d729ae7/vendor/laravel/framework/src/Illuminate/Foundation/Exceptions/Handler.php(317): Illuminate\\Log\\LogManager->error('SQLSTATE[HY000]...', Array)
#14 /Users/paul/WorkSpace/TestSoloCoder/8dcba39c-18f8-480b-b0ba-16d88d729ae7/vendor/laravel/framework/src/Illuminate/Foundation/Exceptions/Handler.php(278): Illuminate\\Foundation\\Exceptions\\Handler->reportThrowable(Object(Illuminate\\Database\\QueryException))
#15 /Users/paul/WorkSpace/TestSoloCoder/8dcba39c-18f8-480b-b0ba-16d88d729ae7/vendor/laravel/framework/src/Illuminate/Foundation/Console/Kernel.php(523): Illuminate\\Foundation\\Exceptions\\Handler->report(Object(Illuminate\\Database\\QueryException))
#16 /Users/paul/WorkSpace/TestSoloCoder/8dcba39c-18f8-480b-b0ba-16d88d729ae7/vendor/laravel/framework/src/Illuminate/Foundation/Console/Kernel.php(203): Illuminate\\Foundation\\Console\\Kernel->reportException(Object(Illuminate\\Database\\QueryException))
#17 /Users/paul/WorkSpace/TestSoloCoder/8dcba39c-18f8-480b-b0ba-16d88d729ae7/artisan(12): Illuminate\\Foundation\\Console\\Kernel->handle(Object(Symfony\\Component\\Console\\Input\\ArgvInput), Object(Symfony\\Component\\Console\\Output\\ConsoleOutput))
#18 {main}
"} 
[2026-06-17 23:09:16] local.ERROR: SQLSTATE[HY000]: General error: 1 table roles has no column named display_name (Connection: sqlite, SQL: insert into "roles" ("tenant_id", "name", "display_name", "description", "updated_at", "created_at") values (1, owner, Owner, Full system access, 2026-06-17 23:09:16, 2026-06-17 23:09:16)) {"exception":"[object] (Illuminate\\Database\\QueryException(code: HY000): SQLSTATE[HY000]: General error: 1 table roles has no column named display_name (Connection: sqlite, SQL: insert into \"roles\" (\"tenant_id\", \"name\", \"display_name\", \"description\", \"updated_at\", \"created_at\") values (1, owner, Owner, Full system access, 2026-06-17 23:09:16, 2026-06-17 23:09:16)) at /Users/paul/WorkSpace/TestSoloCoder/8dcba39c-18f8-480b-b0ba-16d88d729ae7/vendor/laravel/framework/src/Illuminate/Database/Connection.php:829)
[stacktrace]
#0 /Users/paul/WorkSpace/TestSoloCoder/8dcba39c-18f8-480b-b0ba-16d88d729ae7/vendor/laravel/framework/src/Illuminate/Database/Connection.php(783): Illuminate\\Database\\Connection->runQueryCallback('insert into \"ro...', Array, Object(Closure))
#1 /Users/paul/WorkSpace/TestSoloCoder/8dcba39c-18f8-480b-b0ba-16d88d729ae7/vendor/laravel/framework/src/Illuminate/Database/Connection.php(576): Illuminate\\Database\\Connection->run('insert into \"ro...', Array, Object(Closure))
#2 /Users/paul/WorkSpace/TestSoloCoder/8dcba39c-18f8-480b-b0ba-16d88d729ae7/vendor/laravel/framework/src/Illuminate/Database/Connection.php(540): Illuminate\\Database\\Connection->statement('insert into \"ro...', Array)
#3 /Users/paul/WorkSpace/TestSoloCoder/8dcba39c-18f8-480b-b0ba-16d88d729ae7/vendor/laravel/framework/src/Illuminate/Database/Query/Processors/Processor.php(32): Illuminate\\Database\\Connection->insert('insert into \"ro...', Array)
#4 /Users/paul/WorkSpace/TestSoloCoder/8dcba39c-18f8-480b-b0ba-16d88d729ae7/vendor/laravel/framework/src/Illuminate/Database/Query/Builder.php(3549): Illuminate\\Database\\Query\\Processors\\Processor->processInsertGetId(Object(Illuminate\\Database\\Query\\Builder), 'insert into \"ro...', Array, 'id')
#5 /Users/paul/WorkSpace/TestSoloCoder/8dcba39c-18f8-480b-b0ba-16d88d729ae7/vendor/laravel/framework/src/Illuminate/Database/Eloquent/Builder.php(1982): Illuminate\\Database\\Query\\Builder->insertGetId(Array, 'id')
#6 /Users/paul/WorkSpace/TestSoloCoder/8dcba39c-18f8-480b-b0ba-16d88d729ae7/vendor/laravel/framework/src/Illuminate/Database/Eloquent/Model.php(1334): Illuminate\\Database\\Eloquent\\Builder->__call('insertGetId', Array)
#7 /Users/paul/WorkSpace/TestSoloCoder/8dcba39c-18f8-480b-b0ba-16d88d729ae7/vendor/laravel/framework/src/Illuminate/Database/Eloquent/Model.php(1299): Illuminate\\Database\\Eloquent\\Model->insertAndSetId(Object(Illuminate\\Database\\Eloquent\\Builder), Array)
#8 /Users/paul/WorkSpace/TestSoloCoder/8dcba39c-18f8-480b-b0ba-16d88d729ae7/vendor/laravel/framework/src/Illuminate/Database/Eloquent/Model.php(1138): Illuminate\\Database\\Eloquent\\Model->performInsert(Object(Illuminate\\Database\\Eloquent\\Builder))
#9 /Users/paul/WorkSpace/TestSoloCoder/8dcba39c-18f8-480b-b0ba-16d88d729ae7/vendor/laravel/framework/src/Illuminate/Database/Eloquent/Builder.php(1025): Illuminate\\Database\\Eloquent\\Model->save()
#10 /Users/paul/WorkSpace/TestSoloCoder/8dcba39c-18f8-480b-b0ba-16d88d729ae7/vendor/laravel/framework/src/Illuminate/Support/helpers.php(320): Illuminate\\Database\\Eloquent\\Builder->{closure:Illuminate\\Database\\Eloquent\\Builder::create():1024}(Object(App\\Models\\Role))
#11 /Users/paul/WorkSpace/TestSoloCoder/8dcba39c-18f8-480b-b0ba-16d88d729ae7/vendor/laravel/framework/src/Illuminate/Database/Eloquent/Builder.php(1024): tap(Object(App\\Models\\Role), Object(Closure))
#12 /Users/paul/WorkSpace/TestSoloCoder/8dcba39c-18f8-480b-b0ba-16d88d729ae7/vendor/laravel/framework/src/Illuminate/Support/Traits/ForwardsCalls.php(23): Illuminate\\Database\\Eloquent\\Builder->create(Array)
#13 /Users/paul/WorkSpace/TestSoloCoder/8dcba39c-18f8-480b-b0ba-16d88d729ae7/vendor/laravel/framework/src/Illuminate/Database/Eloquent/Model.php(2335): Illuminate\\Database\\Eloquent\\Model->forwardCallTo(Object(Illuminate\\Database\\Eloquent\\Builder), 'create', Array)
#14 /Users/paul/WorkSpace/TestSoloCoder/8dcba39c-18f8-480b-b0ba-16d88d729ae7/vendor/laravel/framework/src/Illuminate/Database/Eloquent/Model.php(2347): Illuminate\\Database\\Eloquent\\Model->__call('create', Array)
#15 /Users/paul/WorkSpace/TestSoloCoder/8dcba39c-18f8-480b-b0ba-16d88d729ae7/database/seeders/DatabaseSeeder.php(55): Illuminate\\Database\\Eloquent\\Model::__callStatic('create', Array)
#16 /Users/paul/WorkSpace/TestSoloCoder/8dcba39c-18f8-480b-b0ba-16d88d729ae7/database/seeders/DatabaseSeeder.php(18): Database\\Seeders\\DatabaseSeeder->createDemoTenant()
#17 /Users/paul/WorkSpace/TestSoloCoder/8dcba39c-18f8-480b-b0ba-16d88d729ae7/vendor/laravel/framework/src/Illuminate/Container/BoundMethod.php(36): Database\\Seeders\\DatabaseSeeder->run()
#18 /Users/paul/WorkSpace/TestSoloCoder/8dcba39c-18f8-480b-b0ba-16d88d729ae7/vendor/laravel/framework/src/Illuminate/Container/Util.php(41): Illuminate\\Container\\BoundMethod::{closure:Illuminate\\Container\\BoundMethod::call():35}()
#19 /Users/paul/WorkSpace/TestSoloCoder/8dcba39c-18f8-480b-b0ba-16d88d729ae7/vendor/laravel/framework/src/Illuminate/Container/BoundMethod.php(93): Illuminate\\Container\\Util::unwrapIfClosure(Object(Closure))
#20 /Users/paul/WorkSpace/TestSoloCoder/8dcba39c-18f8-480b-b0ba-16d88d729ae7/vendor/laravel/framework/src/Illuminate/Container/BoundMethod.php(35): Illuminate\\Container\\BoundMethod::callBoundMethod(Object(Illuminate\\Foundation\\Application), Array, Object(Closure))
#21 /Users/paul/WorkSpace/TestSoloCoder/8dcba39c-18f8-480b-b0ba-16d88d729ae7/vendor/laravel/framework/src/Illuminate/Container/Container.php(662): Illuminate\\Container\\BoundMethod::call(Object(Illuminate\\Foundation\\Application), Array, Array, NULL)
#22 /Users/paul/WorkSpace/TestSoloCoder/8dcba39c-18f8-480b-b0ba-16d88d729ae7/vendor/laravel/framework/src/Illuminate/Database/Seeder.php(184): Illuminate\\Container\\Container->call(Array, Array)
#23 /Users/paul/WorkSpace/TestSoloCoder/8dcba39c-18f8-480b-b0ba-16d88d729ae7/vendor/laravel/framework/src/Illuminate/Database/Seeder.php(193): Illuminate\\Database\\Seeder->{closure:Illuminate\\Database\\Seeder::__invoke():183}()
#24 /Users/paul/WorkSpace/TestSoloCoder/8dcba39c-18f8-480b-b0ba-16d88d729ae7/vendor/laravel/framework/src/Illuminate/Database/Console/Seeds/SeedCommand.php(70): Illuminate\\Database\\Seeder->__invoke()
#25 /Users/paul/WorkSpace/TestSoloCoder/8dcba39c-18f8-480b-b0ba-16d88d729ae7/vendor/laravel/framework/src/Illuminate/Database/Eloquent/Concerns/GuardsAttributes.php(155): Illuminate\\Database\\Console\\Seeds\\SeedCommand->{closure:Illuminate\\Database\\Console\\Seeds\\SeedCommand::handle():69}()
#26 /Users/paul/WorkSpace/TestSoloCoder/8dcba39c-18f8-480b-b0ba-16d88d729ae7/vendor/laravel/framework/src/Illuminate/Database/Console/Seeds/SeedCommand.php(69): Illuminate\\Database\\Eloquent\\Model::unguarded(Object(Closure))
#27 /Users/paul/WorkSpace/TestSoloCoder/8dcba39c-18f8-480b-b0ba-16d88d729ae7/vendor/laravel/framework/src/Illuminate/Container/BoundMethod.php(36): Illuminate\\Database\\Console\\Seeds\\SeedCommand->handle()
#28 /Users/paul/WorkSpace/TestSoloCoder/8dcba39c-18f8-480b-b0ba-16d88d729ae7/vendor/laravel/framework/src/Illuminate/Container/Util.php(41): Illuminate\\Container\\BoundMethod::{closure:Illuminate\\Container\\BoundMethod::call():35}()
#29 /Users/paul/WorkSpace/TestSoloCoder/8dcba39c-18f8-480b-b0ba-16d88d729ae7/vendor/laravel/framework/src/Illuminate/Container/BoundMethod.php(93): Illuminate\\Container\\Util::unwrapIfClosure(Object(Closure))
#30 /Users/paul/WorkSpace/TestSoloCoder/8dcba39c-18f8-480b-b0ba-16d88d729ae7/vendor/laravel/framework/src/Illuminate/Container/BoundMethod.php(35): Illuminate\\Container\\BoundMethod::callBoundMethod(Object(Illuminate\\Foundation\\Application), Array, Object(Closure))
#31 /Users/paul/WorkSpace/TestSoloCoder/8dcba39c-18f8-480b-b0ba-16d88d729ae7/vendor/laravel/framework/src/Illuminate/Container/Container.php(662): Illuminate\\Container\\BoundMethod::call(Object(Illuminate\\Foundation\\Application), Array, Array, NULL)
#32 /Users/paul/WorkSpace/TestSoloCoder/8dcba39c-18f8-480b-b0ba-16d88d729ae7/vendor/laravel/framework/src/Illuminate/Console/Command.php(211): Illuminate\\Container\\Container->call(Array)
#33 /Users/paul/WorkSpace/TestSoloCoder/8dcba39c-18f8-480b-b0ba-16d88d729ae7/vendor/symfony/console/Command/Command.php(326): Illuminate\\Console\\Command->execute(Object(Symfony\\Component\\Console\\Input\\ArrayInput), Object(Illuminate\\Console\\OutputStyle))
#34 /Users/paul/WorkSpace/TestSoloCoder/8dcba39c-18f8-480b-b0ba-16d88d729ae7/vendor/laravel/framework/src/Illuminate/Console/Command.php(180): Symfony\\Component\\Console\\Command\\Command->run(Object(Symfony\\Component\\Console\\Input\\ArrayInput), Object(Illuminate\\Console\\OutputStyle))
#35 /Users/paul/WorkSpace/TestSoloCoder/8dcba39c-18f8-480b-b0ba-16d88d729ae7/vendor/laravel/framework/src/Illuminate/Console/Concerns/CallsCommands.php(67): Illuminate\\Console\\Command->run(Object(Symfony\\Component\\Console\\Input\\ArrayInput), Object(Illuminate\\Console\\OutputStyle))
#36 /Users/paul/WorkSpace/TestSoloCoder/8dcba39c-18f8-480b-b0ba-16d88d729ae7/vendor/laravel/framework/src/Illuminate/Console/Concerns/CallsCommands.php(28): Illuminate\\Console\\Command->runCommand('db:seed', Array, Object(Illuminate\\Console\\OutputStyle))
#37 /Users/paul/WorkSpace/TestSoloCoder/8dcba39c-18f8-480b-b0ba-16d88d729ae7/vendor/laravel/framework/src/Illuminate/Database/Console/Migrations/FreshCommand.php(93): Illuminate\\Console\\Command->call('db:seed', Array)
#38 /Users/paul/WorkSpace/TestSoloCoder/8dcba39c-18f8-480b-b0ba-16d88d729ae7/vendor/laravel/framework/src/Illuminate/Database/Console/Migrations/FreshCommand.php(69): Illuminate\\Database\\Console\\Migrations\\FreshCommand->runSeeder(NULL)
#39 /Users/paul/WorkSpace/TestSoloCoder/8dcba39c-18f8-480b-b0ba-16d88d729ae7/vendor/laravel/framework/src/Illuminate/Container/BoundMethod.php(36): Illuminate\\Database\\Console\\Migrations\\FreshCommand->handle()
#40 /Users/paul/WorkSpace/TestSoloCoder/8dcba39c-18f8-480b-b0ba-16d88d729ae7/vendor/laravel/framework/src/Illuminate/Container/Util.php(41): Illuminate\\Container\\BoundMethod::{closure:Illuminate\\Container\\BoundMethod::call():35}()
#41 /Users/paul/WorkSpace/TestSoloCoder/8dcba39c-18f8-480b-b0ba-16d88d729ae7/vendor/laravel/framework/src/Illuminate/Container/BoundMethod.php(93): Illuminate\\Container\\Util::unwrapIfClosure(Object(Closure))
#42 /Users/paul/WorkSpace/TestSoloCoder/8dcba39c-18f8-480b-b0ba-16d88d729ae7/vendor/laravel/framework/src/Illuminate/Container/BoundMethod.php(35): Illuminate\\Container\\BoundMethod::callBoundMethod(Object(Illuminate\\Foundation\\Application), Array, Object(Closure))
#43 /Users/paul/WorkSpace/TestSoloCoder/8dcba39c-18f8-480b-b0ba-16d88d729ae7/vendor/laravel/framework/src/Illuminate/Container/Container.php(662): Illuminate\\Container\\BoundMethod::call(Object(Illuminate\\Foundation\\Application), Array, Array, NULL)
#44 /Users/paul/WorkSpace/TestSoloCoder/8dcba39c-18f8-480b-b0ba-16d88d729ae7/vendor/laravel/framework/src/Illuminate/Console/Command.php(211): Illuminate\\Container\\Container->call(Array)
#45 /Users/paul/WorkSpace/TestSoloCoder/8dcba39c-18f8-480b-b0ba-16d88d729ae7/vendor/symfony/console/Command/Command.php(326): Illuminate\\Console\\Command->execute(Object(Symfony\\Component\\Console\\Input\\ArgvInput), Object(Illuminate\\Console\\OutputStyle))
#46 /Users/paul/WorkSpace/TestSoloCoder/8dcba39c-18f8-480b-b0ba-16d88d729ae7/vendor/laravel/framework/src/Illuminate/Console/Command.php(180): Symfony\\Component\\Console\\Command\\Command->run(Object(Symfony\\Component\\Console\\Input\\ArgvInput), Object(Illuminate\\Console\\OutputStyle))
#47 /Users/paul/WorkSpace/TestSoloCoder/8dcba39c-18f8-480b-b0ba-16d88d729ae7/vendor/symfony/console/Application.php(1121): Illuminate\\Console\\Command->run(Object(Symfony\\Component\\Console\\Input\\ArgvInput), Object(Symfony\\Component\\Console\\Output\\ConsoleOutput))
#48 /Users/paul/WorkSpace/TestSoloCoder/8dcba39c-18f8-480b-b0ba-16d88d729ae7/vendor/symfony/console/Application.php(324): Symfony\\Component\\Console\\Application->doRunCommand(Object(Illuminate\\Database\\Console\\Migrations\\FreshCommand), Object(Symfony\\Component\\Console\\Input\\ArgvInput), Object(Symfony\\Component\\Console\\Output\\ConsoleOutput))
#49 /Users/paul/WorkSpace/TestSoloCoder/8dcba39c-18f8-480b-b0ba-16d88d729ae7/vendor/symfony/console/Application.php(175): Symfony\\Component\\Console\\Application->doRun(Object(Symfony\\Component\\Console\\Input\\ArgvInput), Object(Symfony\\Component\\Console\\Output\\ConsoleOutput))
#50 /Users/paul/WorkSpace/TestSoloCoder/8dcba39c-18f8-480b-b0ba-16d88d729ae7/vendor/laravel/framework/src/Illuminate/Foundation/Console/Kernel.php(201): Symfony\\Component\\Console\\Application->run(Object(Symfony\\Component\\Console\\Input\\ArgvInput), Object(Symfony\\Component\\Console\\Output\\ConsoleOutput))
#51 /Users/paul/WorkSpace/TestSoloCoder/8dcba39c-18f8-480b-b0ba-16d88d729ae7/artisan(12): Illuminate\\Foundation\\Console\\Kernel->handle(Object(Symfony\\Component\\Console\\Input\\ArgvInput), Object(Symfony\\Component\\Console\\Output\\ConsoleOutput))
#52 {main}

[previous exception] [object] (PDOException(code: HY000): SQLSTATE[HY000]: General error: 1 table roles has no column named display_name at /Users/paul/WorkSpace/TestSoloCoder/8dcba39c-18f8-480b-b0ba-16d88d729ae7/vendor/laravel/framework/src/Illuminate/Database/Connection.php:581)
[stacktrace]
#0 /Users/paul/WorkSpace/TestSoloCoder/8dcba39c-18f8-480b-b0ba-16d88d729ae7/vendor/laravel/framework/src/Illuminate/Database/Connection.php(581): PDO->prepare('insert into \"ro...')
#1 /Users/paul/WorkSpace/TestSoloCoder/8dcba39c-18f8-480b-b0ba-16d88d729ae7/vendor/laravel/framework/src/Illuminate/Database/Connection.php(816): Illuminate\\Database\\Connection->{closure:Illuminate\\Database\\Connection::statement():576}('insert into \"ro...', Array)
#2 /Users/paul/WorkSpace/TestSoloCoder/8dcba39c-18f8-480b-b0ba-16d88d729ae7/vendor/laravel/framework/src/Illuminate/Database/Connection.php(783): Illuminate\\Database\\Connection->runQueryCallback('insert into \"ro...', Array, Object(Closure))
#3 /Users/paul/WorkSpace/TestSoloCoder/8dcba39c-18f8-480b-b0ba-16d88d729ae7/vendor/laravel/framework/src/Illuminate/Database/Connection.php(576): Illuminate\\Database\\Connection->run('insert into \"ro...', Array, Object(Closure))
#4 /Users/paul/WorkSpace/TestSoloCoder/8dcba39c-18f8-480b-b0ba-16d88d729ae7/vendor/laravel/framework/src/Illuminate/Database/Connection.php(540): Illuminate\\Database\\Connection->statement('insert into \"ro...', Array)
#5 /Users/paul/WorkSpace/TestSoloCoder/8dcba39c-18f8-480b-b0ba-16d88d729ae7/vendor/laravel/framework/src/Illuminate/Database/Query/Processors/Processor.php(32): Illuminate\\Database\\Connection->insert('insert into \"ro...', Array)
#6 /Users/paul/WorkSpace/TestSoloCoder/8dcba39c-18f8-480b-b0ba-16d88d729ae7/vendor/laravel/framework/src/Illuminate/Database/Query/Builder.php(3549): Illuminate\\Database\\Query\\Processors\\Processor->processInsertGetId(Object(Illuminate\\Database\\Query\\Builder), 'insert into \"ro...', Array, 'id')
#7 /Users/paul/WorkSpace/TestSoloCoder/8dcba39c-18f8-480b-b0ba-16d88d729ae7/vendor/laravel/framework/src/Illuminate/Database/Eloquent/Builder.php(1982): Illuminate\\Database\\Query\\Builder->insertGetId(Array, 'id')
#8 /Users/paul/WorkSpace/TestSoloCoder/8dcba39c-18f8-480b-b0ba-16d88d729ae7/vendor/laravel/framework/src/Illuminate/Database/Eloquent/Model.php(1334): Illuminate\\Database\\Eloquent\\Builder->__call('insertGetId', Array)
#9 /Users/paul/WorkSpace/TestSoloCoder/8dcba39c-18f8-480b-b0ba-16d88d729ae7/vendor/laravel/framework/src/Illuminate/Database/Eloquent/Model.php(1299): Illuminate\\Database\\Eloquent\\Model->insertAndSetId(Object(Illuminate\\Database\\Eloquent\\Builder), Array)
#10 /Users/paul/WorkSpace/TestSoloCoder/8dcba39c-18f8-480b-b0ba-16d88d729ae7/vendor/laravel/framework/src/Illuminate/Database/Eloquent/Model.php(1138): Illuminate\\Database\\Eloquent\\Model->performInsert(Object(Illuminate\\Database\\Eloquent\\Builder))
#11 /Users/paul/WorkSpace/TestSoloCoder/8dcba39c-18f8-480b-b0ba-16d88d729ae7/vendor/laravel/framework/src/Illuminate/Database/Eloquent/Builder.php(1025): Illuminate\\Database\\Eloquent\\Model->save()
#12 /Users/paul/WorkSpace/TestSoloCoder/8dcba39c-18f8-480b-b0ba-16d88d729ae7/vendor/laravel/framework/src/Illuminate/Support/helpers.php(320): Illuminate\\Database\\Eloquent\\Builder->{closure:Illuminate\\Database\\Eloquent\\Builder::create():1024}(Object(App\\Models\\Role))
#13 /Users/paul/WorkSpace/TestSoloCoder/8dcba39c-18f8-480b-b0ba-16d88d729ae7/vendor/laravel/framework/src/Illuminate/Database/Eloquent/Builder.php(1024): tap(Object(App\\Models\\Role), Object(Closure))
#14 /Users/paul/WorkSpace/TestSoloCoder/8dcba39c-18f8-480b-b0ba-16d88d729ae7/vendor/laravel/framework/src/Illuminate/Support/Traits/ForwardsCalls.php(23): Illuminate\\Database\\Eloquent\\Builder->create(Array)
#15 /Users/paul/WorkSpace/TestSoloCoder/8dcba39c-18f8-480b-b0ba-16d88d729ae7/vendor/laravel/framework/src/Illuminate/Database/Eloquent/Model.php(2335): Illuminate\\Database\\Eloquent\\Model->forwardCallTo(Object(Illuminate\\Database\\Eloquent\\Builder), 'create', Array)
#16 /Users/paul/WorkSpace/TestSoloCoder/8dcba39c-18f8-480b-b0ba-16d88d729ae7/vendor/laravel/framework/src/Illuminate/Database/Eloquent/Model.php(2347): Illuminate\\Database\\Eloquent\\Model->__call('create', Array)
#17 /Users/paul/WorkSpace/TestSoloCoder/8dcba39c-18f8-480b-b0ba-16d88d729ae7/database/seeders/DatabaseSeeder.php(55): Illuminate\\Database\\Eloquent\\Model::__callStatic('create', Array)
#18 /Users/paul/WorkSpace/TestSoloCoder/8dcba39c-18f8-480b-b0ba-16d88d729ae7/database/seeders/DatabaseSeeder.php(18): Database\\Seeders\\DatabaseSeeder->createDemoTenant()
#19 /Users/paul/WorkSpace/TestSoloCoder/8dcba39c-18f8-480b-b0ba-16d88d729ae7/vendor/laravel/framework/src/Illuminate/Container/BoundMethod.php(36): Database\\Seeders\\DatabaseSeeder->run()
#20 /Users/paul/WorkSpace/TestSoloCoder/8dcba39c-18f8-480b-b0ba-16d88d729ae7/vendor/laravel/framework/src/Illuminate/Container/Util.php(41): Illuminate\\Container\\BoundMethod::{closure:Illuminate\\Container\\BoundMethod::call():35}()
#21 /Users/paul/WorkSpace/TestSoloCoder/8dcba39c-18f8-480b-b0ba-16d88d729ae7/vendor/laravel/framework/src/Illuminate/Container/BoundMethod.php(93): Illuminate\\Container\\Util::unwrapIfClosure(Object(Closure))
#22 /Users/paul/WorkSpace/TestSoloCoder/8dcba39c-18f8-480b-b0ba-16d88d729ae7/vendor/laravel/framework/src/Illuminate/Container/BoundMethod.php(35): Illuminate\\Container\\BoundMethod::callBoundMethod(Object(Illuminate\\Foundation\\Application), Array, Object(Closure))
#23 /Users/paul/WorkSpace/TestSoloCoder/8dcba39c-18f8-480b-b0ba-16d88d729ae7/vendor/laravel/framework/src/Illuminate/Container/Container.php(662): Illuminate\\Container\\BoundMethod::call(Object(Illuminate\\Foundation\\Application), Array, Array, NULL)
#24 /Users/paul/WorkSpace/TestSoloCoder/8dcba39c-18f8-480b-b0ba-16d88d729ae7/vendor/laravel/framework/src/Illuminate/Database/Seeder.php(184): Illuminate\\Container\\Container->call(Array, Array)
#25 /Users/paul/WorkSpace/TestSoloCoder/8dcba39c-18f8-480b-b0ba-16d88d729ae7/vendor/laravel/framework/src/Illuminate/Database/Seeder.php(193): Illuminate\\Database\\Seeder->{closure:Illuminate\\Database\\Seeder::__invoke():183}()
#26 /Users/paul/WorkSpace/TestSoloCoder/8dcba39c-18f8-480b-b0ba-16d88d729ae7/vendor/laravel/framework/src/Illuminate/Database/Console/Seeds/SeedCommand.php(70): Illuminate\\Database\\Seeder->__invoke()
#27 /Users/paul/WorkSpace/TestSoloCoder/8dcba39c-18f8-480b-b0ba-16d88d729ae7/vendor/laravel/framework/src/Illuminate/Database/Eloquent/Concerns/GuardsAttributes.php(155): Illuminate\\Database\\Console\\Seeds\\SeedCommand->{closure:Illuminate\\Database\\Console\\Seeds\\SeedCommand::handle():69}()
#28 /Users/paul/WorkSpace/TestSoloCoder/8dcba39c-18f8-480b-b0ba-16d88d729ae7/vendor/laravel/framework/src/Illuminate/Database/Console/Seeds/SeedCommand.php(69): Illuminate\\Database\\Eloquent\\Model::unguarded(Object(Closure))
#29 /Users/paul/WorkSpace/TestSoloCoder/8dcba39c-18f8-480b-b0ba-16d88d729ae7/vendor/laravel/framework/src/Illuminate/Container/BoundMethod.php(36): Illuminate\\Database\\Console\\Seeds\\SeedCommand->handle()
#30 /Users/paul/WorkSpace/TestSoloCoder/8dcba39c-18f8-480b-b0ba-16d88d729ae7/vendor/laravel/framework/src/Illuminate/Container/Util.php(41): Illuminate\\Container\\BoundMethod::{closure:Illuminate\\Container\\BoundMethod::call():35}()
#31 /Users/paul/WorkSpace/TestSoloCoder/8dcba39c-18f8-480b-b0ba-16d88d729ae7/vendor/laravel/framework/src/Illuminate/Container/BoundMethod.php(93): Illuminate\\Container\\Util::unwrapIfClosure(Object(Closure))
#32 /Users/paul/WorkSpace/TestSoloCoder/8dcba39c-18f8-480b-b0ba-16d88d729ae7/vendor/laravel/framework/src/Illuminate/Container/BoundMethod.php(35): Illuminate\\Container\\BoundMethod::callBoundMethod(Object(Illuminate\\Foundation\\Application), Array, Object(Closure))
#33 /Users/paul/WorkSpace/TestSoloCoder/8dcba39c-18f8-480b-b0ba-16d88d729ae7/vendor/laravel/framework/src/Illuminate/Container/Container.php(662): Illuminate\\Container\\BoundMethod::call(Object(Illuminate\\Foundation\\Application), Array, Array, NULL)
#34 /Users/paul/WorkSpace/TestSoloCoder/8dcba39c-18f8-480b-b0ba-16d88d729ae7/vendor/laravel/framework/src/Illuminate/Console/Command.php(211): Illuminate\\Container\\Container->call(Array)
#35 /Users/paul/WorkSpace/TestSoloCoder/8dcba39c-18f8-480b-b0ba-16d88d729ae7/vendor/symfony/console/Command/Command.php(326): Illuminate\\Console\\Command->execute(Object(Symfony\\Component\\Console\\Input\\ArrayInput), Object(Illuminate\\Console\\OutputStyle))
#36 /Users/paul/WorkSpace/TestSoloCoder/8dcba39c-18f8-480b-b0ba-16d88d729ae7/vendor/laravel/framework/src/Illuminate/Console/Command.php(180): Symfony\\Component\\Console\\Command\\Command->run(Object(Symfony\\Component\\Console\\Input\\ArrayInput), Object(Illuminate\\Console\\OutputStyle))
#37 /Users/paul/WorkSpace/TestSoloCoder/8dcba39c-18f8-480b-b0ba-16d88d729ae7/vendor/laravel/framework/src/Illuminate/Console/Concerns/CallsCommands.php(67): Illuminate\\Console\\Command->run(Object(Symfony\\Component\\Console\\Input\\ArrayInput), Object(Illuminate\\Console\\OutputStyle))
#38 /Users/paul/WorkSpace/TestSoloCoder/8dcba39c-18f8-480b-b0ba-16d88d729ae7/vendor/laravel/framework/src/Illuminate/Console/Concerns/CallsCommands.php(28): Illuminate\\Console\\Command->runCommand('db:seed', Array, Object(Illuminate\\Console\\OutputStyle))
#39 /Users/paul/WorkSpace/TestSoloCoder/8dcba39c-18f8-480b-b0ba-16d88d729ae7/vendor/laravel/framework/src/Illuminate/Database/Console/Migrations/FreshCommand.php(93): Illuminate\\Console\\Command->call('db:seed', Array)
#40 /Users/paul/WorkSpace/TestSoloCoder/8dcba39c-18f8-480b-b0ba-16d88d729ae7/vendor/laravel/framework/src/Illuminate/Database/Console/Migrations/FreshCommand.php(69): Illuminate\\Database\\Console\\Migrations\\FreshCommand->runSeeder(NULL)
#41 /Users/paul/WorkSpace/TestSoloCoder/8dcba39c-18f8-480b-b0ba-16d88d729ae7/vendor/laravel/framework/src/Illuminate/Container/BoundMethod.php(36): Illuminate\\Database\\Console\\Migrations\\FreshCommand->handle()
#42 /Users/paul/WorkSpace/TestSoloCoder/8dcba39c-18f8-480b-b0ba-16d88d729ae7/vendor/laravel/framework/src/Illuminate/Container/Util.php(41): Illuminate\\Container\\BoundMethod::{closure:Illuminate\\Container\\BoundMethod::call():35}()
#43 /Users/paul/WorkSpace/TestSoloCoder/8dcba39c-18f8-480b-b0ba-16d88d729ae7/vendor/laravel/framework/src/Illuminate/Container/BoundMethod.php(93): Illuminate\\Container\\Util::unwrapIfClosure(Object(Closure))
#44 /Users/paul/WorkSpace/TestSoloCoder/8dcba39c-18f8-480b-b0ba-16d88d729ae7/vendor/laravel/framework/src/Illuminate/Container/BoundMethod.php(35): Illuminate\\Container\\BoundMethod::callBoundMethod(Object(Illuminate\\Foundation\\Application), Array, Object(Closure))
#45 /Users/paul/WorkSpace/TestSoloCoder/8dcba39c-18f8-480b-b0ba-16d88d729ae7/vendor/laravel/framework/src/Illuminate/Container/Container.php(662): Illuminate\\Container\\BoundMethod::call(Object(Illuminate\\Foundation\\Application), Array, Array, NULL)
#46 /Users/paul/WorkSpace/TestSoloCoder/8dcba39c-18f8-480b-b0ba-16d88d729ae7/vendor/laravel/framework/src/Illuminate/Console/Command.php(211): Illuminate\\Container\\Container->call(Array)
#47 /Users/paul/WorkSpace/TestSoloCoder/8dcba39c-18f8-480b-b0ba-16d88d729ae7/vendor/symfony/console/Command/Command.php(326): Illuminate\\Console\\Command->execute(Object(Symfony\\Component\\Console\\Input\\ArgvInput), Object(Illuminate\\Console\\OutputStyle))
#48 /Users/paul/WorkSpace/TestSoloCoder/8dcba39c-18f8-480b-b0ba-16d88d729ae7/vendor/laravel/framework/src/Illuminate/Console/Command.php(180): Symfony\\Component\\Console\\Command\\Command->run(Object(Symfony\\Component\\Console\\Input\\ArgvInput), Object(Illuminate\\Console\\OutputStyle))
#49 /Users/paul/WorkSpace/TestSoloCoder/8dcba39c-18f8-480b-b0ba-16d88d729ae7/vendor/symfony/console/Application.php(1121): Illuminate\\Console\\Command->run(Object(Symfony\\Component\\Console\\Input\\ArgvInput), Object(Symfony\\Component\\Console\\Output\\ConsoleOutput))
#50 /Users/paul/WorkSpace/TestSoloCoder/8dcba39c-18f8-480b-b0ba-16d88d729ae7/vendor/symfony/console/Application.php(324): Symfony\\Component\\Console\\Application->doRunCommand(Object(Illuminate\\Database\\Console\\Migrations\\FreshCommand), Object(Symfony\\Component\\Console\\Input\\ArgvInput), Object(Symfony\\Component\\Console\\Output\\ConsoleOutput))
#51 /Users/paul/WorkSpace/TestSoloCoder/8dcba39c-18f8-480b-b0ba-16d88d729ae7/vendor/symfony/console/Application.php(175): Symfony\\Component\\Console\\Application->doRun(Object(Symfony\\Component\\Console\\Input\\ArgvInput), Object(Symfony\\Component\\Console\\Output\\ConsoleOutput))
#52 /Users/paul/WorkSpace/TestSoloCoder/8dcba39c-18f8-480b-b0ba-16d88d729ae7/vendor/laravel/framework/src/Illuminate/Foundation/Console/Kernel.php(201): Symfony\\Component\\Console\\Application->run(Object(Symfony\\Component\\Console\\Input\\ArgvInput), Object(Symfony\\Component\\Console\\Output\\ConsoleOutput))
#53 /Users/paul/WorkSpace/TestSoloCoder/8dcba39c-18f8-480b-b0ba-16d88d729ae7/artisan(12): Illuminate\\Foundation\\Console\\Kernel->handle(Object(Symfony\\Component\\Console\\Input\\ArgvInput), Object(Symfony\\Component\\Console\\Output\\ConsoleOutput))
#54 {main}
"} 
[2026-06-17 23:09:16] local.ERROR: SQLSTATE[HY000]: General error: 1 table roles has no column named display_name (Connection: sqlite, SQL: insert into "roles" ("tenant_id", "name", "display_name", "description", "updated_at", "created_at") values (1, owner, Owner, Full system access, 2026-06-17 23:09:16, 2026-06-17 23:09:16)) {"exception":"[object] (Illuminate\\Database\\QueryException(code: HY000): SQLSTATE[HY000]: General error: 1 table roles has no column named display_name (Connection: sqlite, SQL: insert into \"roles\" (\"tenant_id\", \"name\", \"display_name\", \"description\", \"updated_at\", \"created_at\") values (1, owner, Owner, Full system access, 2026-06-17 23:09:16, 2026-06-17 23:09:16)) at /Users/paul/WorkSpace/TestSoloCoder/8dcba39c-18f8-480b-b0ba-16d88d729ae7/vendor/laravel/framework/src/Illuminate/Database/Connection.php:829)
[stacktrace]
#0 /Users/paul/WorkSpace/TestSoloCoder/8dcba39c-18f8-480b-b0ba-16d88d729ae7/vendor/laravel/framework/src/Illuminate/Database/Connection.php(783): Illuminate\\Database\\Connection->runQueryCallback('insert into \"ro...', Array, Object(Closure))
#1 /Users/paul/WorkSpace/TestSoloCoder/8dcba39c-18f8-480b-b0ba-16d88d729ae7/vendor/laravel/framework/src/Illuminate/Database/Connection.php(576): Illuminate\\Database\\Connection->run('insert into \"ro...', Array, Object(Closure))
#2 /Users/paul/WorkSpace/TestSoloCoder/8dcba39c-18f8-480b-b0ba-16d88d729ae7/vendor/laravel/framework/src/Illuminate/Database/Connection.php(540): Illuminate\\Database\\Connection->statement('insert into \"ro...', Array)
#3 /Users/paul/WorkSpace/TestSoloCoder/8dcba39c-18f8-480b-b0ba-16d88d729ae7/vendor/laravel/framework/src/Illuminate/Database/Query/Processors/Processor.php(32): Illuminate\\Database\\Connection->insert('insert into \"ro...', Array)
#4 /Users/paul/WorkSpace/TestSoloCoder/8dcba39c-18f8-480b-b0ba-16d88d729ae7/vendor/laravel/framework/src/Illuminate/Database/Query/Builder.php(3549): Illuminate\\Database\\Query\\Processors\\Processor->processInsertGetId(Object(Illuminate\\Database\\Query\\Builder), 'insert into \"ro...', Array, 'id')
#5 /Users/paul/WorkSpace/TestSoloCoder/8dcba39c-18f8-480b-b0ba-16d88d729ae7/vendor/laravel/framework/src/Illuminate/Database/Eloquent/Builder.php(1982): Illuminate\\Database\\Query\\Builder->insertGetId(Array, 'id')
#6 /Users/paul/WorkSpace/TestSoloCoder/8dcba39c-18f8-480b-b0ba-16d88d729ae7/vendor/laravel/framework/src/Illuminate/Database/Eloquent/Model.php(1334): Illuminate\\Database\\Eloquent\\Builder->__call('insertGetId', Array)
#7 /Users/paul/WorkSpace/TestSoloCoder/8dcba39c-18f8-480b-b0ba-16d88d729ae7/vendor/laravel/framework/src/Illuminate/Database/Eloquent/Model.php(1299): Illuminate\\Database\\Eloquent\\Model->insertAndSetId(Object(Illuminate\\Database\\Eloquent\\Builder), Array)
#8 /Users/paul/WorkSpace/TestSoloCoder/8dcba39c-18f8-480b-b0ba-16d88d729ae7/vendor/laravel/framework/src/Illuminate/Database/Eloquent/Model.php(1138): Illuminate\\Database\\Eloquent\\Model->performInsert(Object(Illuminate\\Database\\Eloquent\\Builder))
#9 /Users/paul/WorkSpace/TestSoloCoder/8dcba39c-18f8-480b-b0ba-16d88d729ae7/vendor/laravel/framework/src/Illuminate/Database/Eloquent/Builder.php(1025): Illuminate\\Database\\Eloquent\\Model->save()
#10 /Users/paul/WorkSpace/TestSoloCoder/8dcba39c-18f8-480b-b0ba-16d88d729ae7/vendor/laravel/framework/src/Illuminate/Support/helpers.php(320): Illuminate\\Database\\Eloquent\\Builder->{closure:Illuminate\\Database\\Eloquent\\Builder::create():1024}(Object(App\\Models\\Role))
#11 /Users/paul/WorkSpace/TestSoloCoder/8dcba39c-18f8-480b-b0ba-16d88d729ae7/vendor/laravel/framework/src/Illuminate/Database/Eloquent/Builder.php(1024): tap(Object(App\\Models\\Role), Object(Closure))
#12 /Users/paul/WorkSpace/TestSoloCoder/8dcba39c-18f8-480b-b0ba-16d88d729ae7/vendor/laravel/framework/src/Illuminate/Support/Traits/ForwardsCalls.php(23): Illuminate\\Database\\Eloquent\\Builder->create(Array)
#13 /Users/paul/WorkSpace/TestSoloCoder/8dcba39c-18f8-480b-b0ba-16d88d729ae7/vendor/laravel/framework/src/Illuminate/Database/Eloquent/Model.php(2335): Illuminate\\Database\\Eloquent\\Model->forwardCallTo(Object(Illuminate\\Database\\Eloquent\\Builder), 'create', Array)
#14 /Users/paul/WorkSpace/TestSoloCoder/8dcba39c-18f8-480b-b0ba-16d88d729ae7/vendor/laravel/framework/src/Illuminate/Database/Eloquent/Model.php(2347): Illuminate\\Database\\Eloquent\\Model->__call('create', Array)
#15 /Users/paul/WorkSpace/TestSoloCoder/8dcba39c-18f8-480b-b0ba-16d88d729ae7/database/seeders/DatabaseSeeder.php(55): Illuminate\\Database\\Eloquent\\Model::__callStatic('create', Array)
#16 /Users/paul/WorkSpace/TestSoloCoder/8dcba39c-18f8-480b-b0ba-16d88d729ae7/database/seeders/DatabaseSeeder.php(18): Database\\Seeders\\DatabaseSeeder->createDemoTenant()
#17 /Users/paul/WorkSpace/TestSoloCoder/8dcba39c-18f8-480b-b0ba-16d88d729ae7/vendor/laravel/framework/src/Illuminate/Container/BoundMethod.php(36): Database\\Seeders\\DatabaseSeeder->run()
#18 /Users/paul/WorkSpace/TestSoloCoder/8dcba39c-18f8-480b-b0ba-16d88d729ae7/vendor/laravel/framework/src/Illuminate/Container/Util.php(41): Illuminate\\Container\\BoundMethod::{closure:Illuminate\\Container\\BoundMethod::call():35}()
#19 /Users/paul/WorkSpace/TestSoloCoder/8dcba39c-18f8-480b-b0ba-16d88d729ae7/vendor/laravel/framework/src/Illuminate/Container/BoundMethod.php(93): Illuminate\\Container\\Util::unwrapIfClosure(Object(Closure))
#20 /Users/paul/WorkSpace/TestSoloCoder/8dcba39c-18f8-480b-b0ba-16d88d729ae7/vendor/laravel/framework/src/Illuminate/Container/BoundMethod.php(35): Illuminate\\Container\\BoundMethod::callBoundMethod(Object(Illuminate\\Foundation\\Application), Array, Object(Closure))
#21 /Users/paul/WorkSpace/TestSoloCoder/8dcba39c-18f8-480b-b0ba-16d88d729ae7/vendor/laravel/framework/src/Illuminate/Container/Container.php(662): Illuminate\\Container\\BoundMethod::call(Object(Illuminate\\Foundation\\Application), Array, Array, NULL)
#22 /Users/paul/WorkSpace/TestSoloCoder/8dcba39c-18f8-480b-b0ba-16d88d729ae7/vendor/laravel/framework/src/Illuminate/Database/Seeder.php(184): Illuminate\\Container\\Container->call(Array, Array)
#23 /Users/paul/WorkSpace/TestSoloCoder/8dcba39c-18f8-480b-b0ba-16d88d729ae7/vendor/laravel/framework/src/Illuminate/Database/Seeder.php(193): Illuminate\\Database\\Seeder->{closure:Illuminate\\Database\\Seeder::__invoke():183}()
#24 /Users/paul/WorkSpace/TestSoloCoder/8dcba39c-18f8-480b-b0ba-16d88d729ae7/vendor/laravel/framework/src/Illuminate/Database/Console/Seeds/SeedCommand.php(70): Illuminate\\Database\\Seeder->__invoke()
#25 /Users/paul/WorkSpace/TestSoloCoder/8dcba39c-18f8-480b-b0ba-16d88d729ae7/vendor/laravel/framework/src/Illuminate/Database/Eloquent/Concerns/GuardsAttributes.php(155): Illuminate\\Database\\Console\\Seeds\\SeedCommand->{closure:Illuminate\\Database\\Console\\Seeds\\SeedCommand::handle():69}()
#26 /Users/paul/WorkSpace/TestSoloCoder/8dcba39c-18f8-480b-b0ba-16d88d729ae7/vendor/laravel/framework/src/Illuminate/Database/Console/Seeds/SeedCommand.php(69): Illuminate\\Database\\Eloquent\\Model::unguarded(Object(Closure))
#27 /Users/paul/WorkSpace/TestSoloCoder/8dcba39c-18f8-480b-b0ba-16d88d729ae7/vendor/laravel/framework/src/Illuminate/Container/BoundMethod.php(36): Illuminate\\Database\\Console\\Seeds\\SeedCommand->handle()
#28 /Users/paul/WorkSpace/TestSoloCoder/8dcba39c-18f8-480b-b0ba-16d88d729ae7/vendor/laravel/framework/src/Illuminate/Container/Util.php(41): Illuminate\\Container\\BoundMethod::{closure:Illuminate\\Container\\BoundMethod::call():35}()
#29 /Users/paul/WorkSpace/TestSoloCoder/8dcba39c-18f8-480b-b0ba-16d88d729ae7/vendor/laravel/framework/src/Illuminate/Container/BoundMethod.php(93): Illuminate\\Container\\Util::unwrapIfClosure(Object(Closure))
#30 /Users/paul/WorkSpace/TestSoloCoder/8dcba39c-18f8-480b-b0ba-16d88d729ae7/vendor/laravel/framework/src/Illuminate/Container/BoundMethod.php(35): Illuminate\\Container\\BoundMethod::callBoundMethod(Object(Illuminate\\Foundation\\Application), Array, Object(Closure))
#31 /Users/paul/WorkSpace/TestSoloCoder/8dcba39c-18f8-480b-b0ba-16d88d729ae7/vendor/laravel/framework/src/Illuminate/Container/Container.php(662): Illuminate\\Container\\BoundMethod::call(Object(Illuminate\\Foundation\\Application), Array, Array, NULL)
#32 /Users/paul/WorkSpace/TestSoloCoder/8dcba39c-18f8-480b-b0ba-16d88d729ae7/vendor/laravel/framework/src/Illuminate/Console/Command.php(211): Illuminate\\Container\\Container->call(Array)
#33 /Users/paul/WorkSpace/TestSoloCoder/8dcba39c-18f8-480b-b0ba-16d88d729ae7/vendor/symfony/console/Command/Command.php(326): Illuminate\\Console\\Command->execute(Object(Symfony\\Component\\Console\\Input\\ArrayInput), Object(Illuminate\\Console\\OutputStyle))
#34 /Users/paul/WorkSpace/TestSoloCoder/8dcba39c-18f8-480b-b0ba-16d88d729ae7/vendor/laravel/framework/src/Illuminate/Console/Command.php(180): Symfony\\Component\\Console\\Command\\Command->run(Object(Symfony\\Component\\Console\\Input\\ArrayInput), Object(Illuminate\\Console\\OutputStyle))
#35 /Users/paul/WorkSpace/TestSoloCoder/8dcba39c-18f8-480b-b0ba-16d88d729ae7/vendor/laravel/framework/src/Illuminate/Console/Concerns/CallsCommands.php(67): Illuminate\\Console\\Command->run(Object(Symfony\\Component\\Console\\Input\\ArrayInput), Object(Illuminate\\Console\\OutputStyle))
#36 /Users/paul/WorkSpace/TestSoloCoder/8dcba39c-18f8-480b-b0ba-16d88d729ae7/vendor/laravel/framework/src/Illuminate/Console/Concerns/CallsCommands.php(28): Illuminate\\Console\\Command->runCommand('db:seed', Array, Object(Illuminate\\Console\\OutputStyle))
#37 /Users/paul/WorkSpace/TestSoloCoder/8dcba39c-18f8-480b-b0ba-16d88d729ae7/vendor/laravel/framework/src/Illuminate/Database/Console/Migrations/FreshCommand.php(93): Illuminate\\Console\\Command->call('db:seed', Array)
#38 /Users/paul/WorkSpace/TestSoloCoder/8dcba39c-18f8-480b-b0ba-16d88d729ae7/vendor/laravel/framework/src/Illuminate/Database/Console/Migrations/FreshCommand.php(69): Illuminate\\Database\\Console\\Migrations\\FreshCommand->runSeeder(NULL)
#39 /Users/paul/WorkSpace/TestSoloCoder/8dcba39c-18f8-480b-b0ba-16d88d729ae7/vendor/laravel/framework/src/Illuminate/Container/BoundMethod.php(36): Illuminate\\Database\\Console\\Migrations\\FreshCommand->handle()
#40 /Users/paul/WorkSpace/TestSoloCoder/8dcba39c-18f8-480b-b0ba-16d88d729ae7/vendor/laravel/framework/src/Illuminate/Container/Util.php(41): Illuminate\\Container\\BoundMethod::{closure:Illuminate\\Container\\BoundMethod::call():35}()
#41 /Users/paul/WorkSpace/TestSoloCoder/8dcba39c-18f8-480b-b0ba-16d88d729ae7/vendor/laravel/framework/src/Illuminate/Container/BoundMethod.php(93): Illuminate\\Container\\Util::unwrapIfClosure(Object(Closure))
#42 /Users/paul/WorkSpace/TestSoloCoder/8dcba39c-18f8-480b-b0ba-16d88d729ae7/vendor/laravel/framework/src/Illuminate/Container/BoundMethod.php(35): Illuminate\\Container\\BoundMethod::callBoundMethod(Object(Illuminate\\Foundation\\Application), Array, Object(Closure))
#43 /Users/paul/WorkSpace/TestSoloCoder/8dcba39c-18f8-480b-b0ba-16d88d729ae7/vendor/laravel/framework/src/Illuminate/Container/Container.php(662): Illuminate\\Container\\BoundMethod::call(Object(Illuminate\\Foundation\\Application), Array, Array, NULL)
#44 /Users/paul/WorkSpace/TestSoloCoder/8dcba39c-18f8-480b-b0ba-16d88d729ae7/vendor/laravel/framework/src/Illuminate/Console/Command.php(211): Illuminate\\Container\\Container->call(Array)
#45 /Users/paul/WorkSpace/TestSoloCoder/8dcba39c-18f8-480b-b0ba-16d88d729ae7/vendor/symfony/console/Command/Command.php(326): Illuminate\\Console\\Command->execute(Object(Symfony\\Component\\Console\\Input\\ArgvInput), Object(Illuminate\\Console\\OutputStyle))
#46 /Users/paul/WorkSpace/TestSoloCoder/8dcba39c-18f8-480b-b0ba-16d88d729ae7/vendor/laravel/framework/src/Illuminate/Console/Command.php(180): Symfony\\Component\\Console\\Command\\Command->run(Object(Symfony\\Component\\Console\\Input\\ArgvInput), Object(Illuminate\\Console\\OutputStyle))
#47 /Users/paul/WorkSpace/TestSoloCoder/8dcba39c-18f8-480b-b0ba-16d88d729ae7/vendor/symfony/console/Application.php(1121): Illuminate\\Console\\Command->run(Object(Symfony\\Component\\Console\\Input\\ArgvInput), Object(Symfony\\Component\\Console\\Output\\ConsoleOutput))
#48 /Users/paul/WorkSpace/TestSoloCoder/8dcba39c-18f8-480b-b0ba-16d88d729ae7/vendor/symfony/console/Application.php(324): Symfony\\Component\\Console\\Application->doRunCommand(Object(Illuminate\\Database\\Console\\Migrations\\FreshCommand), Object(Symfony\\Component\\Console\\Input\\ArgvInput), Object(Symfony\\Component\\Console\\Output\\ConsoleOutput))
#49 /Users/paul/WorkSpace/TestSoloCoder/8dcba39c-18f8-480b-b0ba-16d88d729ae7/vendor/symfony/console/Application.php(175): Symfony\\Component\\Console\\Application->doRun(Object(Symfony\\Component\\Console\\Input\\ArgvInput), Object(Symfony\\Component\\Console\\Output\\ConsoleOutput))
#50 /Users/paul/WorkSpace/TestSoloCoder/8dcba39c-18f8-480b-b0ba-16d88d729ae7/vendor/laravel/framework/src/Illuminate/Foundation/Console/Kernel.php(201): Symfony\\Component\\Console\\Application->run(Object(Symfony\\Component\\Console\\Input\\ArgvInput), Object(Symfony\\Component\\Console\\Output\\ConsoleOutput))
#51 /Users/paul/WorkSpace/TestSoloCoder/8dcba39c-18f8-480b-b0ba-16d88d729ae7/artisan(12): Illuminate\\Foundation\\Console\\Kernel->handle(Object(Symfony\\Component\\Console\\Input\\ArgvInput), Object(Symfony\\Component\\Console\\Output\\ConsoleOutput))
#52 {main}

[previous exception] [object] (PDOException(code: HY000): SQLSTATE[HY000]: General error: 1 table roles has no column named display_name at /Users/paul/WorkSpace/TestSoloCoder/8dcba39c-18f8-480b-b0ba-16d88d729ae7/vendor/laravel/framework/src/Illuminate/Database/Connection.php:581)
[stacktrace]
#0 /Users/paul/WorkSpace/TestSoloCoder/8dcba39c-18f8-480b-b0ba-16d88d729ae7/vendor/laravel/framework/src/Illuminate/Database/Connection.php(581): PDO->prepare('insert into \"ro...')
#1 /Users/paul/WorkSpace/TestSoloCoder/8dcba39c-18f8-480b-b0ba-16d88d729ae7/vendor/laravel/framework/src/Illuminate/Database/Connection.php(816): Illuminate\\Database\\Connection->{closure:Illuminate\\Database\\Connection::statement():576}('insert into \"ro...', Array)
#2 /Users/paul/WorkSpace/TestSoloCoder/8dcba39c-18f8-480b-b0ba-16d88d729ae7/vendor/laravel/framework/src/Illuminate/Database/Connection.php(783): Illuminate\\Database\\Connection->runQueryCallback('insert into \"ro...', Array, Object(Closure))
#3 /Users/paul/WorkSpace/TestSoloCoder/8dcba39c-18f8-480b-b0ba-16d88d729ae7/vendor/laravel/framework/src/Illuminate/Database/Connection.php(576): Illuminate\\Database\\Connection->run('insert into \"ro...', Array, Object(Closure))
#4 /Users/paul/WorkSpace/TestSoloCoder/8dcba39c-18f8-480b-b0ba-16d88d729ae7/vendor/laravel/framework/src/Illuminate/Database/Connection.php(540): Illuminate\\Database\\Connection->statement('insert into \"ro...', Array)
#5 /Users/paul/WorkSpace/TestSoloCoder/8dcba39c-18f8-480b-b0ba-16d88d729ae7/vendor/laravel/framework/src/Illuminate/Database/Query/Processors/Processor.php(32): Illuminate\\Database\\Connection->insert('insert into \"ro...', Array)
#6 /Users/paul/WorkSpace/TestSoloCoder/8dcba39c-18f8-480b-b0ba-16d88d729ae7/vendor/laravel/framework/src/Illuminate/Database/Query/Builder.php(3549): Illuminate\\Database\\Query\\Processors\\Processor->processInsertGetId(Object(Illuminate\\Database\\Query\\Builder), 'insert into \"ro...', Array, 'id')
#7 /Users/paul/WorkSpace/TestSoloCoder/8dcba39c-18f8-480b-b0ba-16d88d729ae7/vendor/laravel/framework/src/Illuminate/Database/Eloquent/Builder.php(1982): Illuminate\\Database\\Query\\Builder->insertGetId(Array, 'id')
#8 /Users/paul/WorkSpace/TestSoloCoder/8dcba39c-18f8-480b-b0ba-16d88d729ae7/vendor/laravel/framework/src/Illuminate/Database/Eloquent/Model.php(1334): Illuminate\\Database\\Eloquent\\Builder->__call('insertGetId', Array)
#9 /Users/paul/WorkSpace/TestSoloCoder/8dcba39c-18f8-480b-b0ba-16d88d729ae7/vendor/laravel/framework/src/Illuminate/Database/Eloquent/Model.php(1299): Illuminate\\Database\\Eloquent\\Model->insertAndSetId(Object(Illuminate\\Database\\Eloquent\\Builder), Array)
#10 /Users/paul/WorkSpace/TestSoloCoder/8dcba39c-18f8-480b-b0ba-16d88d729ae7/vendor/laravel/framework/src/Illuminate/Database/Eloquent/Model.php(1138): Illuminate\\Database\\Eloquent\\Model->performInsert(Object(Illuminate\\Database\\Eloquent\\Builder))
#11 /Users/paul/WorkSpace/TestSoloCoder/8dcba39c-18f8-480b-b0ba-16d88d729ae7/vendor/laravel/framework/src/Illuminate/Database/Eloquent/Builder.php(1025): Illuminate\\Database\\Eloquent\\Model->save()
#12 /Users/paul/WorkSpace/TestSoloCoder/8dcba39c-18f8-480b-b0ba-16d88d729ae7/vendor/laravel/framework/src/Illuminate/Support/helpers.php(320): Illuminate\\Database\\Eloquent\\Builder->{closure:Illuminate\\Database\\Eloquent\\Builder::create():1024}(Object(App\\Models\\Role))
#13 /Users/paul/WorkSpace/TestSoloCoder/8dcba39c-18f8-480b-b0ba-16d88d729ae7/vendor/laravel/framework/src/Illuminate/Database/Eloquent/Builder.php(1024): tap(Object(App\\Models\\Role), Object(Closure))
#14 /Users/paul/WorkSpace/TestSoloCoder/8dcba39c-18f8-480b-b0ba-16d88d729ae7/vendor/laravel/framework/src/Illuminate/Support/Traits/ForwardsCalls.php(23): Illuminate\\Database\\Eloquent\\Builder->create(Array)
#15 /Users/paul/WorkSpace/TestSoloCoder/8dcba39c-18f8-480b-b0ba-16d88d729ae7/vendor/laravel/framework/src/Illuminate/Database/Eloquent/Model.php(2335): Illuminate\\Database\\Eloquent\\Model->forwardCallTo(Object(Illuminate\\Database\\Eloquent\\Builder), 'create', Array)
#16 /Users/paul/WorkSpace/TestSoloCoder/8dcba39c-18f8-480b-b0ba-16d88d729ae7/vendor/laravel/framework/src/Illuminate/Database/Eloquent/Model.php(2347): Illuminate\\Database\\Eloquent\\Model->__call('create', Array)
#17 /Users/paul/WorkSpace/TestSoloCoder/8dcba39c-18f8-480b-b0ba-16d88d729ae7/database/seeders/DatabaseSeeder.php(55): Illuminate\\Database\\Eloquent\\Model::__callStatic('create', Array)
#18 /Users/paul/WorkSpace/TestSoloCoder/8dcba39c-18f8-480b-b0ba-16d88d729ae7/database/seeders/DatabaseSeeder.php(18): Database\\Seeders\\DatabaseSeeder->createDemoTenant()
#19 /Users/paul/WorkSpace/TestSoloCoder/8dcba39c-18f8-480b-b0ba-16d88d729ae7/vendor/laravel/framework/src/Illuminate/Container/BoundMethod.php(36): Database\\Seeders\\DatabaseSeeder->run()
#20 /Users/paul/WorkSpace/TestSoloCoder/8dcba39c-18f8-480b-b0ba-16d88d729ae7/vendor/laravel/framework/src/Illuminate/Container/Util.php(41): Illuminate\\Container\\BoundMethod::{closure:Illuminate\\Container\\BoundMethod::call():35}()
#21 /Users/paul/WorkSpace/TestSoloCoder/8dcba39c-18f8-480b-b0ba-16d88d729ae7/vendor/laravel/framework/src/Illuminate/Container/BoundMethod.php(93): Illuminate\\Container\\Util::unwrapIfClosure(Object(Closure))
#22 /Users/paul/WorkSpace/TestSoloCoder/8dcba39c-18f8-480b-b0ba-16d88d729ae7/vendor/laravel/framework/src/Illuminate/Container/BoundMethod.php(35): Illuminate\\Container\\BoundMethod::callBoundMethod(Object(Illuminate\\Foundation\\Application), Array, Object(Closure))
#23 /Users/paul/WorkSpace/TestSoloCoder/8dcba39c-18f8-480b-b0ba-16d88d729ae7/vendor/laravel/framework/src/Illuminate/Container/Container.php(662): Illuminate\\Container\\BoundMethod::call(Object(Illuminate\\Foundation\\Application), Array, Array, NULL)
#24 /Users/paul/WorkSpace/TestSoloCoder/8dcba39c-18f8-480b-b0ba-16d88d729ae7/vendor/laravel/framework/src/Illuminate/Database/Seeder.php(184): Illuminate\\Container\\Container->call(Array, Array)
#25 /Users/paul/WorkSpace/TestSoloCoder/8dcba39c-18f8-480b-b0ba-16d88d729ae7/vendor/laravel/framework/src/Illuminate/Database/Seeder.php(193): Illuminate\\Database\\Seeder->{closure:Illuminate\\Database\\Seeder::__invoke():183}()
#26 /Users/paul/WorkSpace/TestSoloCoder/8dcba39c-18f8-480b-b0ba-16d88d729ae7/vendor/laravel/framework/src/Illuminate/Database/Console/Seeds/SeedCommand.php(70): Illuminate\\Database\\Seeder->__invoke()
#27 /Users/paul/WorkSpace/TestSoloCoder/8dcba39c-18f8-480b-b0ba-16d88d729ae7/vendor/laravel/framework/src/Illuminate/Database/Eloquent/Concerns/GuardsAttributes.php(155): Illuminate\\Database\\Console\\Seeds\\SeedCommand->{closure:Illuminate\\Database\\Console\\Seeds\\SeedCommand::handle():69}()
#28 /Users/paul/WorkSpace/TestSoloCoder/8dcba39c-18f8-480b-b0ba-16d88d729ae7/vendor/laravel/framework/src/Illuminate/Database/Console/Seeds/SeedCommand.php(69): Illuminate\\Database\\Eloquent\\Model::unguarded(Object(Closure))
#29 /Users/paul/WorkSpace/TestSoloCoder/8dcba39c-18f8-480b-b0ba-16d88d729ae7/vendor/laravel/framework/src/Illuminate/Container/BoundMethod.php(36): Illuminate\\Database\\Console\\Seeds\\SeedCommand->handle()
#30 /Users/paul/WorkSpace/TestSoloCoder/8dcba39c-18f8-480b-b0ba-16d88d729ae7/vendor/laravel/framework/src/Illuminate/Container/Util.php(41): Illuminate\\Container\\BoundMethod::{closure:Illuminate\\Container\\BoundMethod::call():35}()
#31 /Users/paul/WorkSpace/TestSoloCoder/8dcba39c-18f8-480b-b0ba-16d88d729ae7/vendor/laravel/framework/src/Illuminate/Container/BoundMethod.php(93): Illuminate\\Container\\Util::unwrapIfClosure(Object(Closure))
#32 /Users/paul/WorkSpace/TestSoloCoder/8dcba39c-18f8-480b-b0ba-16d88d729ae7/vendor/laravel/framework/src/Illuminate/Container/BoundMethod.php(35): Illuminate\\Container\\BoundMethod::callBoundMethod(Object(Illuminate\\Foundation\\Application), Array, Object(Closure))
#33 /Users/paul/WorkSpace/TestSoloCoder/8dcba39c-18f8-480b-b0ba-16d88d729ae7/vendor/laravel/framework/src/Illuminate/Container/Container.php(662): Illuminate\\Container\\BoundMethod::call(Object(Illuminate\\Foundation\\Application), Array, Array, NULL)
#34 /Users/paul/WorkSpace/TestSoloCoder/8dcba39c-18f8-480b-b0ba-16d88d729ae7/vendor/laravel/framework/src/Illuminate/Console/Command.php(211): Illuminate\\Container\\Container->call(Array)
#35 /Users/paul/WorkSpace/TestSoloCoder/8dcba39c-18f8-480b-b0ba-16d88d729ae7/vendor/symfony/console/Command/Command.php(326): Illuminate\\Console\\Command->execute(Object(Symfony\\Component\\Console\\Input\\ArrayInput), Object(Illuminate\\Console\\OutputStyle))
#36 /Users/paul/WorkSpace/TestSoloCoder/8dcba39c-18f8-480b-b0ba-16d88d729ae7/vendor/laravel/framework/src/Illuminate/Console/Command.php(180): Symfony\\Component\\Console\\Command\\Command->run(Object(Symfony\\Component\\Console\\Input\\ArrayInput), Object(Illuminate\\Console\\OutputStyle))
#37 /Users/paul/WorkSpace/TestSoloCoder/8dcba39c-18f8-480b-b0ba-16d88d729ae7/vendor/laravel/framework/src/Illuminate/Console/Concerns/CallsCommands.php(67): Illuminate\\Console\\Command->run(Object(Symfony\\Component\\Console\\Input\\ArrayInput), Object(Illuminate\\Console\\OutputStyle))
#38 /Users/paul/WorkSpace/TestSoloCoder/8dcba39c-18f8-480b-b0ba-16d88d729ae7/vendor/laravel/framework/src/Illuminate/Console/Concerns/CallsCommands.php(28): Illuminate\\Console\\Command->runCommand('db:seed', Array, Object(Illuminate\\Console\\OutputStyle))
#39 /Users/paul/WorkSpace/TestSoloCoder/8dcba39c-18f8-480b-b0ba-16d88d729ae7/vendor/laravel/framework/src/Illuminate/Database/Console/Migrations/FreshCommand.php(93): Illuminate\\Console\\Command->call('db:seed', Array)
#40 /Users/paul/WorkSpace/TestSoloCoder/8dcba39c-18f8-480b-b0ba-16d88d729ae7/vendor/laravel/framework/src/Illuminate/Database/Console/Migrations/FreshCommand.php(69): Illuminate\\Database\\Console\\Migrations\\FreshCommand->runSeeder(NULL)
#41 /Users/paul/WorkSpace/TestSoloCoder/8dcba39c-18f8-480b-b0ba-16d88d729ae7/vendor/laravel/framework/src/Illuminate/Container/BoundMethod.php(36): Illuminate\\Database\\Console\\Migrations\\FreshCommand->handle()
#42 /Users/paul/WorkSpace/TestSoloCoder/8dcba39c-18f8-480b-b0ba-16d88d729ae7/vendor/laravel/framework/src/Illuminate/Container/Util.php(41): Illuminate\\Container\\BoundMethod::{closure:Illuminate\\Container\\BoundMethod::call():35}()
#43 /Users/paul/WorkSpace/TestSoloCoder/8dcba39c-18f8-480b-b0ba-16d88d729ae7/vendor/laravel/framework/src/Illuminate/Container/BoundMethod.php(93): Illuminate\\Container\\Util::unwrapIfClosure(Object(Closure))
#44 /Users/paul/WorkSpace/TestSoloCoder/8dcba39c-18f8-480b-b0ba-16d88d729ae7/vendor/laravel/framework/src/Illuminate/Container/BoundMethod.php(35): Illuminate\\Container\\BoundMethod::callBoundMethod(Object(Illuminate\\Foundation\\Application), Array, Object(Closure))
#45 /Users/paul/WorkSpace/TestSoloCoder/8dcba39c-18f8-480b-b0ba-16d88d729ae7/vendor/laravel/framework/src/Illuminate/Container/Container.php(662): Illuminate\\Container\\BoundMethod::call(Object(Illuminate\\Foundation\\Application), Array, Array, NULL)
#46 /Users/paul/WorkSpace/TestSoloCoder/8dcba39c-18f8-480b-b0ba-16d88d729ae7/vendor/laravel/framework/src/Illuminate/Console/Command.php(211): Illuminate\\Container\\Container->call(Array)
#47 /Users/paul/WorkSpace/TestSoloCoder/8dcba39c-18f8-480b-b0ba-16d88d729ae7/vendor/symfony/console/Command/Command.php(326): Illuminate\\Console\\Command->execute(Object(Symfony\\Component\\Console\\Input\\ArgvInput), Object(Illuminate\\Console\\OutputStyle))
#48 /Users/paul/WorkSpace/TestSoloCoder/8dcba39c-18f8-480b-b0ba-16d88d729ae7/vendor/laravel/framework/src/Illuminate/Console/Command.php(180): Symfony\\Component\\Console\\Command\\Command->run(Object(Symfony\\Component\\Console\\Input\\ArgvInput), Object(Illuminate\\Console\\OutputStyle))
#49 /Users/paul/WorkSpace/TestSoloCoder/8dcba39c-18f8-480b-b0ba-16d88d729ae7/vendor/symfony/console/Application.php(1121): Illuminate\\Console\\Command->run(Object(Symfony\\Component\\Console\\Input\\ArgvInput), Object(Symfony\\Component\\Console\\Output\\ConsoleOutput))
#50 /Users/paul/WorkSpace/TestSoloCoder/8dcba39c-18f8-480b-b0ba-16d88d729ae7/vendor/symfony/console/Application.php(324): Symfony\\Component\\Console\\Application->doRunCommand(Object(Illuminate\\Database\\Console\\Migrations\\FreshCommand), Object(Symfony\\Component\\Console\\Input\\ArgvInput), Object(Symfony\\Component\\Console\\Output\\ConsoleOutput))
#51 /Users/paul/WorkSpace/TestSoloCoder/8dcba39c-18f8-480b-b0ba-16d88d729ae7/vendor/symfony/console/Application.php(175): Symfony\\Component\\Console\\Application->doRun(Object(Symfony\\Component\\Console\\Input\\ArgvInput), Object(Symfony\\Component\\Console\\Output\\ConsoleOutput))
#52 /Users/paul/WorkSpace/TestSoloCoder/8dcba39c-18f8-480b-b0ba-16d88d729ae7/vendor/laravel/framework/src/Illuminate/Foundation/Console/Kernel.php(201): Symfony\\Component\\Console\\Application->run(Object(Symfony\\Component\\Console\\Input\\ArgvInput), Object(Symfony\\Component\\Console\\Output\\ConsoleOutput))
#53 /Users/paul/WorkSpace/TestSoloCoder/8dcba39c-18f8-480b-b0ba-16d88d729ae7/artisan(12): Illuminate\\Foundation\\Console\\Kernel->handle(Object(Symfony\\Component\\Console\\Input\\ArgvInput), Object(Symfony\\Component\\Console\\Output\\ConsoleOutput))
#54 {main}
"} 
[2026-06-17 23:11:40] laravel.EMERGENCY: Unable to create configured logger. Using emergency logger. {"exception":"[object] (InvalidArgumentException(code: 0): Driver [sentry] is not supported. at /Users/paul/WorkSpace/TestSoloCoder/8dcba39c-18f8-480b-b0ba-16d88d729ae7/vendor/laravel/framework/src/Illuminate/Log/LogManager.php:225)
[stacktrace]
#0 /Users/paul/WorkSpace/TestSoloCoder/8dcba39c-18f8-480b-b0ba-16d88d729ae7/vendor/laravel/framework/src/Illuminate/Log/LogManager.php(137): Illuminate\\Log\\LogManager->resolve('sentry', Array)
#1 /Users/paul/WorkSpace/TestSoloCoder/8dcba39c-18f8-480b-b0ba-16d88d729ae7/vendor/laravel/framework/src/Illuminate/Log/LogManager.php(124): Illuminate\\Log\\LogManager->get('sentry')
#2 /Users/paul/WorkSpace/TestSoloCoder/8dcba39c-18f8-480b-b0ba-16d88d729ae7/vendor/laravel/framework/src/Illuminate/Log/LogManager.php(113): Illuminate\\Log\\LogManager->driver('sentry')
#3 /Users/paul/WorkSpace/TestSoloCoder/8dcba39c-18f8-480b-b0ba-16d88d729ae7/vendor/laravel/framework/src/Illuminate/Log/LogManager.php(267): Illuminate\\Log\\LogManager->channel('sentry')
#4 [internal function]: Illuminate\\Log\\LogManager->{closure:Illuminate\\Log\\LogManager::createStackDriver():264}('sentry', 1)
#5 /Users/paul/WorkSpace/TestSoloCoder/8dcba39c-18f8-480b-b0ba-16d88d729ae7/vendor/laravel/framework/src/Illuminate/Collections/Arr.php(600): array_map(Object(Closure), Array, Array)
#6 /Users/paul/WorkSpace/TestSoloCoder/8dcba39c-18f8-480b-b0ba-16d88d729ae7/vendor/laravel/framework/src/Illuminate/Collections/Collection.php(778): Illuminate\\Support\\Arr::map(Array, Object(Closure))
#7 /Users/paul/WorkSpace/TestSoloCoder/8dcba39c-18f8-480b-b0ba-16d88d729ae7/vendor/laravel/framework/src/Illuminate/Collections/Traits/EnumeratesValues.php(404): Illuminate\\Support\\Collection->map(Object(Closure))
#8 /Users/paul/WorkSpace/TestSoloCoder/8dcba39c-18f8-480b-b0ba-16d88d729ae7/vendor/laravel/framework/src/Illuminate/Log/LogManager.php(264): Illuminate\\Support\\Collection->flatMap(Object(Closure))
#9 /Users/paul/WorkSpace/TestSoloCoder/8dcba39c-18f8-480b-b0ba-16d88d729ae7/vendor/laravel/framework/src/Illuminate/Log/LogManager.php(222): Illuminate\\Log\\LogManager->createStackDriver(Array)
#10 /Users/paul/WorkSpace/TestSoloCoder/8dcba39c-18f8-480b-b0ba-16d88d729ae7/vendor/laravel/framework/src/Illuminate/Log/LogManager.php(137): Illuminate\\Log\\LogManager->resolve('stack', Array)
#11 /Users/paul/WorkSpace/TestSoloCoder/8dcba39c-18f8-480b-b0ba-16d88d729ae7/vendor/laravel/framework/src/Illuminate/Log/LogManager.php(124): Illuminate\\Log\\LogManager->get('stack')
#12 /Users/paul/WorkSpace/TestSoloCoder/8dcba39c-18f8-480b-b0ba-16d88d729ae7/vendor/laravel/framework/src/Illuminate/Log/LogManager.php(681): Illuminate\\Log\\LogManager->driver()
#13 /Users/paul/WorkSpace/TestSoloCoder/8dcba39c-18f8-480b-b0ba-16d88d729ae7/vendor/laravel/framework/src/Illuminate/Foundation/Exceptions/Handler.php(317): Illuminate\\Log\\LogManager->error('SQLSTATE[23000]...', Array)
#14 /Users/paul/WorkSpace/TestSoloCoder/8dcba39c-18f8-480b-b0ba-16d88d729ae7/vendor/laravel/framework/src/Illuminate/Foundation/Exceptions/Handler.php(278): Illuminate\\Foundation\\Exceptions\\Handler->reportThrowable(Object(Illuminate\\Database\\QueryException))
#15 /Users/paul/WorkSpace/TestSoloCoder/8dcba39c-18f8-480b-b0ba-16d88d729ae7/vendor/laravel/framework/src/Illuminate/Foundation/Console/Kernel.php(523): Illuminate\\Foundation\\Exceptions\\Handler->report(Object(Illuminate\\Database\\QueryException))
#16 /Users/paul/WorkSpace/TestSoloCoder/8dcba39c-18f8-480b-b0ba-16d88d729ae7/vendor/laravel/framework/src/Illuminate/Foundation/Console/Kernel.php(203): Illuminate\\Foundation\\Console\\Kernel->reportException(Object(Illuminate\\Database\\QueryException))
#17 /Users/paul/WorkSpace/TestSoloCoder/8dcba39c-18f8-480b-b0ba-16d88d729ae7/artisan(12): Illuminate\\Foundation\\Console\\Kernel->handle(Object(Symfony\\Component\\Console\\Input\\ArgvInput), Object(Symfony\\Component\\Console\\Output\\ConsoleOutput))
#18 {main}
"} 
[2026-06-17 23:11:40] laravel.EMERGENCY: Unable to create configured logger. Using emergency logger. {"exception":"[object] (InvalidArgumentException(code: 0): Driver [sentry] is not supported. at /Users/paul/WorkSpace/TestSoloCoder/8dcba39c-18f8-480b-b0ba-16d88d729ae7/vendor/laravel/framework/src/Illuminate/Log/LogManager.php:225)
[stacktrace]
#0 /Users/paul/WorkSpace/TestSoloCoder/8dcba39c-18f8-480b-b0ba-16d88d729ae7/vendor/laravel/framework/src/Illuminate/Log/LogManager.php(137): Illuminate\\Log\\LogManager->resolve('sentry', Array)
#1 /Users/paul/WorkSpace/TestSoloCoder/8dcba39c-18f8-480b-b0ba-16d88d729ae7/vendor/laravel/framework/src/Illuminate/Log/LogManager.php(124): Illuminate\\Log\\LogManager->get('sentry')
#2 /Users/paul/WorkSpace/TestSoloCoder/8dcba39c-18f8-480b-b0ba-16d88d729ae7/vendor/laravel/framework/src/Illuminate/Log/LogManager.php(113): Illuminate\\Log\\LogManager->driver('sentry')
#3 /Users/paul/WorkSpace/TestSoloCoder/8dcba39c-18f8-480b-b0ba-16d88d729ae7/vendor/laravel/framework/src/Illuminate/Log/LogManager.php(273): Illuminate\\Log\\LogManager->channel('sentry')
#4 [internal function]: Illuminate\\Log\\LogManager->{closure:Illuminate\\Log\\LogManager::createStackDriver():270}('sentry', 1)
#5 /Users/paul/WorkSpace/TestSoloCoder/8dcba39c-18f8-480b-b0ba-16d88d729ae7/vendor/laravel/framework/src/Illuminate/Collections/Arr.php(600): array_map(Object(Closure), Array, Array)
#6 /Users/paul/WorkSpace/TestSoloCoder/8dcba39c-18f8-480b-b0ba-16d88d729ae7/vendor/laravel/framework/src/Illuminate/Collections/Collection.php(778): Illuminate\\Support\\Arr::map(Array, Object(Closure))
#7 /Users/paul/WorkSpace/TestSoloCoder/8dcba39c-18f8-480b-b0ba-16d88d729ae7/vendor/laravel/framework/src/Illuminate/Collections/Traits/EnumeratesValues.php(404): Illuminate\\Support\\Collection->map(Object(Closure))
#8 /Users/paul/WorkSpace/TestSoloCoder/8dcba39c-18f8-480b-b0ba-16d88d729ae7/vendor/laravel/framework/src/Illuminate/Log/LogManager.php(270): Illuminate\\Support\\Collection->flatMap(Object(Closure))
#9 /Users/paul/WorkSpace/TestSoloCoder/8dcba39c-18f8-480b-b0ba-16d88d729ae7/vendor/laravel/framework/src/Illuminate/Log/LogManager.php(222): Illuminate\\Log\\LogManager->createStackDriver(Array)
#10 /Users/paul/WorkSpace/TestSoloCoder/8dcba39c-18f8-480b-b0ba-16d88d729ae7/vendor/laravel/framework/src/Illuminate/Log/LogManager.php(137): Illuminate\\Log\\LogManager->resolve('stack', Array)
#11 /Users/paul/WorkSpace/TestSoloCoder/8dcba39c-18f8-480b-b0ba-16d88d729ae7/vendor/laravel/framework/src/Illuminate/Log/LogManager.php(124): Illuminate\\Log\\LogManager->get('stack')
#12 /Users/paul/WorkSpace/TestSoloCoder/8dcba39c-18f8-480b-b0ba-16d88d729ae7/vendor/laravel/framework/src/Illuminate/Log/LogManager.php(681): Illuminate\\Log\\LogManager->driver()
#13 /Users/paul/WorkSpace/TestSoloCoder/8dcba39c-18f8-480b-b0ba-16d88d729ae7/vendor/laravel/framework/src/Illuminate/Foundation/Exceptions/Handler.php(317): Illuminate\\Log\\LogManager->error('SQLSTATE[23000]...', Array)
#14 /Users/paul/WorkSpace/TestSoloCoder/8dcba39c-18f8-480b-b0ba-16d88d729ae7/vendor/laravel/framework/src/Illuminate/Foundation/Exceptions/Handler.php(278): Illuminate\\Foundation\\Exceptions\\Handler->reportThrowable(Object(Illuminate\\Database\\QueryException))
#15 /Users/paul/WorkSpace/TestSoloCoder/8dcba39c-18f8-480b-b0ba-16d88d729ae7/vendor/laravel/framework/src/Illuminate/Foundation/Console/Kernel.php(523): Illuminate\\Foundation\\Exceptions\\Handler->report(Object(Illuminate\\Database\\QueryException))
#16 /Users/paul/WorkSpace/TestSoloCoder/8dcba39c-18f8-480b-b0ba-16d88d729ae7/vendor/laravel/framework/src/Illuminate/Foundation/Console/Kernel.php(203): Illuminate\\Foundation\\Console\\Kernel->reportException(Object(Illuminate\\Database\\QueryException))
#17 /Users/paul/WorkSpace/TestSoloCoder/8dcba39c-18f8-480b-b0ba-16d88d729ae7/artisan(12): Illuminate\\Foundation\\Console\\Kernel->handle(Object(Symfony\\Component\\Console\\Input\\ArgvInput), Object(Symfony\\Component\\Console\\Output\\ConsoleOutput))
#18 {main}
"} 
[2026-06-17 23:11:40] local.ERROR: SQLSTATE[23000]: Integrity constraint violation: 19 NOT NULL constraint failed: roles.slug (Connection: sqlite, SQL: insert into "roles" ("tenant_id", "name", "display_name", "description", "updated_at", "created_at") values (1, owner, Owner, Full system access, 2026-06-17 23:11:40, 2026-06-17 23:11:40)) {"exception":"[object] (Illuminate\\Database\\QueryException(code: 23000): SQLSTATE[23000]: Integrity constraint violation: 19 NOT NULL constraint failed: roles.slug (Connection: sqlite, SQL: insert into \"roles\" (\"tenant_id\", \"name\", \"display_name\", \"description\", \"updated_at\", \"created_at\") values (1, owner, Owner, Full system access, 2026-06-17 23:11:40, 2026-06-17 23:11:40)) at /Users/paul/WorkSpace/TestSoloCoder/8dcba39c-18f8-480b-b0ba-16d88d729ae7/vendor/laravel/framework/src/Illuminate/Database/Connection.php:829)
[stacktrace]
#0 /Users/paul/WorkSpace/TestSoloCoder/8dcba39c-18f8-480b-b0ba-16d88d729ae7/vendor/laravel/framework/src/Illuminate/Database/Connection.php(783): Illuminate\\Database\\Connection->runQueryCallback('insert into \"ro...', Array, Object(Closure))
#1 /Users/paul/WorkSpace/TestSoloCoder/8dcba39c-18f8-480b-b0ba-16d88d729ae7/vendor/laravel/framework/src/Illuminate/Database/Connection.php(576): Illuminate\\Database\\Connection->run('insert into \"ro...', Array, Object(Closure))
#2 /Users/paul/WorkSpace/TestSoloCoder/8dcba39c-18f8-480b-b0ba-16d88d729ae7/vendor/laravel/framework/src/Illuminate/Database/Connection.php(540): Illuminate\\Database\\Connection->statement('insert into \"ro...', Array)
#3 /Users/paul/WorkSpace/TestSoloCoder/8dcba39c-18f8-480b-b0ba-16d88d729ae7/vendor/laravel/framework/src/Illuminate/Database/Query/Processors/Processor.php(32): Illuminate\\Database\\Connection->insert('insert into \"ro...', Array)
#4 /Users/paul/WorkSpace/TestSoloCoder/8dcba39c-18f8-480b-b0ba-16d88d729ae7/vendor/laravel/framework/src/Illuminate/Database/Query/Builder.php(3549): Illuminate\\Database\\Query\\Processors\\Processor->processInsertGetId(Object(Illuminate\\Database\\Query\\Builder), 'insert into \"ro...', Array, 'id')
#5 /Users/paul/WorkSpace/TestSoloCoder/8dcba39c-18f8-480b-b0ba-16d88d729ae7/vendor/laravel/framework/src/Illuminate/Database/Eloquent/Builder.php(1982): Illuminate\\Database\\Query\\Builder->insertGetId(Array, 'id')
#6 /Users/paul/WorkSpace/TestSoloCoder/8dcba39c-18f8-480b-b0ba-16d88d729ae7/vendor/laravel/framework/src/Illuminate/Database/Eloquent/Model.php(1334): Illuminate\\Database\\Eloquent\\Builder->__call('insertGetId', Array)
#7 /Users/paul/WorkSpace/TestSoloCoder/8dcba39c-18f8-480b-b0ba-16d88d729ae7/vendor/laravel/framework/src/Illuminate/Database/Eloquent/Model.php(1299): Illuminate\\Database\\Eloquent\\Model->insertAndSetId(Object(Illuminate\\Database\\Eloquent\\Builder), Array)
#8 /Users/paul/WorkSpace/TestSoloCoder/8dcba39c-18f8-480b-b0ba-16d88d729ae7/vendor/laravel/framework/src/Illuminate/Database/Eloquent/Model.php(1138): Illuminate\\Database\\Eloquent\\Model->performInsert(Object(Illuminate\\Database\\Eloquent\\Builder))
#9 /Users/paul/WorkSpace/TestSoloCoder/8dcba39c-18f8-480b-b0ba-16d88d729ae7/vendor/laravel/framework/src/Illuminate/Database/Eloquent/Builder.php(1025): Illuminate\\Database\\Eloquent\\Model->save()
#10 /Users/paul/WorkSpace/TestSoloCoder/8dcba39c-18f8-480b-b0ba-16d88d729ae7/vendor/laravel/framework/src/Illuminate/Support/helpers.php(320): Illuminate\\Database\\Eloquent\\Builder->{closure:Illuminate\\Database\\Eloquent\\Builder::create():1024}(Object(App\\Models\\Role))
#11 /Users/paul/WorkSpace/TestSoloCoder/8dcba39c-18f8-480b-b0ba-16d88d729ae7/vendor/laravel/framework/src/Illuminate/Database/Eloquent/Builder.php(1024): tap(Object(App\\Models\\Role), Object(Closure))
#12 /Users/paul/WorkSpace/TestSoloCoder/8dcba39c-18f8-480b-b0ba-16d88d729ae7/vendor/laravel/framework/src/Illuminate/Support/Traits/ForwardsCalls.php(23): Illuminate\\Database\\Eloquent\\Builder->create(Array)
#13 /Users/paul/WorkSpace/TestSoloCoder/8dcba39c-18f8-480b-b0ba-16d88d729ae7/vendor/laravel/framework/src/Illuminate/Database/Eloquent/Model.php(2335): Illuminate\\Database\\Eloquent\\Model->forwardCallTo(Object(Illuminate\\Database\\Eloquent\\Builder), 'create', Array)
#14 /Users/paul/WorkSpace/TestSoloCoder/8dcba39c-18f8-480b-b0ba-16d88d729ae7/vendor/laravel/framework/src/Illuminate/Database/Eloquent/Model.php(2347): Illuminate\\Database\\Eloquent\\Model->__call('create', Array)
#15 /Users/paul/WorkSpace/TestSoloCoder/8dcba39c-18f8-480b-b0ba-16d88d729ae7/database/seeders/DatabaseSeeder.php(55): Illuminate\\Database\\Eloquent\\Model::__callStatic('create', Array)
#16 /Users/paul/WorkSpace/TestSoloCoder/8dcba39c-18f8-480b-b0ba-16d88d729ae7/database/seeders/DatabaseSeeder.php(18): Database\\Seeders\\DatabaseSeeder->createDemoTenant()
#17 /Users/paul/WorkSpace/TestSoloCoder/8dcba39c-18f8-480b-b0ba-16d88d729ae7/vendor/laravel/framework/src/Illuminate/Container/BoundMethod.php(36): Database\\Seeders\\DatabaseSeeder->run()
#18 /Users/paul/WorkSpace/TestSoloCoder/8dcba39c-18f8-480b-b0ba-16d88d729ae7/vendor/laravel/framework/src/Illuminate/Container/Util.php(41): Illuminate\\Container\\BoundMethod::{closure:Illuminate\\Container\\BoundMethod::call():35}()
#19 /Users/paul/WorkSpace/TestSoloCoder/8dcba39c-18f8-480b-b0ba-16d88d729ae7/vendor/laravel/framework/src/Illuminate/Container/BoundMethod.php(93): Illuminate\\Container\\Util::unwrapIfClosure(Object(Closure))
#20 /Users/paul/WorkSpace/TestSoloCoder/8dcba39c-18f8-480b-b0ba-16d88d729ae7/vendor/laravel/framework/src/Illuminate/Container/BoundMethod.php(35): Illuminate\\Container\\BoundMethod::callBoundMethod(Object(Illuminate\\Foundation\\Application), Array, Object(Closure))
#21 /Users/paul/WorkSpace/TestSoloCoder/8dcba39c-18f8-480b-b0ba-16d88d729ae7/vendor/laravel/framework/src/Illuminate/Container/Container.php(662): Illuminate\\Container\\BoundMethod::call(Object(Illuminate\\Foundation\\Application), Array, Array, NULL)
#22 /Users/paul/WorkSpace/TestSoloCoder/8dcba39c-18f8-480b-b0ba-16d88d729ae7/vendor/laravel/framework/src/Illuminate/Database/Seeder.php(184): Illuminate\\Container\\Container->call(Array, Array)
#23 /Users/paul/WorkSpace/TestSoloCoder/8dcba39c-18f8-480b-b0ba-16d88d729ae7/vendor/laravel/framework/src/Illuminate/Database/Seeder.php(193): Illuminate\\Database\\Seeder->{closure:Illuminate\\Database\\Seeder::__invoke():183}()
#24 /Users/paul/WorkSpace/TestSoloCoder/8dcba39c-18f8-480b-b0ba-16d88d729ae7/vendor/laravel/framework/src/Illuminate/Database/Console/Seeds/SeedCommand.php(70): Illuminate\\Database\\Seeder->__invoke()
#25 /Users/paul/WorkSpace/TestSoloCoder/8dcba39c-18f8-480b-b0ba-16d88d729ae7/vendor/laravel/framework/src/Illuminate/Database/Eloquent/Concerns/GuardsAttributes.php(155): Illuminate\\Database\\Console\\Seeds\\SeedCommand->{closure:Illuminate\\Database\\Console\\Seeds\\SeedCommand::handle():69}()
#26 /Users/paul/WorkSpace/TestSoloCoder/8dcba39c-18f8-480b-b0ba-16d88d729ae7/vendor/laravel/framework/src/Illuminate/Database/Console/Seeds/SeedCommand.php(69): Illuminate\\Database\\Eloquent\\Model::unguarded(Object(Closure))
#27 /Users/paul/WorkSpace/TestSoloCoder/8dcba39c-18f8-480b-b0ba-16d88d729ae7/vendor/laravel/framework/src/Illuminate/Container/BoundMethod.php(36): Illuminate\\Database\\Console\\Seeds\\SeedCommand->handle()
#28 /Users/paul/WorkSpace/TestSoloCoder/8dcba39c-18f8-480b-b0ba-16d88d729ae7/vendor/laravel/framework/src/Illuminate/Container/Util.php(41): Illuminate\\Container\\BoundMethod::{closure:Illuminate\\Container\\BoundMethod::call():35}()
#29 /Users/paul/WorkSpace/TestSoloCoder/8dcba39c-18f8-480b-b0ba-16d88d729ae7/vendor/laravel/framework/src/Illuminate/Container/BoundMethod.php(93): Illuminate\\Container\\Util::unwrapIfClosure(Object(Closure))
#30 /Users/paul/WorkSpace/TestSoloCoder/8dcba39c-18f8-480b-b0ba-16d88d729ae7/vendor/laravel/framework/src/Illuminate/Container/BoundMethod.php(35): Illuminate\\Container\\BoundMethod::callBoundMethod(Object(Illuminate\\Foundation\\Application), Array, Object(Closure))
#31 /Users/paul/WorkSpace/TestSoloCoder/8dcba39c-18f8-480b-b0ba-16d88d729ae7/vendor/laravel/framework/src/Illuminate/Container/Container.php(662): Illuminate\\Container\\BoundMethod::call(Object(Illuminate\\Foundation\\Application), Array, Array, NULL)
#32 /Users/paul/WorkSpace/TestSoloCoder/8dcba39c-18f8-480b-b0ba-16d88d729ae7/vendor/laravel/framework/src/Illuminate/Console/Command.php(211): Illuminate\\Container\\Container->call(Array)
#33 /Users/paul/WorkSpace/TestSoloCoder/8dcba39c-18f8-480b-b0ba-16d88d729ae7/vendor/symfony/console/Command/Command.php(326): Illuminate\\Console\\Command->execute(Object(Symfony\\Component\\Console\\Input\\ArrayInput), Object(Illuminate\\Console\\OutputStyle))
#34 /Users/paul/WorkSpace/TestSoloCoder/8dcba39c-18f8-480b-b0ba-16d88d729ae7/vendor/laravel/framework/src/Illuminate/Console/Command.php(180): Symfony\\Component\\Console\\Command\\Command->run(Object(Symfony\\Component\\Console\\Input\\ArrayInput), Object(Illuminate\\Console\\OutputStyle))
#35 /Users/paul/WorkSpace/TestSoloCoder/8dcba39c-18f8-480b-b0ba-16d88d729ae7/vendor/laravel/framework/src/Illuminate/Console/Concerns/CallsCommands.php(67): Illuminate\\Console\\Command->run(Object(Symfony\\Component\\Console\\Input\\ArrayInput), Object(Illuminate\\Console\\OutputStyle))
#36 /Users/paul/WorkSpace/TestSoloCoder/8dcba39c-18f8-480b-b0ba-16d88d729ae7/vendor/laravel/framework/src/Illuminate/Console/Concerns/CallsCommands.php(28): Illuminate\\Console\\Command->runCommand('db:seed', Array, Object(Illuminate\\Console\\OutputStyle))
#37 /Users/paul/WorkSpace/TestSoloCoder/8dcba39c-18f8-480b-b0ba-16d88d729ae7/vendor/laravel/framework/src/Illuminate/Database/Console/Migrations/FreshCommand.php(93): Illuminate\\Console\\Command->call('db:seed', Array)
#38 /Users/paul/WorkSpace/TestSoloCoder/8dcba39c-18f8-480b-b0ba-16d88d729ae7/vendor/laravel/framework/src/Illuminate/Database/Console/Migrations/FreshCommand.php(69): Illuminate\\Database\\Console\\Migrations\\FreshCommand->runSeeder(NULL)
#39 /Users/paul/WorkSpace/TestSoloCoder/8dcba39c-18f8-480b-b0ba-16d88d729ae7/vendor/laravel/framework/src/Illuminate/Container/BoundMethod.php(36): Illuminate\\Database\\Console\\Migrations\\FreshCommand->handle()
#40 /Users/paul/WorkSpace/TestSoloCoder/8dcba39c-18f8-480b-b0ba-16d88d729ae7/vendor/laravel/framework/src/Illuminate/Container/Util.php(41): Illuminate\\Container\\BoundMethod::{closure:Illuminate\\Container\\BoundMethod::call():35}()
#41 /Users/paul/WorkSpace/TestSoloCoder/8dcba39c-18f8-480b-b0ba-16d88d729ae7/vendor/laravel/framework/src/Illuminate/Container/BoundMethod.php(93): Illuminate\\Container\\Util::unwrapIfClosure(Object(Closure))
#42 /Users/paul/WorkSpace/TestSoloCoder/8dcba39c-18f8-480b-b0ba-16d88d729ae7/vendor/laravel/framework/src/Illuminate/Container/BoundMethod.php(35): Illuminate\\Container\\BoundMethod::callBoundMethod(Object(Illuminate\\Foundation\\Application), Array, Object(Closure))
#43 /Users/paul/WorkSpace/TestSoloCoder/8dcba39c-18f8-480b-b0ba-16d88d729ae7/vendor/laravel/framework/src/Illuminate/Container/Container.php(662): Illuminate\\Container\\BoundMethod::call(Object(Illuminate\\Foundation\\Application), Array, Array, NULL)
#44 /Users/paul/WorkSpace/TestSoloCoder/8dcba39c-18f8-480b-b0ba-16d88d729ae7/vendor/laravel/framework/src/Illuminate/Console/Command.php(211): Illuminate\\Container\\Container->call(Array)
#45 /Users/paul/WorkSpace/TestSoloCoder/8dcba39c-18f8-480b-b0ba-16d88d729ae7/vendor/symfony/console/Command/Command.php(326): Illuminate\\Console\\Command->execute(Object(Symfony\\Component\\Console\\Input\\ArgvInput), Object(Illuminate\\Console\\OutputStyle))
#46 /Users/paul/WorkSpace/TestSoloCoder/8dcba39c-18f8-480b-b0ba-16d88d729ae7/vendor/laravel/framework/src/Illuminate/Console/Command.php(180): Symfony\\Component\\Console\\Command\\Command->run(Object(Symfony\\Component\\Console\\Input\\ArgvInput), Object(Illuminate\\Console\\OutputStyle))
#47 /Users/paul/WorkSpace/TestSoloCoder/8dcba39c-18f8-480b-b0ba-16d88d729ae7/vendor/symfony/console/Application.php(1121): Illuminate\\Console\\Command->run(Object(Symfony\\Component\\Console\\Input\\ArgvInput), Object(Symfony\\Component\\Console\\Output\\ConsoleOutput))
#48 /Users/paul/WorkSpace/TestSoloCoder/8dcba39c-18f8-480b-b0ba-16d88d729ae7/vendor/symfony/console/Application.php(324): Symfony\\Component\\Console\\Application->doRunCommand(Object(Illuminate\\Database\\Console\\Migrations\\FreshCommand), Object(Symfony\\Component\\Console\\Input\\ArgvInput), Object(Symfony\\Component\\Console\\Output\\ConsoleOutput))
#49 /Users/paul/WorkSpace/TestSoloCoder/8dcba39c-18f8-480b-b0ba-16d88d729ae7/vendor/symfony/console/Application.php(175): Symfony\\Component\\Console\\Application->doRun(Object(Symfony\\Component\\Console\\Input\\ArgvInput), Object(Symfony\\Component\\Console\\Output\\ConsoleOutput))
#50 /Users/paul/WorkSpace/TestSoloCoder/8dcba39c-18f8-480b-b0ba-16d88d729ae7/vendor/laravel/framework/src/Illuminate/Foundation/Console/Kernel.php(201): Symfony\\Component\\Console\\Application->run(Object(Symfony\\Component\\Console\\Input\\ArgvInput), Object(Symfony\\Component\\Console\\Output\\ConsoleOutput))
#51 /Users/paul/WorkSpace/TestSoloCoder/8dcba39c-18f8-480b-b0ba-16d88d729ae7/artisan(12): Illuminate\\Foundation\\Console\\Kernel->handle(Object(Symfony\\Component\\Console\\Input\\ArgvInput), Object(Symfony\\Component\\Console\\Output\\ConsoleOutput))
#52 {main}

[previous exception] [object] (PDOException(code: 23000): SQLSTATE[23000]: Integrity constraint violation: 19 NOT NULL constraint failed: roles.slug at /Users/paul/WorkSpace/TestSoloCoder/8dcba39c-18f8-480b-b0ba-16d88d729ae7/vendor/laravel/framework/src/Illuminate/Database/Connection.php:587)
[stacktrace]
#0 /Users/paul/WorkSpace/TestSoloCoder/8dcba39c-18f8-480b-b0ba-16d88d729ae7/vendor/laravel/framework/src/Illuminate/Database/Connection.php(587): PDOStatement->execute()
#1 /Users/paul/WorkSpace/TestSoloCoder/8dcba39c-18f8-480b-b0ba-16d88d729ae7/vendor/laravel/framework/src/Illuminate/Database/Connection.php(816): Illuminate\\Database\\Connection->{closure:Illuminate\\Database\\Connection::statement():576}('insert into \"ro...', Array)
#2 /Users/paul/WorkSpace/TestSoloCoder/8dcba39c-18f8-480b-b0ba-16d88d729ae7/vendor/laravel/framework/src/Illuminate/Database/Connection.php(783): Illuminate\\Database\\Connection->runQueryCallback('insert into \"ro...', Array, Object(Closure))
#3 /Users/paul/WorkSpace/TestSoloCoder/8dcba39c-18f8-480b-b0ba-16d88d729ae7/vendor/laravel/framework/src/Illuminate/Database/Connection.php(576): Illuminate\\Database\\Connection->run('insert into \"ro...', Array, Object(Closure))
#4 /Users/paul/WorkSpace/TestSoloCoder/8dcba39c-18f8-480b-b0ba-16d88d729ae7/vendor/laravel/framework/src/Illuminate/Database/Connection.php(540): Illuminate\\Database\\Connection->statement('insert into \"ro...', Array)
#5 /Users/paul/WorkSpace/TestSoloCoder/8dcba39c-18f8-480b-b0ba-16d88d729ae7/vendor/laravel/framework/src/Illuminate/Database/Query/Processors/Processor.php(32): Illuminate\\Database\\Connection->insert('insert into \"ro...', Array)
#6 /Users/paul/WorkSpace/TestSoloCoder/8dcba39c-18f8-480b-b0ba-16d88d729ae7/vendor/laravel/framework/src/Illuminate/Database/Query/Builder.php(3549): Illuminate\\Database\\Query\\Processors\\Processor->processInsertGetId(Object(Illuminate\\Database\\Query\\Builder), 'insert into \"ro...', Array, 'id')
#7 /Users/paul/WorkSpace/TestSoloCoder/8dcba39c-18f8-480b-b0ba-16d88d729ae7/vendor/laravel/framework/src/Illuminate/Database/Eloquent/Builder.php(1982): Illuminate\\Database\\Query\\Builder->insertGetId(Array, 'id')
#8 /Users/paul/WorkSpace/TestSoloCoder/8dcba39c-18f8-480b-b0ba-16d88d729ae7/vendor/laravel/framework/src/Illuminate/Database/Eloquent/Model.php(1334): Illuminate\\Database\\Eloquent\\Builder->__call('insertGetId', Array)
#9 /Users/paul/WorkSpace/TestSoloCoder/8dcba39c-18f8-480b-b0ba-16d88d729ae7/vendor/laravel/framework/src/Illuminate/Database/Eloquent/Model.php(1299): Illuminate\\Database\\Eloquent\\Model->insertAndSetId(Object(Illuminate\\Database\\Eloquent\\Builder), Array)
#10 /Users/paul/WorkSpace/TestSoloCoder/8dcba39c-18f8-480b-b0ba-16d88d729ae7/vendor/laravel/framework/src/Illuminate/Database/Eloquent/Model.php(1138): Illuminate\\Database\\Eloquent\\Model->performInsert(Object(Illuminate\\Database\\Eloquent\\Builder))
#11 /Users/paul/WorkSpace/TestSoloCoder/8dcba39c-18f8-480b-b0ba-16d88d729ae7/vendor/laravel/framework/src/Illuminate/Database/Eloquent/Builder.php(1025): Illuminate\\Database\\Eloquent\\Model->save()
#12 /Users/paul/WorkSpace/TestSoloCoder/8dcba39c-18f8-480b-b0ba-16d88d729ae7/vendor/laravel/framework/src/Illuminate/Support/helpers.php(320): Illuminate\\Database\\Eloquent\\Builder->{closure:Illuminate\\Database\\Eloquent\\Builder::create():1024}(Object(App\\Models\\Role))
#13 /Users/paul/WorkSpace/TestSoloCoder/8dcba39c-18f8-480b-b0ba-16d88d729ae7/vendor/laravel/framework/src/Illuminate/Database/Eloquent/Builder.php(1024): tap(Object(App\\Models\\Role), Object(Closure))
#14 /Users/paul/WorkSpace/TestSoloCoder/8dcba39c-18f8-480b-b0ba-16d88d729ae7/vendor/laravel/framework/src/Illuminate/Support/Traits/ForwardsCalls.php(23): Illuminate\\Database\\Eloquent\\Builder->create(Array)
#15 /Users/paul/WorkSpace/TestSoloCoder/8dcba39c-18f8-480b-b0ba-16d88d729ae7/vendor/laravel/framework/src/Illuminate/Database/Eloquent/Model.php(2335): Illuminate\\Database\\Eloquent\\Model->forwardCallTo(Object(Illuminate\\Database\\Eloquent\\Builder), 'create', Array)
#16 /Users/paul/WorkSpace/TestSoloCoder/8dcba39c-18f8-480b-b0ba-16d88d729ae7/vendor/laravel/framework/src/Illuminate/Database/Eloquent/Model.php(2347): Illuminate\\Database\\Eloquent\\Model->__call('create', Array)
#17 /Users/paul/WorkSpace/TestSoloCoder/8dcba39c-18f8-480b-b0ba-16d88d729ae7/database/seeders/DatabaseSeeder.php(55): Illuminate\\Database\\Eloquent\\Model::__callStatic('create', Array)
#18 /Users/paul/WorkSpace/TestSoloCoder/8dcba39c-18f8-480b-b0ba-16d88d729ae7/database/seeders/DatabaseSeeder.php(18): Database\\Seeders\\DatabaseSeeder->createDemoTenant()
#19 /Users/paul/WorkSpace/TestSoloCoder/8dcba39c-18f8-480b-b0ba-16d88d729ae7/vendor/laravel/framework/src/Illuminate/Container/BoundMethod.php(36): Database\\Seeders\\DatabaseSeeder->run()
#20 /Users/paul/WorkSpace/TestSoloCoder/8dcba39c-18f8-480b-b0ba-16d88d729ae7/vendor/laravel/framework/src/Illuminate/Container/Util.php(41): Illuminate\\Container\\BoundMethod::{closure:Illuminate\\Container\\BoundMethod::call():35}()
#21 /Users/paul/WorkSpace/TestSoloCoder/8dcba39c-18f8-480b-b0ba-16d88d729ae7/vendor/laravel/framework/src/Illuminate/Container/BoundMethod.php(93): Illuminate\\Container\\Util::unwrapIfClosure(Object(Closure))
#22 /Users/paul/WorkSpace/TestSoloCoder/8dcba39c-18f8-480b-b0ba-16d88d729ae7/vendor/laravel/framework/src/Illuminate/Container/BoundMethod.php(35): Illuminate\\Container\\BoundMethod::callBoundMethod(Object(Illuminate\\Foundation\\Application), Array, Object(Closure))
#23 /Users/paul/WorkSpace/TestSoloCoder/8dcba39c-18f8-480b-b0ba-16d88d729ae7/vendor/laravel/framework/src/Illuminate/Container/Container.php(662): Illuminate\\Container\\BoundMethod::call(Object(Illuminate\\Foundation\\Application), Array, Array, NULL)
#24 /Users/paul/WorkSpace/TestSoloCoder/8dcba39c-18f8-480b-b0ba-16d88d729ae7/vendor/laravel/framework/src/Illuminate/Database/Seeder.php(184): Illuminate\\Container\\Container->call(Array, Array)
#25 /Users/paul/WorkSpace/TestSoloCoder/8dcba39c-18f8-480b-b0ba-16d88d729ae7/vendor/laravel/framework/src/Illuminate/Database/Seeder.php(193): Illuminate\\Database\\Seeder->{closure:Illuminate\\Database\\Seeder::__invoke():183}()
#26 /Users/paul/WorkSpace/TestSoloCoder/8dcba39c-18f8-480b-b0ba-16d88d729ae7/vendor/laravel/framework/src/Illuminate/Database/Console/Seeds/SeedCommand.php(70): Illuminate\\Database\\Seeder->__invoke()
#27 /Users/paul/WorkSpace/TestSoloCoder/8dcba39c-18f8-480b-b0ba-16d88d729ae7/vendor/laravel/framework/src/Illuminate/Database/Eloquent/Concerns/GuardsAttributes.php(155): Illuminate\\Database\\Console\\Seeds\\SeedCommand->{closure:Illuminate\\Database\\Console\\Seeds\\SeedCommand::handle():69}()
#28 /Users/paul/WorkSpace/TestSoloCoder/8dcba39c-18f8-480b-b0ba-16d88d729ae7/vendor/laravel/framework/src/Illuminate/Database/Console/Seeds/SeedCommand.php(69): Illuminate\\Database\\Eloquent\\Model::unguarded(Object(Closure))
#29 /Users/paul/WorkSpace/TestSoloCoder/8dcba39c-18f8-480b-b0ba-16d88d729ae7/vendor/laravel/framework/src/Illuminate/Container/BoundMethod.php(36): Illuminate\\Database\\Console\\Seeds\\SeedCommand->handle()
#30 /Users/paul/WorkSpace/TestSoloCoder/8dcba39c-18f8-480b-b0ba-16d88d729ae7/vendor/laravel/framework/src/Illuminate/Container/Util.php(41): Illuminate\\Container\\BoundMethod::{closure:Illuminate\\Container\\BoundMethod::call():35}()
#31 /Users/paul/WorkSpace/TestSoloCoder/8dcba39c-18f8-480b-b0ba-16d88d729ae7/vendor/laravel/framework/src/Illuminate/Container/BoundMethod.php(93): Illuminate\\Container\\Util::unwrapIfClosure(Object(Closure))
#32 /Users/paul/WorkSpace/TestSoloCoder/8dcba39c-18f8-480b-b0ba-16d88d729ae7/vendor/laravel/framework/src/Illuminate/Container/BoundMethod.php(35): Illuminate\\Container\\BoundMethod::callBoundMethod(Object(Illuminate\\Foundation\\Application), Array, Object(Closure))
#33 /Users/paul/WorkSpace/TestSoloCoder/8dcba39c-18f8-480b-b0ba-16d88d729ae7/vendor/laravel/framework/src/Illuminate/Container/Container.php(662): Illuminate\\Container\\BoundMethod::call(Object(Illuminate\\Foundation\\Application), Array, Array, NULL)
#34 /Users/paul/WorkSpace/TestSoloCoder/8dcba39c-18f8-480b-b0ba-16d88d729ae7/vendor/laravel/framework/src/Illuminate/Console/Command.php(211): Illuminate\\Container\\Container->call(Array)
#35 /Users/paul/WorkSpace/TestSoloCoder/8dcba39c-18f8-480b-b0ba-16d88d729ae7/vendor/symfony/console/Command/Command.php(326): Illuminate\\Console\\Command->execute(Object(Symfony\\Component\\Console\\Input\\ArrayInput), Object(Illuminate\\Console\\OutputStyle))
#36 /Users/paul/WorkSpace/TestSoloCoder/8dcba39c-18f8-480b-b0ba-16d88d729ae7/vendor/laravel/framework/src/Illuminate/Console/Command.php(180): Symfony\\Component\\Console\\Command\\Command->run(Object(Symfony\\Component\\Console\\Input\\ArrayInput), Object(Illuminate\\Console\\OutputStyle))
#37 /Users/paul/WorkSpace/TestSoloCoder/8dcba39c-18f8-480b-b0ba-16d88d729ae7/vendor/laravel/framework/src/Illuminate/Console/Concerns/CallsCommands.php(67): Illuminate\\Console\\Command->run(Object(Symfony\\Component\\Console\\Input\\ArrayInput), Object(Illuminate\\Console\\OutputStyle))
#38 /Users/paul/WorkSpace/TestSoloCoder/8dcba39c-18f8-480b-b0ba-16d88d729ae7/vendor/laravel/framework/src/Illuminate/Console/Concerns/CallsCommands.php(28): Illuminate\\Console\\Command->runCommand('db:seed', Array, Object(Illuminate\\Console\\OutputStyle))
#39 /Users/paul/WorkSpace/TestSoloCoder/8dcba39c-18f8-480b-b0ba-16d88d729ae7/vendor/laravel/framework/src/Illuminate/Database/Console/Migrations/FreshCommand.php(93): Illuminate\\Console\\Command->call('db:seed', Array)
#40 /Users/paul/WorkSpace/TestSoloCoder/8dcba39c-18f8-480b-b0ba-16d88d729ae7/vendor/laravel/framework/src/Illuminate/Database/Console/Migrations/FreshCommand.php(69): Illuminate\\Database\\Console\\Migrations\\FreshCommand->runSeeder(NULL)
#41 /Users/paul/WorkSpace/TestSoloCoder/8dcba39c-18f8-480b-b0ba-16d88d729ae7/vendor/laravel/framework/src/Illuminate/Container/BoundMethod.php(36): Illuminate\\Database\\Console\\Migrations\\FreshCommand->handle()
#42 /Users/paul/WorkSpace/TestSoloCoder/8dcba39c-18f8-480b-b0ba-16d88d729ae7/vendor/laravel/framework/src/Illuminate/Container/Util.php(41): Illuminate\\Container\\BoundMethod::{closure:Illuminate\\Container\\BoundMethod::call():35}()
#43 /Users/paul/WorkSpace/TestSoloCoder/8dcba39c-18f8-480b-b0ba-16d88d729ae7/vendor/laravel/framework/src/Illuminate/Container/BoundMethod.php(93): Illuminate\\Container\\Util::unwrapIfClosure(Object(Closure))
#44 /Users/paul/WorkSpace/TestSoloCoder/8dcba39c-18f8-480b-b0ba-16d88d729ae7/vendor/laravel/framework/src/Illuminate/Container/BoundMethod.php(35): Illuminate\\Container\\BoundMethod::callBoundMethod(Object(Illuminate\\Foundation\\Application), Array, Object(Closure))
#45 /Users/paul/WorkSpace/TestSoloCoder/8dcba39c-18f8-480b-b0ba-16d88d729ae7/vendor/laravel/framework/src/Illuminate/Container/Container.php(662): Illuminate\\Container\\BoundMethod::call(Object(Illuminate\\Foundation\\Application), Array, Array, NULL)
#46 /Users/paul/WorkSpace/TestSoloCoder/8dcba39c-18f8-480b-b0ba-16d88d729ae7/vendor/laravel/framework/src/Illuminate/Console/Command.php(211): Illuminate\\Container\\Container->call(Array)
#47 /Users/paul/WorkSpace/TestSoloCoder/8dcba39c-18f8-480b-b0ba-16d88d729ae7/vendor/symfony/console/Command/Command.php(326): Illuminate\\Console\\Command->execute(Object(Symfony\\Component\\Console\\Input\\ArgvInput), Object(Illuminate\\Console\\OutputStyle))
#48 /Users/paul/WorkSpace/TestSoloCoder/8dcba39c-18f8-480b-b0ba-16d88d729ae7/vendor/laravel/framework/src/Illuminate/Console/Command.php(180): Symfony\\Component\\Console\\Command\\Command->run(Object(Symfony\\Component\\Console\\Input\\ArgvInput), Object(Illuminate\\Console\\OutputStyle))
#49 /Users/paul/WorkSpace/TestSoloCoder/8dcba39c-18f8-480b-b0ba-16d88d729ae7/vendor/symfony/console/Application.php(1121): Illuminate\\Console\\Command->run(Object(Symfony\\Component\\Console\\Input\\ArgvInput), Object(Symfony\\Component\\Console\\Output\\ConsoleOutput))
#50 /Users/paul/WorkSpace/TestSoloCoder/8dcba39c-18f8-480b-b0ba-16d88d729ae7/vendor/symfony/console/Application.php(324): Symfony\\Component\\Console\\Application->doRunCommand(Object(Illuminate\\Database\\Console\\Migrations\\FreshCommand), Object(Symfony\\Component\\Console\\Input\\ArgvInput), Object(Symfony\\Component\\Console\\Output\\ConsoleOutput))
#51 /Users/paul/WorkSpace/TestSoloCoder/8dcba39c-18f8-480b-b0ba-16d88d729ae7/vendor/symfony/console/Application.php(175): Symfony\\Component\\Console\\Application->doRun(Object(Symfony\\Component\\Console\\Input\\ArgvInput), Object(Symfony\\Component\\Console\\Output\\ConsoleOutput))
#52 /Users/paul/WorkSpace/TestSoloCoder/8dcba39c-18f8-480b-b0ba-16d88d729ae7/vendor/laravel/framework/src/Illuminate/Foundation/Console/Kernel.php(201): Symfony\\Component\\Console\\Application->run(Object(Symfony\\Component\\Console\\Input\\ArgvInput), Object(Symfony\\Component\\Console\\Output\\ConsoleOutput))
#53 /Users/paul/WorkSpace/TestSoloCoder/8dcba39c-18f8-480b-b0ba-16d88d729ae7/artisan(12): Illuminate\\Foundation\\Console\\Kernel->handle(Object(Symfony\\Component\\Console\\Input\\ArgvInput), Object(Symfony\\Component\\Console\\Output\\ConsoleOutput))
#54 {main}
"} 
[2026-06-17 23:11:40] local.ERROR: SQLSTATE[23000]: Integrity constraint violation: 19 NOT NULL constraint failed: roles.slug (Connection: sqlite, SQL: insert into "roles" ("tenant_id", "name", "display_name", "description", "updated_at", "created_at") values (1, owner, Owner, Full system access, 2026-06-17 23:11:40, 2026-06-17 23:11:40)) {"exception":"[object] (Illuminate\\Database\\QueryException(code: 23000): SQLSTATE[23000]: Integrity constraint violation: 19 NOT NULL constraint failed: roles.slug (Connection: sqlite, SQL: insert into \"roles\" (\"tenant_id\", \"name\", \"display_name\", \"description\", \"updated_at\", \"created_at\") values (1, owner, Owner, Full system access, 2026-06-17 23:11:40, 2026-06-17 23:11:40)) at /Users/paul/WorkSpace/TestSoloCoder/8dcba39c-18f8-480b-b0ba-16d88d729ae7/vendor/laravel/framework/src/Illuminate/Database/Connection.php:829)
[stacktrace]
#0 /Users/paul/WorkSpace/TestSoloCoder/8dcba39c-18f8-480b-b0ba-16d88d729ae7/vendor/laravel/framework/src/Illuminate/Database/Connection.php(783): Illuminate\\Database\\Connection->runQueryCallback('insert into \"ro...', Array, Object(Closure))
#1 /Users/paul/WorkSpace/TestSoloCoder/8dcba39c-18f8-480b-b0ba-16d88d729ae7/vendor/laravel/framework/src/Illuminate/Database/Connection.php(576): Illuminate\\Database\\Connection->run('insert into \"ro...', Array, Object(Closure))
#2 /Users/paul/WorkSpace/TestSoloCoder/8dcba39c-18f8-480b-b0ba-16d88d729ae7/vendor/laravel/framework/src/Illuminate/Database/Connection.php(540): Illuminate\\Database\\Connection->statement('insert into \"ro...', Array)
#3 /Users/paul/WorkSpace/TestSoloCoder/8dcba39c-18f8-480b-b0ba-16d88d729ae7/vendor/laravel/framework/src/Illuminate/Database/Query/Processors/Processor.php(32): Illuminate\\Database\\Connection->insert('insert into \"ro...', Array)
#4 /Users/paul/WorkSpace/TestSoloCoder/8dcba39c-18f8-480b-b0ba-16d88d729ae7/vendor/laravel/framework/src/Illuminate/Database/Query/Builder.php(3549): Illuminate\\Database\\Query\\Processors\\Processor->processInsertGetId(Object(Illuminate\\Database\\Query\\Builder), 'insert into \"ro...', Array, 'id')
#5 /Users/paul/WorkSpace/TestSoloCoder/8dcba39c-18f8-480b-b0ba-16d88d729ae7/vendor/laravel/framework/src/Illuminate/Database/Eloquent/Builder.php(1982): Illuminate\\Database\\Query\\Builder->insertGetId(Array, 'id')
#6 /Users/paul/WorkSpace/TestSoloCoder/8dcba39c-18f8-480b-b0ba-16d88d729ae7/vendor/laravel/framework/src/Illuminate/Database/Eloquent/Model.php(1334): Illuminate\\Database\\Eloquent\\Builder->__call('insertGetId', Array)
#7 /Users/paul/WorkSpace/TestSoloCoder/8dcba39c-18f8-480b-b0ba-16d88d729ae7/vendor/laravel/framework/src/Illuminate/Database/Eloquent/Model.php(1299): Illuminate\\Database\\Eloquent\\Model->insertAndSetId(Object(Illuminate\\Database\\Eloquent\\Builder), Array)
#8 /Users/paul/WorkSpace/TestSoloCoder/8dcba39c-18f8-480b-b0ba-16d88d729ae7/vendor/laravel/framework/src/Illuminate/Database/Eloquent/Model.php(1138): Illuminate\\Database\\Eloquent\\Model->performInsert(Object(Illuminate\\Database\\Eloquent\\Builder))
#9 /Users/paul/WorkSpace/TestSoloCoder/8dcba39c-18f8-480b-b0ba-16d88d729ae7/vendor/laravel/framework/src/Illuminate/Database/Eloquent/Builder.php(1025): Illuminate\\Database\\Eloquent\\Model->save()
#10 /Users/paul/WorkSpace/TestSoloCoder/8dcba39c-18f8-480b-b0ba-16d88d729ae7/vendor/laravel/framework/src/Illuminate/Support/helpers.php(320): Illuminate\\Database\\Eloquent\\Builder->{closure:Illuminate\\Database\\Eloquent\\Builder::create():1024}(Object(App\\Models\\Role))
#11 /Users/paul/WorkSpace/TestSoloCoder/8dcba39c-18f8-480b-b0ba-16d88d729ae7/vendor/laravel/framework/src/Illuminate/Database/Eloquent/Builder.php(1024): tap(Object(App\\Models\\Role), Object(Closure))
#12 /Users/paul/WorkSpace/TestSoloCoder/8dcba39c-18f8-480b-b0ba-16d88d729ae7/vendor/laravel/framework/src/Illuminate/Support/Traits/ForwardsCalls.php(23): Illuminate\\Database\\Eloquent\\Builder->create(Array)
#13 /Users/paul/WorkSpace/TestSoloCoder/8dcba39c-18f8-480b-b0ba-16d88d729ae7/vendor/laravel/framework/src/Illuminate/Database/Eloquent/Model.php(2335): Illuminate\\Database\\Eloquent\\Model->forwardCallTo(Object(Illuminate\\Database\\Eloquent\\Builder), 'create', Array)
#14 /Users/paul/WorkSpace/TestSoloCoder/8dcba39c-18f8-480b-b0ba-16d88d729ae7/vendor/laravel/framework/src/Illuminate/Database/Eloquent/Model.php(2347): Illuminate\\Database\\Eloquent\\Model->__call('create', Array)
#15 /Users/paul/WorkSpace/TestSoloCoder/8dcba39c-18f8-480b-b0ba-16d88d729ae7/database/seeders/DatabaseSeeder.php(55): Illuminate\\Database\\Eloquent\\Model::__callStatic('create', Array)
#16 /Users/paul/WorkSpace/TestSoloCoder/8dcba39c-18f8-480b-b0ba-16d88d729ae7/database/seeders/DatabaseSeeder.php(18): Database\\Seeders\\DatabaseSeeder->createDemoTenant()
#17 /Users/paul/WorkSpace/TestSoloCoder/8dcba39c-18f8-480b-b0ba-16d88d729ae7/vendor/laravel/framework/src/Illuminate/Container/BoundMethod.php(36): Database\\Seeders\\DatabaseSeeder->run()
#18 /Users/paul/WorkSpace/TestSoloCoder/8dcba39c-18f8-480b-b0ba-16d88d729ae7/vendor/laravel/framework/src/Illuminate/Container/Util.php(41): Illuminate\\Container\\BoundMethod::{closure:Illuminate\\Container\\BoundMethod::call():35}()
#19 /Users/paul/WorkSpace/TestSoloCoder/8dcba39c-18f8-480b-b0ba-16d88d729ae7/vendor/laravel/framework/src/Illuminate/Container/BoundMethod.php(93): Illuminate\\Container\\Util::unwrapIfClosure(Object(Closure))
#20 /Users/paul/WorkSpace/TestSoloCoder/8dcba39c-18f8-480b-b0ba-16d88d729ae7/vendor/laravel/framework/src/Illuminate/Container/BoundMethod.php(35): Illuminate\\Container\\BoundMethod::callBoundMethod(Object(Illuminate\\Foundation\\Application), Array, Object(Closure))
#21 /Users/paul/WorkSpace/TestSoloCoder/8dcba39c-18f8-480b-b0ba-16d88d729ae7/vendor/laravel/framework/src/Illuminate/Container/Container.php(662): Illuminate\\Container\\BoundMethod::call(Object(Illuminate\\Foundation\\Application), Array, Array, NULL)
#22 /Users/paul/WorkSpace/TestSoloCoder/8dcba39c-18f8-480b-b0ba-16d88d729ae7/vendor/laravel/framework/src/Illuminate/Database/Seeder.php(184): Illuminate\\Container\\Container->call(Array, Array)
#23 /Users/paul/WorkSpace/TestSoloCoder/8dcba39c-18f8-480b-b0ba-16d88d729ae7/vendor/laravel/framework/src/Illuminate/Database/Seeder.php(193): Illuminate\\Database\\Seeder->{closure:Illuminate\\Database\\Seeder::__invoke():183}()
#24 /Users/paul/WorkSpace/TestSoloCoder/8dcba39c-18f8-480b-b0ba-16d88d729ae7/vendor/laravel/framework/src/Illuminate/Database/Console/Seeds/SeedCommand.php(70): Illuminate\\Database\\Seeder->__invoke()
#25 /Users/paul/WorkSpace/TestSoloCoder/8dcba39c-18f8-480b-b0ba-16d88d729ae7/vendor/laravel/framework/src/Illuminate/Database/Eloquent/Concerns/GuardsAttributes.php(155): Illuminate\\Database\\Console\\Seeds\\SeedCommand->{closure:Illuminate\\Database\\Console\\Seeds\\SeedCommand::handle():69}()
#26 /Users/paul/WorkSpace/TestSoloCoder/8dcba39c-18f8-480b-b0ba-16d88d729ae7/vendor/laravel/framework/src/Illuminate/Database/Console/Seeds/SeedCommand.php(69): Illuminate\\Database\\Eloquent\\Model::unguarded(Object(Closure))
#27 /Users/paul/WorkSpace/TestSoloCoder/8dcba39c-18f8-480b-b0ba-16d88d729ae7/vendor/laravel/framework/src/Illuminate/Container/BoundMethod.php(36): Illuminate\\Database\\Console\\Seeds\\SeedCommand->handle()
#28 /Users/paul/WorkSpace/TestSoloCoder/8dcba39c-18f8-480b-b0ba-16d88d729ae7/vendor/laravel/framework/src/Illuminate/Container/Util.php(41): Illuminate\\Container\\BoundMethod::{closure:Illuminate\\Container\\BoundMethod::call():35}()
#29 /Users/paul/WorkSpace/TestSoloCoder/8dcba39c-18f8-480b-b0ba-16d88d729ae7/vendor/laravel/framework/src/Illuminate/Container/BoundMethod.php(93): Illuminate\\Container\\Util::unwrapIfClosure(Object(Closure))
#30 /Users/paul/WorkSpace/TestSoloCoder/8dcba39c-18f8-480b-b0ba-16d88d729ae7/vendor/laravel/framework/src/Illuminate/Container/BoundMethod.php(35): Illuminate\\Container\\BoundMethod::callBoundMethod(Object(Illuminate\\Foundation\\Application), Array, Object(Closure))
#31 /Users/paul/WorkSpace/TestSoloCoder/8dcba39c-18f8-480b-b0ba-16d88d729ae7/vendor/laravel/framework/src/Illuminate/Container/Container.php(662): Illuminate\\Container\\BoundMethod::call(Object(Illuminate\\Foundation\\Application), Array, Array, NULL)
#32 /Users/paul/WorkSpace/TestSoloCoder/8dcba39c-18f8-480b-b0ba-16d88d729ae7/vendor/laravel/framework/src/Illuminate/Console/Command.php(211): Illuminate\\Container\\Container->call(Array)
#33 /Users/paul/WorkSpace/TestSoloCoder/8dcba39c-18f8-480b-b0ba-16d88d729ae7/vendor/symfony/console/Command/Command.php(326): Illuminate\\Console\\Command->execute(Object(Symfony\\Component\\Console\\Input\\ArrayInput), Object(Illuminate\\Console\\OutputStyle))
#34 /Users/paul/WorkSpace/TestSoloCoder/8dcba39c-18f8-480b-b0ba-16d88d729ae7/vendor/laravel/framework/src/Illuminate/Console/Command.php(180): Symfony\\Component\\Console\\Command\\Command->run(Object(Symfony\\Component\\Console\\Input\\ArrayInput), Object(Illuminate\\Console\\OutputStyle))
#35 /Users/paul/WorkSpace/TestSoloCoder/8dcba39c-18f8-480b-b0ba-16d88d729ae7/vendor/laravel/framework/src/Illuminate/Console/Concerns/CallsCommands.php(67): Illuminate\\Console\\Command->run(Object(Symfony\\Component\\Console\\Input\\ArrayInput), Object(Illuminate\\Console\\OutputStyle))
#36 /Users/paul/WorkSpace/TestSoloCoder/8dcba39c-18f8-480b-b0ba-16d88d729ae7/vendor/laravel/framework/src/Illuminate/Console/Concerns/CallsCommands.php(28): Illuminate\\Console\\Command->runCommand('db:seed', Array, Object(Illuminate\\Console\\OutputStyle))
#37 /Users/paul/WorkSpace/TestSoloCoder/8dcba39c-18f8-480b-b0ba-16d88d729ae7/vendor/laravel/framework/src/Illuminate/Database/Console/Migrations/FreshCommand.php(93): Illuminate\\Console\\Command->call('db:seed', Array)
#38 /Users/paul/WorkSpace/TestSoloCoder/8dcba39c-18f8-480b-b0ba-16d88d729ae7/vendor/laravel/framework/src/Illuminate/Database/Console/Migrations/FreshCommand.php(69): Illuminate\\Database\\Console\\Migrations\\FreshCommand->runSeeder(NULL)
#39 /Users/paul/WorkSpace/TestSoloCoder/8dcba39c-18f8-480b-b0ba-16d88d729ae7/vendor/laravel/framework/src/Illuminate/Container/BoundMethod.php(36): Illuminate\\Database\\Console\\Migrations\\FreshCommand->handle()
#40 /Users/paul/WorkSpace/TestSoloCoder/8dcba39c-18f8-480b-b0ba-16d88d729ae7/vendor/laravel/framework/src/Illuminate/Container/Util.php(41): Illuminate\\Container\\BoundMethod::{closure:Illuminate\\Container\\BoundMethod::call():35}()
#41 /Users/paul/WorkSpace/TestSoloCoder/8dcba39c-18f8-480b-b0ba-16d88d729ae7/vendor/laravel/framework/src/Illuminate/Container/BoundMethod.php(93): Illuminate\\Container\\Util::unwrapIfClosure(Object(Closure))
#42 /Users/paul/WorkSpace/TestSoloCoder/8dcba39c-18f8-480b-b0ba-16d88d729ae7/vendor/laravel/framework/src/Illuminate/Container/BoundMethod.php(35): Illuminate\\Container\\BoundMethod::callBoundMethod(Object(Illuminate\\Foundation\\Application), Array, Object(Closure))
#43 /Users/paul/WorkSpace/TestSoloCoder/8dcba39c-18f8-480b-b0ba-16d88d729ae7/vendor/laravel/framework/src/Illuminate/Container/Container.php(662): Illuminate\\Container\\BoundMethod::call(Object(Illuminate\\Foundation\\Application), Array, Array, NULL)
#44 /Users/paul/WorkSpace/TestSoloCoder/8dcba39c-18f8-480b-b0ba-16d88d729ae7/vendor/laravel/framework/src/Illuminate/Console/Command.php(211): Illuminate\\Container\\Container->call(Array)
#45 /Users/paul/WorkSpace/TestSoloCoder/8dcba39c-18f8-480b-b0ba-16d88d729ae7/vendor/symfony/console/Command/Command.php(326): Illuminate\\Console\\Command->execute(Object(Symfony\\Component\\Console\\Input\\ArgvInput), Object(Illuminate\\Console\\OutputStyle))
#46 /Users/paul/WorkSpace/TestSoloCoder/8dcba39c-18f8-480b-b0ba-16d88d729ae7/vendor/laravel/framework/src/Illuminate/Console/Command.php(180): Symfony\\Component\\Console\\Command\\Command->run(Object(Symfony\\Component\\Console\\Input\\ArgvInput), Object(Illuminate\\Console\\OutputStyle))
#47 /Users/paul/WorkSpace/TestSoloCoder/8dcba39c-18f8-480b-b0ba-16d88d729ae7/vendor/symfony/console/Application.php(1121): Illuminate\\Console\\Command->run(Object(Symfony\\Component\\Console\\Input\\ArgvInput), Object(Symfony\\Component\\Console\\Output\\ConsoleOutput))
#48 /Users/paul/WorkSpace/TestSoloCoder/8dcba39c-18f8-480b-b0ba-16d88d729ae7/vendor/symfony/console/Application.php(324): Symfony\\Component\\Console\\Application->doRunCommand(Object(Illuminate\\Database\\Console\\Migrations\\FreshCommand), Object(Symfony\\Component\\Console\\Input\\ArgvInput), Object(Symfony\\Component\\Console\\Output\\ConsoleOutput))
#49 /Users/paul/WorkSpace/TestSoloCoder/8dcba39c-18f8-480b-b0ba-16d88d729ae7/vendor/symfony/console/Application.php(175): Symfony\\Component\\Console\\Application->doRun(Object(Symfony\\Component\\Console\\Input\\ArgvInput), Object(Symfony\\Component\\Console\\Output\\ConsoleOutput))
#50 /Users/paul/WorkSpace/TestSoloCoder/8dcba39c-18f8-480b-b0ba-16d88d729ae7/vendor/laravel/framework/src/Illuminate/Foundation/Console/Kernel.php(201): Symfony\\Component\\Console\\Application->run(Object(Symfony\\Component\\Console\\Input\\ArgvInput), Object(Symfony\\Component\\Console\\Output\\ConsoleOutput))
#51 /Users/paul/WorkSpace/TestSoloCoder/8dcba39c-18f8-480b-b0ba-16d88d729ae7/artisan(12): Illuminate\\Foundation\\Console\\Kernel->handle(Object(Symfony\\Component\\Console\\Input\\ArgvInput), Object(Symfony\\Component\\Console\\Output\\ConsoleOutput))
#52 {main}

[previous exception] [object] (PDOException(code: 23000): SQLSTATE[23000]: Integrity constraint violation: 19 NOT NULL constraint failed: roles.slug at /Users/paul/WorkSpace/TestSoloCoder/8dcba39c-18f8-480b-b0ba-16d88d729ae7/vendor/laravel/framework/src/Illuminate/Database/Connection.php:587)
[stacktrace]
#0 /Users/paul/WorkSpace/TestSoloCoder/8dcba39c-18f8-480b-b0ba-16d88d729ae7/vendor/laravel/framework/src/Illuminate/Database/Connection.php(587): PDOStatement->execute()
#1 /Users/paul/WorkSpace/TestSoloCoder/8dcba39c-18f8-480b-b0ba-16d88d729ae7/vendor/laravel/framework/src/Illuminate/Database/Connection.php(816): Illuminate\\Database\\Connection->{closure:Illuminate\\Database\\Connection::statement():576}('insert into \"ro...', Array)
#2 /Users/paul/WorkSpace/TestSoloCoder/8dcba39c-18f8-480b-b0ba-16d88d729ae7/vendor/laravel/framework/src/Illuminate/Database/Connection.php(783): Illuminate\\Database\\Connection->runQueryCallback('insert into \"ro...', Array, Object(Closure))
#3 /Users/paul/WorkSpace/TestSoloCoder/8dcba39c-18f8-480b-b0ba-16d88d729ae7/vendor/laravel/framework/src/Illuminate/Database/Connection.php(576): Illuminate\\Database\\Connection->run('insert into \"ro...', Array, Object(Closure))
#4 /Users/paul/WorkSpace/TestSoloCoder/8dcba39c-18f8-480b-b0ba-16d88d729ae7/vendor/laravel/framework/src/Illuminate/Database/Connection.php(540): Illuminate\\Database\\Connection->statement('insert into \"ro...', Array)
#5 /Users/paul/WorkSpace/TestSoloCoder/8dcba39c-18f8-480b-b0ba-16d88d729ae7/vendor/laravel/framework/src/Illuminate/Database/Query/Processors/Processor.php(32): Illuminate\\Database\\Connection->insert('insert into \"ro...', Array)
#6 /Users/paul/WorkSpace/TestSoloCoder/8dcba39c-18f8-480b-b0ba-16d88d729ae7/vendor/laravel/framework/src/Illuminate/Database/Query/Builder.php(3549): Illuminate\\Database\\Query\\Processors\\Processor->processInsertGetId(Object(Illuminate\\Database\\Query\\Builder), 'insert into \"ro...', Array, 'id')
#7 /Users/paul/WorkSpace/TestSoloCoder/8dcba39c-18f8-480b-b0ba-16d88d729ae7/vendor/laravel/framework/src/Illuminate/Database/Eloquent/Builder.php(1982): Illuminate\\Database\\Query\\Builder->insertGetId(Array, 'id')
#8 /Users/paul/WorkSpace/TestSoloCoder/8dcba39c-18f8-480b-b0ba-16d88d729ae7/vendor/laravel/framework/src/Illuminate/Database/Eloquent/Model.php(1334): Illuminate\\Database\\Eloquent\\Builder->__call('insertGetId', Array)
#9 /Users/paul/WorkSpace/TestSoloCoder/8dcba39c-18f8-480b-b0ba-16d88d729ae7/vendor/laravel/framework/src/Illuminate/Database/Eloquent/Model.php(1299): Illuminate\\Database\\Eloquent\\Model->insertAndSetId(Object(Illuminate\\Database\\Eloquent\\Builder), Array)
#10 /Users/paul/WorkSpace/TestSoloCoder/8dcba39c-18f8-480b-b0ba-16d88d729ae7/vendor/laravel/framework/src/Illuminate/Database/Eloquent/Model.php(1138): Illuminate\\Database\\Eloquent\\Model->performInsert(Object(Illuminate\\Database\\Eloquent\\Builder))
#11 /Users/paul/WorkSpace/TestSoloCoder/8dcba39c-18f8-480b-b0ba-16d88d729ae7/vendor/laravel/framework/src/Illuminate/Database/Eloquent/Builder.php(1025): Illuminate\\Database\\Eloquent\\Model->save()
#12 /Users/paul/WorkSpace/TestSoloCoder/8dcba39c-18f8-480b-b0ba-16d88d729ae7/vendor/laravel/framework/src/Illuminate/Support/helpers.php(320): Illuminate\\Database\\Eloquent\\Builder->{closure:Illuminate\\Database\\Eloquent\\Builder::create():1024}(Object(App\\Models\\Role))
#13 /Users/paul/WorkSpace/TestSoloCoder/8dcba39c-18f8-480b-b0ba-16d88d729ae7/vendor/laravel/framework/src/Illuminate/Database/Eloquent/Builder.php(1024): tap(Object(App\\Models\\Role), Object(Closure))
#14 /Users/paul/WorkSpace/TestSoloCoder/8dcba39c-18f8-480b-b0ba-16d88d729ae7/vendor/laravel/framework/src/Illuminate/Support/Traits/ForwardsCalls.php(23): Illuminate\\Database\\Eloquent\\Builder->create(Array)
#15 /Users/paul/WorkSpace/TestSoloCoder/8dcba39c-18f8-480b-b0ba-16d88d729ae7/vendor/laravel/framework/src/Illuminate/Database/Eloquent/Model.php(2335): Illuminate\\Database\\Eloquent\\Model->forwardCallTo(Object(Illuminate\\Database\\Eloquent\\Builder), 'create', Array)
#16 /Users/paul/WorkSpace/TestSoloCoder/8dcba39c-18f8-480b-b0ba-16d88d729ae7/vendor/laravel/framework/src/Illuminate/Database/Eloquent/Model.php(2347): Illuminate\\Database\\Eloquent\\Model->__call('create', Array)
#17 /Users/paul/WorkSpace/TestSoloCoder/8dcba39c-18f8-480b-b0ba-16d88d729ae7/database/seeders/DatabaseSeeder.php(55): Illuminate\\Database\\Eloquent\\Model::__callStatic('create', Array)
#18 /Users/paul/WorkSpace/TestSoloCoder/8dcba39c-18f8-480b-b0ba-16d88d729ae7/database/seeders/DatabaseSeeder.php(18): Database\\Seeders\\DatabaseSeeder->createDemoTenant()
#19 /Users/paul/WorkSpace/TestSoloCoder/8dcba39c-18f8-480b-b0ba-16d88d729ae7/vendor/laravel/framework/src/Illuminate/Container/BoundMethod.php(36): Database\\Seeders\\DatabaseSeeder->run()
#20 /Users/paul/WorkSpace/TestSoloCoder/8dcba39c-18f8-480b-b0ba-16d88d729ae7/vendor/laravel/framework/src/Illuminate/Container/Util.php(41): Illuminate\\Container\\BoundMethod::{closure:Illuminate\\Container\\BoundMethod::call():35}()
#21 /Users/paul/WorkSpace/TestSoloCoder/8dcba39c-18f8-480b-b0ba-16d88d729ae7/vendor/laravel/framework/src/Illuminate/Container/BoundMethod.php(93): Illuminate\\Container\\Util::unwrapIfClosure(Object(Closure))
#22 /Users/paul/WorkSpace/TestSoloCoder/8dcba39c-18f8-480b-b0ba-16d88d729ae7/vendor/laravel/framework/src/Illuminate/Container/BoundMethod.php(35): Illuminate\\Container\\BoundMethod::callBoundMethod(Object(Illuminate\\Foundation\\Application), Array, Object(Closure))
#23 /Users/paul/WorkSpace/TestSoloCoder/8dcba39c-18f8-480b-b0ba-16d88d729ae7/vendor/laravel/framework/src/Illuminate/Container/Container.php(662): Illuminate\\Container\\BoundMethod::call(Object(Illuminate\\Foundation\\Application), Array, Array, NULL)
#24 /Users/paul/WorkSpace/TestSoloCoder/8dcba39c-18f8-480b-b0ba-16d88d729ae7/vendor/laravel/framework/src/Illuminate/Database/Seeder.php(184): Illuminate\\Container\\Container->call(Array, Array)
#25 /Users/paul/WorkSpace/TestSoloCoder/8dcba39c-18f8-480b-b0ba-16d88d729ae7/vendor/laravel/framework/src/Illuminate/Database/Seeder.php(193): Illuminate\\Database\\Seeder->{closure:Illuminate\\Database\\Seeder::__invoke():183}()
#26 /Users/paul/WorkSpace/TestSoloCoder/8dcba39c-18f8-480b-b0ba-16d88d729ae7/vendor/laravel/framework/src/Illuminate/Database/Console/Seeds/SeedCommand.php(70): Illuminate\\Database\\Seeder->__invoke()
#27 /Users/paul/WorkSpace/TestSoloCoder/8dcba39c-18f8-480b-b0ba-16d88d729ae7/vendor/laravel/framework/src/Illuminate/Database/Eloquent/Concerns/GuardsAttributes.php(155): Illuminate\\Database\\Console\\Seeds\\SeedCommand->{closure:Illuminate\\Database\\Console\\Seeds\\SeedCommand::handle():69}()
#28 /Users/paul/WorkSpace/TestSoloCoder/8dcba39c-18f8-480b-b0ba-16d88d729ae7/vendor/laravel/framework/src/Illuminate/Database/Console/Seeds/SeedCommand.php(69): Illuminate\\Database\\Eloquent\\Model::unguarded(Object(Closure))
#29 /Users/paul/WorkSpace/TestSoloCoder/8dcba39c-18f8-480b-b0ba-16d88d729ae7/vendor/laravel/framework/src/Illuminate/Container/BoundMethod.php(36): Illuminate\\Database\\Console\\Seeds\\SeedCommand->handle()
#30 /Users/paul/WorkSpace/TestSoloCoder/8dcba39c-18f8-480b-b0ba-16d88d729ae7/vendor/laravel/framework/src/Illuminate/Container/Util.php(41): Illuminate\\Container\\BoundMethod::{closure:Illuminate\\Container\\BoundMethod::call():35}()
#31 /Users/paul/WorkSpace/TestSoloCoder/8dcba39c-18f8-480b-b0ba-16d88d729ae7/vendor/laravel/framework/src/Illuminate/Container/BoundMethod.php(93): Illuminate\\Container\\Util::unwrapIfClosure(Object(Closure))
#32 /Users/paul/WorkSpace/TestSoloCoder/8dcba39c-18f8-480b-b0ba-16d88d729ae7/vendor/laravel/framework/src/Illuminate/Container/BoundMethod.php(35): Illuminate\\Container\\BoundMethod::callBoundMethod(Object(Illuminate\\Foundation\\Application), Array, Object(Closure))
#33 /Users/paul/WorkSpace/TestSoloCoder/8dcba39c-18f8-480b-b0ba-16d88d729ae7/vendor/laravel/framework/src/Illuminate/Container/Container.php(662): Illuminate\\Container\\BoundMethod::call(Object(Illuminate\\Foundation\\Application), Array, Array, NULL)
#34 /Users/paul/WorkSpace/TestSoloCoder/8dcba39c-18f8-480b-b0ba-16d88d729ae7/vendor/laravel/framework/src/Illuminate/Console/Command.php(211): Illuminate\\Container\\Container->call(Array)
#35 /Users/paul/WorkSpace/TestSoloCoder/8dcba39c-18f8-480b-b0ba-16d88d729ae7/vendor/symfony/console/Command/Command.php(326): Illuminate\\Console\\Command->execute(Object(Symfony\\Component\\Console\\Input\\ArrayInput), Object(Illuminate\\Console\\OutputStyle))
#36 /Users/paul/WorkSpace/TestSoloCoder/8dcba39c-18f8-480b-b0ba-16d88d729ae7/vendor/laravel/framework/src/Illuminate/Console/Command.php(180): Symfony\\Component\\Console\\Command\\Command->run(Object(Symfony\\Component\\Console\\Input\\ArrayInput), Object(Illuminate\\Console\\OutputStyle))
#37 /Users/paul/WorkSpace/TestSoloCoder/8dcba39c-18f8-480b-b0ba-16d88d729ae7/vendor/laravel/framework/src/Illuminate/Console/Concerns/CallsCommands.php(67): Illuminate\\Console\\Command->run(Object(Symfony\\Component\\Console\\Input\\ArrayInput), Object(Illuminate\\Console\\OutputStyle))
#38 /Users/paul/WorkSpace/TestSoloCoder/8dcba39c-18f8-480b-b0ba-16d88d729ae7/vendor/laravel/framework/src/Illuminate/Console/Concerns/CallsCommands.php(28): Illuminate\\Console\\Command->runCommand('db:seed', Array, Object(Illuminate\\Console\\OutputStyle))
#39 /Users/paul/WorkSpace/TestSoloCoder/8dcba39c-18f8-480b-b0ba-16d88d729ae7/vendor/laravel/framework/src/Illuminate/Database/Console/Migrations/FreshCommand.php(93): Illuminate\\Console\\Command->call('db:seed', Array)
#40 /Users/paul/WorkSpace/TestSoloCoder/8dcba39c-18f8-480b-b0ba-16d88d729ae7/vendor/laravel/framework/src/Illuminate/Database/Console/Migrations/FreshCommand.php(69): Illuminate\\Database\\Console\\Migrations\\FreshCommand->runSeeder(NULL)
#41 /Users/paul/WorkSpace/TestSoloCoder/8dcba39c-18f8-480b-b0ba-16d88d729ae7/vendor/laravel/framework/src/Illuminate/Container/BoundMethod.php(36): Illuminate\\Database\\Console\\Migrations\\FreshCommand->handle()
#42 /Users/paul/WorkSpace/TestSoloCoder/8dcba39c-18f8-480b-b0ba-16d88d729ae7/vendor/laravel/framework/src/Illuminate/Container/Util.php(41): Illuminate\\Container\\BoundMethod::{closure:Illuminate\\Container\\BoundMethod::call():35}()
#43 /Users/paul/WorkSpace/TestSoloCoder/8dcba39c-18f8-480b-b0ba-16d88d729ae7/vendor/laravel/framework/src/Illuminate/Container/BoundMethod.php(93): Illuminate\\Container\\Util::unwrapIfClosure(Object(Closure))
#44 /Users/paul/WorkSpace/TestSoloCoder/8dcba39c-18f8-480b-b0ba-16d88d729ae7/vendor/laravel/framework/src/Illuminate/Container/BoundMethod.php(35): Illuminate\\Container\\BoundMethod::callBoundMethod(Object(Illuminate\\Foundation\\Application), Array, Object(Closure))
#45 /Users/paul/WorkSpace/TestSoloCoder/8dcba39c-18f8-480b-b0ba-16d88d729ae7/vendor/laravel/framework/src/Illuminate/Container/Container.php(662): Illuminate\\Container\\BoundMethod::call(Object(Illuminate\\Foundation\\Application), Array, Array, NULL)
#46 /Users/paul/WorkSpace/TestSoloCoder/8dcba39c-18f8-480b-b0ba-16d88d729ae7/vendor/laravel/framework/src/Illuminate/Console/Command.php(211): Illuminate\\Container\\Container->call(Array)
#47 /Users/paul/WorkSpace/TestSoloCoder/8dcba39c-18f8-480b-b0ba-16d88d729ae7/vendor/symfony/console/Command/Command.php(326): Illuminate\\Console\\Command->execute(Object(Symfony\\Component\\Console\\Input\\ArgvInput), Object(Illuminate\\Console\\OutputStyle))
#48 /Users/paul/WorkSpace/TestSoloCoder/8dcba39c-18f8-480b-b0ba-16d88d729ae7/vendor/laravel/framework/src/Illuminate/Console/Command.php(180): Symfony\\Component\\Console\\Command\\Command->run(Object(Symfony\\Component\\Console\\Input\\ArgvInput), Object(Illuminate\\Console\\OutputStyle))
#49 /Users/paul/WorkSpace/TestSoloCoder/8dcba39c-18f8-480b-b0ba-16d88d729ae7/vendor/symfony/console/Application.php(1121): Illuminate\\Console\\Command->run(Object(Symfony\\Component\\Console\\Input\\ArgvInput), Object(Symfony\\Component\\Console\\Output\\ConsoleOutput))
#50 /Users/paul/WorkSpace/TestSoloCoder/8dcba39c-18f8-480b-b0ba-16d88d729ae7/vendor/symfony/console/Application.php(324): Symfony\\Component\\Console\\Application->doRunCommand(Object(Illuminate\\Database\\Console\\Migrations\\FreshCommand), Object(Symfony\\Component\\Console\\Input\\ArgvInput), Object(Symfony\\Component\\Console\\Output\\ConsoleOutput))
#51 /Users/paul/WorkSpace/TestSoloCoder/8dcba39c-18f8-480b-b0ba-16d88d729ae7/vendor/symfony/console/Application.php(175): Symfony\\Component\\Console\\Application->doRun(Object(Symfony\\Component\\Console\\Input\\ArgvInput), Object(Symfony\\Component\\Console\\Output\\ConsoleOutput))
#52 /Users/paul/WorkSpace/TestSoloCoder/8dcba39c-18f8-480b-b0ba-16d88d729ae7/vendor/laravel/framework/src/Illuminate/Foundation/Console/Kernel.php(201): Symfony\\Component\\Console\\Application->run(Object(Symfony\\Component\\Console\\Input\\ArgvInput), Object(Symfony\\Component\\Console\\Output\\ConsoleOutput))
#53 /Users/paul/WorkSpace/TestSoloCoder/8dcba39c-18f8-480b-b0ba-16d88d729ae7/artisan(12): Illuminate\\Foundation\\Console\\Kernel->handle(Object(Symfony\\Component\\Console\\Input\\ArgvInput), Object(Symfony\\Component\\Console\\Output\\ConsoleOutput))
#54 {main}
"} 
[2026-06-17 23:14:04] laravel.EMERGENCY: Unable to create configured logger. Using emergency logger. {"exception":"[object] (InvalidArgumentException(code: 0): Driver [sentry] is not supported. at /Users/paul/WorkSpace/TestSoloCoder/8dcba39c-18f8-480b-b0ba-16d88d729ae7/vendor/laravel/framework/src/Illuminate/Log/LogManager.php:225)
[stacktrace]
#0 /Users/paul/WorkSpace/TestSoloCoder/8dcba39c-18f8-480b-b0ba-16d88d729ae7/vendor/laravel/framework/src/Illuminate/Log/LogManager.php(137): Illuminate\\Log\\LogManager->resolve('sentry', Array)
#1 /Users/paul/WorkSpace/TestSoloCoder/8dcba39c-18f8-480b-b0ba-16d88d729ae7/vendor/laravel/framework/src/Illuminate/Log/LogManager.php(124): Illuminate\\Log\\LogManager->get('sentry')
#2 /Users/paul/WorkSpace/TestSoloCoder/8dcba39c-18f8-480b-b0ba-16d88d729ae7/vendor/laravel/framework/src/Illuminate/Log/LogManager.php(113): Illuminate\\Log\\LogManager->driver('sentry')
#3 /Users/paul/WorkSpace/TestSoloCoder/8dcba39c-18f8-480b-b0ba-16d88d729ae7/vendor/laravel/framework/src/Illuminate/Log/LogManager.php(267): Illuminate\\Log\\LogManager->channel('sentry')
#4 [internal function]: Illuminate\\Log\\LogManager->{closure:Illuminate\\Log\\LogManager::createStackDriver():264}('sentry', 1)
#5 /Users/paul/WorkSpace/TestSoloCoder/8dcba39c-18f8-480b-b0ba-16d88d729ae7/vendor/laravel/framework/src/Illuminate/Collections/Arr.php(600): array_map(Object(Closure), Array, Array)
#6 /Users/paul/WorkSpace/TestSoloCoder/8dcba39c-18f8-480b-b0ba-16d88d729ae7/vendor/laravel/framework/src/Illuminate/Collections/Collection.php(778): Illuminate\\Support\\Arr::map(Array, Object(Closure))
#7 /Users/paul/WorkSpace/TestSoloCoder/8dcba39c-18f8-480b-b0ba-16d88d729ae7/vendor/laravel/framework/src/Illuminate/Collections/Traits/EnumeratesValues.php(404): Illuminate\\Support\\Collection->map(Object(Closure))
#8 /Users/paul/WorkSpace/TestSoloCoder/8dcba39c-18f8-480b-b0ba-16d88d729ae7/vendor/laravel/framework/src/Illuminate/Log/LogManager.php(264): Illuminate\\Support\\Collection->flatMap(Object(Closure))
#9 /Users/paul/WorkSpace/TestSoloCoder/8dcba39c-18f8-480b-b0ba-16d88d729ae7/vendor/laravel/framework/src/Illuminate/Log/LogManager.php(222): Illuminate\\Log\\LogManager->createStackDriver(Array)
#10 /Users/paul/WorkSpace/TestSoloCoder/8dcba39c-18f8-480b-b0ba-16d88d729ae7/vendor/laravel/framework/src/Illuminate/Log/LogManager.php(137): Illuminate\\Log\\LogManager->resolve('stack', Array)
#11 /Users/paul/WorkSpace/TestSoloCoder/8dcba39c-18f8-480b-b0ba-16d88d729ae7/vendor/laravel/framework/src/Illuminate/Log/LogManager.php(124): Illuminate\\Log\\LogManager->get('stack')
#12 /Users/paul/WorkSpace/TestSoloCoder/8dcba39c-18f8-480b-b0ba-16d88d729ae7/vendor/laravel/framework/src/Illuminate/Log/LogManager.php(681): Illuminate\\Log\\LogManager->driver()
#13 /Users/paul/WorkSpace/TestSoloCoder/8dcba39c-18f8-480b-b0ba-16d88d729ae7/vendor/laravel/framework/src/Illuminate/Foundation/Exceptions/Handler.php(317): Illuminate\\Log\\LogManager->error('SQLSTATE[23000]...', Array)
#14 /Users/paul/WorkSpace/TestSoloCoder/8dcba39c-18f8-480b-b0ba-16d88d729ae7/vendor/laravel/framework/src/Illuminate/Foundation/Exceptions/Handler.php(278): Illuminate\\Foundation\\Exceptions\\Handler->reportThrowable(Object(Illuminate\\Database\\QueryException))
#15 /Users/paul/WorkSpace/TestSoloCoder/8dcba39c-18f8-480b-b0ba-16d88d729ae7/vendor/laravel/framework/src/Illuminate/Foundation/Console/Kernel.php(523): Illuminate\\Foundation\\Exceptions\\Handler->report(Object(Illuminate\\Database\\QueryException))
#16 /Users/paul/WorkSpace/TestSoloCoder/8dcba39c-18f8-480b-b0ba-16d88d729ae7/vendor/laravel/framework/src/Illuminate/Foundation/Console/Kernel.php(203): Illuminate\\Foundation\\Console\\Kernel->reportException(Object(Illuminate\\Database\\QueryException))
#17 /Users/paul/WorkSpace/TestSoloCoder/8dcba39c-18f8-480b-b0ba-16d88d729ae7/artisan(12): Illuminate\\Foundation\\Console\\Kernel->handle(Object(Symfony\\Component\\Console\\Input\\ArgvInput), Object(Symfony\\Component\\Console\\Output\\ConsoleOutput))
#18 {main}
"} 
[2026-06-17 23:14:04] laravel.EMERGENCY: Unable to create configured logger. Using emergency logger. {"exception":"[object] (InvalidArgumentException(code: 0): Driver [sentry] is not supported. at /Users/paul/WorkSpace/TestSoloCoder/8dcba39c-18f8-480b-b0ba-16d88d729ae7/vendor/laravel/framework/src/Illuminate/Log/LogManager.php:225)
[stacktrace]
#0 /Users/paul/WorkSpace/TestSoloCoder/8dcba39c-18f8-480b-b0ba-16d88d729ae7/vendor/laravel/framework/src/Illuminate/Log/LogManager.php(137): Illuminate\\Log\\LogManager->resolve('sentry', Array)
#1 /Users/paul/WorkSpace/TestSoloCoder/8dcba39c-18f8-480b-b0ba-16d88d729ae7/vendor/laravel/framework/src/Illuminate/Log/LogManager.php(124): Illuminate\\Log\\LogManager->get('sentry')
#2 /Users/paul/WorkSpace/TestSoloCoder/8dcba39c-18f8-480b-b0ba-16d88d729ae7/vendor/laravel/framework/src/Illuminate/Log/LogManager.php(113): Illuminate\\Log\\LogManager->driver('sentry')
#3 /Users/paul/WorkSpace/TestSoloCoder/8dcba39c-18f8-480b-b0ba-16d88d729ae7/vendor/laravel/framework/src/Illuminate/Log/LogManager.php(273): Illuminate\\Log\\LogManager->channel('sentry')
#4 [internal function]: Illuminate\\Log\\LogManager->{closure:Illuminate\\Log\\LogManager::createStackDriver():270}('sentry', 1)
#5 /Users/paul/WorkSpace/TestSoloCoder/8dcba39c-18f8-480b-b0ba-16d88d729ae7/vendor/laravel/framework/src/Illuminate/Collections/Arr.php(600): array_map(Object(Closure), Array, Array)
#6 /Users/paul/WorkSpace/TestSoloCoder/8dcba39c-18f8-480b-b0ba-16d88d729ae7/vendor/laravel/framework/src/Illuminate/Collections/Collection.php(778): Illuminate\\Support\\Arr::map(Array, Object(Closure))
#7 /Users/paul/WorkSpace/TestSoloCoder/8dcba39c-18f8-480b-b0ba-16d88d729ae7/vendor/laravel/framework/src/Illuminate/Collections/Traits/EnumeratesValues.php(404): Illuminate\\Support\\Collection->map(Object(Closure))
#8 /Users/paul/WorkSpace/TestSoloCoder/8dcba39c-18f8-480b-b0ba-16d88d729ae7/vendor/laravel/framework/src/Illuminate/Log/LogManager.php(270): Illuminate\\Support\\Collection->flatMap(Object(Closure))
#9 /Users/paul/WorkSpace/TestSoloCoder/8dcba39c-18f8-480b-b0ba-16d88d729ae7/vendor/laravel/framework/src/Illuminate/Log/LogManager.php(222): Illuminate\\Log\\LogManager->createStackDriver(Array)
#10 /Users/paul/WorkSpace/TestSoloCoder/8dcba39c-18f8-480b-b0ba-16d88d729ae7/vendor/laravel/framework/src/Illuminate/Log/LogManager.php(137): Illuminate\\Log\\LogManager->resolve('stack', Array)
#11 /Users/paul/WorkSpace/TestSoloCoder/8dcba39c-18f8-480b-b0ba-16d88d729ae7/vendor/laravel/framework/src/Illuminate/Log/LogManager.php(124): Illuminate\\Log\\LogManager->get('stack')
#12 /Users/paul/WorkSpace/TestSoloCoder/8dcba39c-18f8-480b-b0ba-16d88d729ae7/vendor/laravel/framework/src/Illuminate/Log/LogManager.php(681): Illuminate\\Log\\LogManager->driver()
#13 /Users/paul/WorkSpace/TestSoloCoder/8dcba39c-18f8-480b-b0ba-16d88d729ae7/vendor/laravel/framework/src/Illuminate/Foundation/Exceptions/Handler.php(317): Illuminate\\Log\\LogManager->error('SQLSTATE[23000]...', Array)
#14 /Users/paul/WorkSpace/TestSoloCoder/8dcba39c-18f8-480b-b0ba-16d88d729ae7/vendor/laravel/framework/src/Illuminate/Foundation/Exceptions/Handler.php(278): Illuminate\\Foundation\\Exceptions\\Handler->reportThrowable(Object(Illuminate\\Database\\QueryException))
#15 /Users/paul/WorkSpace/TestSoloCoder/8dcba39c-18f8-480b-b0ba-16d88d729ae7/vendor/laravel/framework/src/Illuminate/Foundation/Console/Kernel.php(523): Illuminate\\Foundation\\Exceptions\\Handler->report(Object(Illuminate\\Database\\QueryException))
#16 /Users/paul/WorkSpace/TestSoloCoder/8dcba39c-18f8-480b-b0ba-16d88d729ae7/vendor/laravel/framework/src/Illuminate/Foundation/Console/Kernel.php(203): Illuminate\\Foundation\\Console\\Kernel->reportException(Object(Illuminate\\Database\\QueryException))
#17 /Users/paul/WorkSpace/TestSoloCoder/8dcba39c-18f8-480b-b0ba-16d88d729ae7/artisan(12): Illuminate\\Foundation\\Console\\Kernel->handle(Object(Symfony\\Component\\Console\\Input\\ArgvInput), Object(Symfony\\Component\\Console\\Output\\ConsoleOutput))
#18 {main}
"} 
[2026-06-17 23:14:04] local.ERROR: SQLSTATE[23000]: Integrity constraint violation: 19 NOT NULL constraint failed: users.uuid (Connection: sqlite, SQL: insert into "users" ("tenant_id", "name", "email", "password", "email_verified_at", "timezone", "language", "is_active", "updated_at", "created_at") values (1, 系统管理员, owner@demo-company.example.com, $2y$12$own3cbrjNtPtMEoogVdmCehc7iuM.oRAa2fcPdJs618n0ATPX47C., 2026-06-17 23:14:04, Asia/Shanghai, zh_CN, 1, 2026-06-17 23:14:04, 2026-06-17 23:14:04)) {"exception":"[object] (Illuminate\\Database\\QueryException(code: 23000): SQLSTATE[23000]: Integrity constraint violation: 19 NOT NULL constraint failed: users.uuid (Connection: sqlite, SQL: insert into \"users\" (\"tenant_id\", \"name\", \"email\", \"password\", \"email_verified_at\", \"timezone\", \"language\", \"is_active\", \"updated_at\", \"created_at\") values (1, 系统管理员, owner@demo-company.example.com, $2y$12$own3cbrjNtPtMEoogVdmCehc7iuM.oRAa2fcPdJs618n0ATPX47C., 2026-06-17 23:14:04, Asia/Shanghai, zh_CN, 1, 2026-06-17 23:14:04, 2026-06-17 23:14:04)) at /Users/paul/WorkSpace/TestSoloCoder/8dcba39c-18f8-480b-b0ba-16d88d729ae7/vendor/laravel/framework/src/Illuminate/Database/Connection.php:829)
[stacktrace]
#0 /Users/paul/WorkSpace/TestSoloCoder/8dcba39c-18f8-480b-b0ba-16d88d729ae7/vendor/laravel/framework/src/Illuminate/Database/Connection.php(783): Illuminate\\Database\\Connection->runQueryCallback('insert into \"us...', Array, Object(Closure))
#1 /Users/paul/WorkSpace/TestSoloCoder/8dcba39c-18f8-480b-b0ba-16d88d729ae7/vendor/laravel/framework/src/Illuminate/Database/Connection.php(576): Illuminate\\Database\\Connection->run('insert into \"us...', Array, Object(Closure))
#2 /Users/paul/WorkSpace/TestSoloCoder/8dcba39c-18f8-480b-b0ba-16d88d729ae7/vendor/laravel/framework/src/Illuminate/Database/Connection.php(540): Illuminate\\Database\\Connection->statement('insert into \"us...', Array)
#3 /Users/paul/WorkSpace/TestSoloCoder/8dcba39c-18f8-480b-b0ba-16d88d729ae7/vendor/laravel/framework/src/Illuminate/Database/Query/Processors/Processor.php(32): Illuminate\\Database\\Connection->insert('insert into \"us...', Array)
#4 /Users/paul/WorkSpace/TestSoloCoder/8dcba39c-18f8-480b-b0ba-16d88d729ae7/vendor/laravel/framework/src/Illuminate/Database/Query/Builder.php(3549): Illuminate\\Database\\Query\\Processors\\Processor->processInsertGetId(Object(Illuminate\\Database\\Query\\Builder), 'insert into \"us...', Array, 'id')
#5 /Users/paul/WorkSpace/TestSoloCoder/8dcba39c-18f8-480b-b0ba-16d88d729ae7/vendor/laravel/framework/src/Illuminate/Database/Eloquent/Builder.php(1982): Illuminate\\Database\\Query\\Builder->insertGetId(Array, 'id')
#6 /Users/paul/WorkSpace/TestSoloCoder/8dcba39c-18f8-480b-b0ba-16d88d729ae7/vendor/laravel/framework/src/Illuminate/Database/Eloquent/Model.php(1334): Illuminate\\Database\\Eloquent\\Builder->__call('insertGetId', Array)
#7 /Users/paul/WorkSpace/TestSoloCoder/8dcba39c-18f8-480b-b0ba-16d88d729ae7/vendor/laravel/framework/src/Illuminate/Database/Eloquent/Model.php(1299): Illuminate\\Database\\Eloquent\\Model->insertAndSetId(Object(Illuminate\\Database\\Eloquent\\Builder), Array)
#8 /Users/paul/WorkSpace/TestSoloCoder/8dcba39c-18f8-480b-b0ba-16d88d729ae7/vendor/laravel/framework/src/Illuminate/Database/Eloquent/Model.php(1138): Illuminate\\Database\\Eloquent\\Model->performInsert(Object(Illuminate\\Database\\Eloquent\\Builder))
#9 /Users/paul/WorkSpace/TestSoloCoder/8dcba39c-18f8-480b-b0ba-16d88d729ae7/vendor/laravel/framework/src/Illuminate/Database/Eloquent/Builder.php(1025): Illuminate\\Database\\Eloquent\\Model->save()
#10 /Users/paul/WorkSpace/TestSoloCoder/8dcba39c-18f8-480b-b0ba-16d88d729ae7/vendor/laravel/framework/src/Illuminate/Support/helpers.php(320): Illuminate\\Database\\Eloquent\\Builder->{closure:Illuminate\\Database\\Eloquent\\Builder::create():1024}(Object(App\\Models\\User))
#11 /Users/paul/WorkSpace/TestSoloCoder/8dcba39c-18f8-480b-b0ba-16d88d729ae7/vendor/laravel/framework/src/Illuminate/Database/Eloquent/Builder.php(1024): tap(Object(App\\Models\\User), Object(Closure))
#12 /Users/paul/WorkSpace/TestSoloCoder/8dcba39c-18f8-480b-b0ba-16d88d729ae7/vendor/laravel/framework/src/Illuminate/Support/Traits/ForwardsCalls.php(23): Illuminate\\Database\\Eloquent\\Builder->create(Array)
#13 /Users/paul/WorkSpace/TestSoloCoder/8dcba39c-18f8-480b-b0ba-16d88d729ae7/vendor/laravel/framework/src/Illuminate/Database/Eloquent/Model.php(2335): Illuminate\\Database\\Eloquent\\Model->forwardCallTo(Object(Illuminate\\Database\\Eloquent\\Builder), 'create', Array)
#14 /Users/paul/WorkSpace/TestSoloCoder/8dcba39c-18f8-480b-b0ba-16d88d729ae7/vendor/laravel/framework/src/Illuminate/Database/Eloquent/Model.php(2347): Illuminate\\Database\\Eloquent\\Model->__call('create', Array)
#15 /Users/paul/WorkSpace/TestSoloCoder/8dcba39c-18f8-480b-b0ba-16d88d729ae7/database/seeders/DatabaseSeeder.php(82): Illuminate\\Database\\Eloquent\\Model::__callStatic('create', Array)
#16 /Users/paul/WorkSpace/TestSoloCoder/8dcba39c-18f8-480b-b0ba-16d88d729ae7/database/seeders/DatabaseSeeder.php(18): Database\\Seeders\\DatabaseSeeder->createDemoTenant()
#17 /Users/paul/WorkSpace/TestSoloCoder/8dcba39c-18f8-480b-b0ba-16d88d729ae7/vendor/laravel/framework/src/Illuminate/Container/BoundMethod.php(36): Database\\Seeders\\DatabaseSeeder->run()
#18 /Users/paul/WorkSpace/TestSoloCoder/8dcba39c-18f8-480b-b0ba-16d88d729ae7/vendor/laravel/framework/src/Illuminate/Container/Util.php(41): Illuminate\\Container\\BoundMethod::{closure:Illuminate\\Container\\BoundMethod::call():35}()
#19 /Users/paul/WorkSpace/TestSoloCoder/8dcba39c-18f8-480b-b0ba-16d88d729ae7/vendor/laravel/framework/src/Illuminate/Container/BoundMethod.php(93): Illuminate\\Container\\Util::unwrapIfClosure(Object(Closure))
#20 /Users/paul/WorkSpace/TestSoloCoder/8dcba39c-18f8-480b-b0ba-16d88d729ae7/vendor/laravel/framework/src/Illuminate/Container/BoundMethod.php(35): Illuminate\\Container\\BoundMethod::callBoundMethod(Object(Illuminate\\Foundation\\Application), Array, Object(Closure))
#21 /Users/paul/WorkSpace/TestSoloCoder/8dcba39c-18f8-480b-b0ba-16d88d729ae7/vendor/laravel/framework/src/Illuminate/Container/Container.php(662): Illuminate\\Container\\BoundMethod::call(Object(Illuminate\\Foundation\\Application), Array, Array, NULL)
#22 /Users/paul/WorkSpace/TestSoloCoder/8dcba39c-18f8-480b-b0ba-16d88d729ae7/vendor/laravel/framework/src/Illuminate/Database/Seeder.php(184): Illuminate\\Container\\Container->call(Array, Array)
#23 /Users/paul/WorkSpace/TestSoloCoder/8dcba39c-18f8-480b-b0ba-16d88d729ae7/vendor/laravel/framework/src/Illuminate/Database/Seeder.php(193): Illuminate\\Database\\Seeder->{closure:Illuminate\\Database\\Seeder::__invoke():183}()
#24 /Users/paul/WorkSpace/TestSoloCoder/8dcba39c-18f8-480b-b0ba-16d88d729ae7/vendor/laravel/framework/src/Illuminate/Database/Console/Seeds/SeedCommand.php(70): Illuminate\\Database\\Seeder->__invoke()
#25 /Users/paul/WorkSpace/TestSoloCoder/8dcba39c-18f8-480b-b0ba-16d88d729ae7/vendor/laravel/framework/src/Illuminate/Database/Eloquent/Concerns/GuardsAttributes.php(155): Illuminate\\Database\\Console\\Seeds\\SeedCommand->{closure:Illuminate\\Database\\Console\\Seeds\\SeedCommand::handle():69}()
#26 /Users/paul/WorkSpace/TestSoloCoder/8dcba39c-18f8-480b-b0ba-16d88d729ae7/vendor/laravel/framework/src/Illuminate/Database/Console/Seeds/SeedCommand.php(69): Illuminate\\Database\\Eloquent\\Model::unguarded(Object(Closure))
#27 /Users/paul/WorkSpace/TestSoloCoder/8dcba39c-18f8-480b-b0ba-16d88d729ae7/vendor/laravel/framework/src/Illuminate/Container/BoundMethod.php(36): Illuminate\\Database\\Console\\Seeds\\SeedCommand->handle()
#28 /Users/paul/WorkSpace/TestSoloCoder/8dcba39c-18f8-480b-b0ba-16d88d729ae7/vendor/laravel/framework/src/Illuminate/Container/Util.php(41): Illuminate\\Container\\BoundMethod::{closure:Illuminate\\Container\\BoundMethod::call():35}()
#29 /Users/paul/WorkSpace/TestSoloCoder/8dcba39c-18f8-480b-b0ba-16d88d729ae7/vendor/laravel/framework/src/Illuminate/Container/BoundMethod.php(93): Illuminate\\Container\\Util::unwrapIfClosure(Object(Closure))
#30 /Users/paul/WorkSpace/TestSoloCoder/8dcba39c-18f8-480b-b0ba-16d88d729ae7/vendor/laravel/framework/src/Illuminate/Container/BoundMethod.php(35): Illuminate\\Container\\BoundMethod::callBoundMethod(Object(Illuminate\\Foundation\\Application), Array, Object(Closure))
#31 /Users/paul/WorkSpace/TestSoloCoder/8dcba39c-18f8-480b-b0ba-16d88d729ae7/vendor/laravel/framework/src/Illuminate/Container/Container.php(662): Illuminate\\Container\\BoundMethod::call(Object(Illuminate\\Foundation\\Application), Array, Array, NULL)
#32 /Users/paul/WorkSpace/TestSoloCoder/8dcba39c-18f8-480b-b0ba-16d88d729ae7/vendor/laravel/framework/src/Illuminate/Console/Command.php(211): Illuminate\\Container\\Container->call(Array)
#33 /Users/paul/WorkSpace/TestSoloCoder/8dcba39c-18f8-480b-b0ba-16d88d729ae7/vendor/symfony/console/Command/Command.php(326): Illuminate\\Console\\Command->execute(Object(Symfony\\Component\\Console\\Input\\ArrayInput), Object(Illuminate\\Console\\OutputStyle))
#34 /Users/paul/WorkSpace/TestSoloCoder/8dcba39c-18f8-480b-b0ba-16d88d729ae7/vendor/laravel/framework/src/Illuminate/Console/Command.php(180): Symfony\\Component\\Console\\Command\\Command->run(Object(Symfony\\Component\\Console\\Input\\ArrayInput), Object(Illuminate\\Console\\OutputStyle))
#35 /Users/paul/WorkSpace/TestSoloCoder/8dcba39c-18f8-480b-b0ba-16d88d729ae7/vendor/laravel/framework/src/Illuminate/Console/Concerns/CallsCommands.php(67): Illuminate\\Console\\Command->run(Object(Symfony\\Component\\Console\\Input\\ArrayInput), Object(Illuminate\\Console\\OutputStyle))
#36 /Users/paul/WorkSpace/TestSoloCoder/8dcba39c-18f8-480b-b0ba-16d88d729ae7/vendor/laravel/framework/src/Illuminate/Console/Concerns/CallsCommands.php(28): Illuminate\\Console\\Command->runCommand('db:seed', Array, Object(Illuminate\\Console\\OutputStyle))
#37 /Users/paul/WorkSpace/TestSoloCoder/8dcba39c-18f8-480b-b0ba-16d88d729ae7/vendor/laravel/framework/src/Illuminate/Database/Console/Migrations/FreshCommand.php(93): Illuminate\\Console\\Command->call('db:seed', Array)
#38 /Users/paul/WorkSpace/TestSoloCoder/8dcba39c-18f8-480b-b0ba-16d88d729ae7/vendor/laravel/framework/src/Illuminate/Database/Console/Migrations/FreshCommand.php(69): Illuminate\\Database\\Console\\Migrations\\FreshCommand->runSeeder(NULL)
#39 /Users/paul/WorkSpace/TestSoloCoder/8dcba39c-18f8-480b-b0ba-16d88d729ae7/vendor/laravel/framework/src/Illuminate/Container/BoundMethod.php(36): Illuminate\\Database\\Console\\Migrations\\FreshCommand->handle()
#40 /Users/paul/WorkSpace/TestSoloCoder/8dcba39c-18f8-480b-b0ba-16d88d729ae7/vendor/laravel/framework/src/Illuminate/Container/Util.php(41): Illuminate\\Container\\BoundMethod::{closure:Illuminate\\Container\\BoundMethod::call():35}()
#41 /Users/paul/WorkSpace/TestSoloCoder/8dcba39c-18f8-480b-b0ba-16d88d729ae7/vendor/laravel/framework/src/Illuminate/Container/BoundMethod.php(93): Illuminate\\Container\\Util::unwrapIfClosure(Object(Closure))
#42 /Users/paul/WorkSpace/TestSoloCoder/8dcba39c-18f8-480b-b0ba-16d88d729ae7/vendor/laravel/framework/src/Illuminate/Container/BoundMethod.php(35): Illuminate\\Container\\BoundMethod::callBoundMethod(Object(Illuminate\\Foundation\\Application), Array, Object(Closure))
#43 /Users/paul/WorkSpace/TestSoloCoder/8dcba39c-18f8-480b-b0ba-16d88d729ae7/vendor/laravel/framework/src/Illuminate/Container/Container.php(662): Illuminate\\Container\\BoundMethod::call(Object(Illuminate\\Foundation\\Application), Array, Array, NULL)
#44 /Users/paul/WorkSpace/TestSoloCoder/8dcba39c-18f8-480b-b0ba-16d88d729ae7/vendor/laravel/framework/src/Illuminate/Console/Command.php(211): Illuminate\\Container\\Container->call(Array)
#45 /Users/paul/WorkSpace/TestSoloCoder/8dcba39c-18f8-480b-b0ba-16d88d729ae7/vendor/symfony/console/Command/Command.php(326): Illuminate\\Console\\Command->execute(Object(Symfony\\Component\\Console\\Input\\ArgvInput), Object(Illuminate\\Console\\OutputStyle))
#46 /Users/paul/WorkSpace/TestSoloCoder/8dcba39c-18f8-480b-b0ba-16d88d729ae7/vendor/laravel/framework/src/Illuminate/Console/Command.php(180): Symfony\\Component\\Console\\Command\\Command->run(Object(Symfony\\Component\\Console\\Input\\ArgvInput), Object(Illuminate\\Console\\OutputStyle))
#47 /Users/paul/WorkSpace/TestSoloCoder/8dcba39c-18f8-480b-b0ba-16d88d729ae7/vendor/symfony/console/Application.php(1121): Illuminate\\Console\\Command->run(Object(Symfony\\Component\\Console\\Input\\ArgvInput), Object(Symfony\\Component\\Console\\Output\\ConsoleOutput))
#48 /Users/paul/WorkSpace/TestSoloCoder/8dcba39c-18f8-480b-b0ba-16d88d729ae7/vendor/symfony/console/Application.php(324): Symfony\\Component\\Console\\Application->doRunCommand(Object(Illuminate\\Database\\Console\\Migrations\\FreshCommand), Object(Symfony\\Component\\Console\\Input\\ArgvInput), Object(Symfony\\Component\\Console\\Output\\ConsoleOutput))
#49 /Users/paul/WorkSpace/TestSoloCoder/8dcba39c-18f8-480b-b0ba-16d88d729ae7/vendor/symfony/console/Application.php(175): Symfony\\Component\\Console\\Application->doRun(Object(Symfony\\Component\\Console\\Input\\ArgvInput), Object(Symfony\\Component\\Console\\Output\\ConsoleOutput))
#50 /Users/paul/WorkSpace/TestSoloCoder/8dcba39c-18f8-480b-b0ba-16d88d729ae7/vendor/laravel/framework/src/Illuminate/Foundation/Console/Kernel.php(201): Symfony\\Component\\Console\\Application->run(Object(Symfony\\Component\\Console\\Input\\ArgvInput), Object(Symfony\\Component\\Console\\Output\\ConsoleOutput))
#51 /Users/paul/WorkSpace/TestSoloCoder/8dcba39c-18f8-480b-b0ba-16d88d729ae7/artisan(12): Illuminate\\Foundation\\Console\\Kernel->handle(Object(Symfony\\Component\\Console\\Input\\ArgvInput), Object(Symfony\\Component\\Console\\Output\\ConsoleOutput))
#52 {main}

[previous exception] [object] (PDOException(code: 23000): SQLSTATE[23000]: Integrity constraint violation: 19 NOT NULL constraint failed: users.uuid at /Users/paul/WorkSpace/TestSoloCoder/8dcba39c-18f8-480b-b0ba-16d88d729ae7/vendor/laravel/framework/src/Illuminate/Database/Connection.php:587)
[stacktrace]
#0 /Users/paul/WorkSpace/TestSoloCoder/8dcba39c-18f8-480b-b0ba-16d88d729ae7/vendor/laravel/framework/src/Illuminate/Database/Connection.php(587): PDOStatement->execute()
#1 /Users/paul/WorkSpace/TestSoloCoder/8dcba39c-18f8-480b-b0ba-16d88d729ae7/vendor/laravel/framework/src/Illuminate/Database/Connection.php(816): Illuminate\\Database\\Connection->{closure:Illuminate\\Database\\Connection::statement():576}('insert into \"us...', Array)
#2 /Users/paul/WorkSpace/TestSoloCoder/8dcba39c-18f8-480b-b0ba-16d88d729ae7/vendor/laravel/framework/src/Illuminate/Database/Connection.php(783): Illuminate\\Database\\Connection->runQueryCallback('insert into \"us...', Array, Object(Closure))
#3 /Users/paul/WorkSpace/TestSoloCoder/8dcba39c-18f8-480b-b0ba-16d88d729ae7/vendor/laravel/framework/src/Illuminate/Database/Connection.php(576): Illuminate\\Database\\Connection->run('insert into \"us...', Array, Object(Closure))
#4 /Users/paul/WorkSpace/TestSoloCoder/8dcba39c-18f8-480b-b0ba-16d88d729ae7/vendor/laravel/framework/src/Illuminate/Database/Connection.php(540): Illuminate\\Database\\Connection->statement('insert into \"us...', Array)
#5 /Users/paul/WorkSpace/TestSoloCoder/8dcba39c-18f8-480b-b0ba-16d88d729ae7/vendor/laravel/framework/src/Illuminate/Database/Query/Processors/Processor.php(32): Illuminate\\Database\\Connection->insert('insert into \"us...', Array)
#6 /Users/paul/WorkSpace/TestSoloCoder/8dcba39c-18f8-480b-b0ba-16d88d729ae7/vendor/laravel/framework/src/Illuminate/Database/Query/Builder.php(3549): Illuminate\\Database\\Query\\Processors\\Processor->processInsertGetId(Object(Illuminate\\Database\\Query\\Builder), 'insert into \"us...', Array, 'id')
#7 /Users/paul/WorkSpace/TestSoloCoder/8dcba39c-18f8-480b-b0ba-16d88d729ae7/vendor/laravel/framework/src/Illuminate/Database/Eloquent/Builder.php(1982): Illuminate\\Database\\Query\\Builder->insertGetId(Array, 'id')
#8 /Users/paul/WorkSpace/TestSoloCoder/8dcba39c-18f8-480b-b0ba-16d88d729ae7/vendor/laravel/framework/src/Illuminate/Database/Eloquent/Model.php(1334): Illuminate\\Database\\Eloquent\\Builder->__call('insertGetId', Array)
#9 /Users/paul/WorkSpace/TestSoloCoder/8dcba39c-18f8-480b-b0ba-16d88d729ae7/vendor/laravel/framework/src/Illuminate/Database/Eloquent/Model.php(1299): Illuminate\\Database\\Eloquent\\Model->insertAndSetId(Object(Illuminate\\Database\\Eloquent\\Builder), Array)
#10 /Users/paul/WorkSpace/TestSoloCoder/8dcba39c-18f8-480b-b0ba-16d88d729ae7/vendor/laravel/framework/src/Illuminate/Database/Eloquent/Model.php(1138): Illuminate\\Database\\Eloquent\\Model->performInsert(Object(Illuminate\\Database\\Eloquent\\Builder))
#11 /Users/paul/WorkSpace/TestSoloCoder/8dcba39c-18f8-480b-b0ba-16d88d729ae7/vendor/laravel/framework/src/Illuminate/Database/Eloquent/Builder.php(1025): Illuminate\\Database\\Eloquent\\Model->save()
#12 /Users/paul/WorkSpace/TestSoloCoder/8dcba39c-18f8-480b-b0ba-16d88d729ae7/vendor/laravel/framework/src/Illuminate/Support/helpers.php(320): Illuminate\\Database\\Eloquent\\Builder->{closure:Illuminate\\Database\\Eloquent\\Builder::create():1024}(Object(App\\Models\\User))
#13 /Users/paul/WorkSpace/TestSoloCoder/8dcba39c-18f8-480b-b0ba-16d88d729ae7/vendor/laravel/framework/src/Illuminate/Database/Eloquent/Builder.php(1024): tap(Object(App\\Models\\User), Object(Closure))
#14 /Users/paul/WorkSpace/TestSoloCoder/8dcba39c-18f8-480b-b0ba-16d88d729ae7/vendor/laravel/framework/src/Illuminate/Support/Traits/ForwardsCalls.php(23): Illuminate\\Database\\Eloquent\\Builder->create(Array)
#15 /Users/paul/WorkSpace/TestSoloCoder/8dcba39c-18f8-480b-b0ba-16d88d729ae7/vendor/laravel/framework/src/Illuminate/Database/Eloquent/Model.php(2335): Illuminate\\Database\\Eloquent\\Model->forwardCallTo(Object(Illuminate\\Database\\Eloquent\\Builder), 'create', Array)
#16 /Users/paul/WorkSpace/TestSoloCoder/8dcba39c-18f8-480b-b0ba-16d88d729ae7/vendor/laravel/framework/src/Illuminate/Database/Eloquent/Model.php(2347): Illuminate\\Database\\Eloquent\\Model->__call('create', Array)
#17 /Users/paul/WorkSpace/TestSoloCoder/8dcba39c-18f8-480b-b0ba-16d88d729ae7/database/seeders/DatabaseSeeder.php(82): Illuminate\\Database\\Eloquent\\Model::__callStatic('create', Array)
#18 /Users/paul/WorkSpace/TestSoloCoder/8dcba39c-18f8-480b-b0ba-16d88d729ae7/database/seeders/DatabaseSeeder.php(18): Database\\Seeders\\DatabaseSeeder->createDemoTenant()
#19 /Users/paul/WorkSpace/TestSoloCoder/8dcba39c-18f8-480b-b0ba-16d88d729ae7/vendor/laravel/framework/src/Illuminate/Container/BoundMethod.php(36): Database\\Seeders\\DatabaseSeeder->run()
#20 /Users/paul/WorkSpace/TestSoloCoder/8dcba39c-18f8-480b-b0ba-16d88d729ae7/vendor/laravel/framework/src/Illuminate/Container/Util.php(41): Illuminate\\Container\\BoundMethod::{closure:Illuminate\\Container\\BoundMethod::call():35}()
#21 /Users/paul/WorkSpace/TestSoloCoder/8dcba39c-18f8-480b-b0ba-16d88d729ae7/vendor/laravel/framework/src/Illuminate/Container/BoundMethod.php(93): Illuminate\\Container\\Util::unwrapIfClosure(Object(Closure))
#22 /Users/paul/WorkSpace/TestSoloCoder/8dcba39c-18f8-480b-b0ba-16d88d729ae7/vendor/laravel/framework/src/Illuminate/Container/BoundMethod.php(35): Illuminate\\Container\\BoundMethod::callBoundMethod(Object(Illuminate\\Foundation\\Application), Array, Object(Closure))
#23 /Users/paul/WorkSpace/TestSoloCoder/8dcba39c-18f8-480b-b0ba-16d88d729ae7/vendor/laravel/framework/src/Illuminate/Container/Container.php(662): Illuminate\\Container\\BoundMethod::call(Object(Illuminate\\Foundation\\Application), Array, Array, NULL)
#24 /Users/paul/WorkSpace/TestSoloCoder/8dcba39c-18f8-480b-b0ba-16d88d729ae7/vendor/laravel/framework/src/Illuminate/Database/Seeder.php(184): Illuminate\\Container\\Container->call(Array, Array)
#25 /Users/paul/WorkSpace/TestSoloCoder/8dcba39c-18f8-480b-b0ba-16d88d729ae7/vendor/laravel/framework/src/Illuminate/Database/Seeder.php(193): Illuminate\\Database\\Seeder->{closure:Illuminate\\Database\\Seeder::__invoke():183}()
#26 /Users/paul/WorkSpace/TestSoloCoder/8dcba39c-18f8-480b-b0ba-16d88d729ae7/vendor/laravel/framework/src/Illuminate/Database/Console/Seeds/SeedCommand.php(70): Illuminate\\Database\\Seeder->__invoke()
#27 /Users/paul/WorkSpace/TestSoloCoder/8dcba39c-18f8-480b-b0ba-16d88d729ae7/vendor/laravel/framework/src/Illuminate/Database/Eloquent/Concerns/GuardsAttributes.php(155): Illuminate\\Database\\Console\\Seeds\\SeedCommand->{closure:Illuminate\\Database\\Console\\Seeds\\SeedCommand::handle():69}()
#28 /Users/paul/WorkSpace/TestSoloCoder/8dcba39c-18f8-480b-b0ba-16d88d729ae7/vendor/laravel/framework/src/Illuminate/Database/Console/Seeds/SeedCommand.php(69): Illuminate\\Database\\Eloquent\\Model::unguarded(Object(Closure))
#29 /Users/paul/WorkSpace/TestSoloCoder/8dcba39c-18f8-480b-b0ba-16d88d729ae7/vendor/laravel/framework/src/Illuminate/Container/BoundMethod.php(36): Illuminate\\Database\\Console\\Seeds\\SeedCommand->handle()
#30 /Users/paul/WorkSpace/TestSoloCoder/8dcba39c-18f8-480b-b0ba-16d88d729ae7/vendor/laravel/framework/src/Illuminate/Container/Util.php(41): Illuminate\\Container\\BoundMethod::{closure:Illuminate\\Container\\BoundMethod::call():35}()
#31 /Users/paul/WorkSpace/TestSoloCoder/8dcba39c-18f8-480b-b0ba-16d88d729ae7/vendor/laravel/framework/src/Illuminate/Container/BoundMethod.php(93): Illuminate\\Container\\Util::unwrapIfClosure(Object(Closure))
#32 /Users/paul/WorkSpace/TestSoloCoder/8dcba39c-18f8-480b-b0ba-16d88d729ae7/vendor/laravel/framework/src/Illuminate/Container/BoundMethod.php(35): Illuminate\\Container\\BoundMethod::callBoundMethod(Object(Illuminate\\Foundation\\Application), Array, Object(Closure))
#33 /Users/paul/WorkSpace/TestSoloCoder/8dcba39c-18f8-480b-b0ba-16d88d729ae7/vendor/laravel/framework/src/Illuminate/Container/Container.php(662): Illuminate\\Container\\BoundMethod::call(Object(Illuminate\\Foundation\\Application), Array, Array, NULL)
#34 /Users/paul/WorkSpace/TestSoloCoder/8dcba39c-18f8-480b-b0ba-16d88d729ae7/vendor/laravel/framework/src/Illuminate/Console/Command.php(211): Illuminate\\Container\\Container->call(Array)
#35 /Users/paul/WorkSpace/TestSoloCoder/8dcba39c-18f8-480b-b0ba-16d88d729ae7/vendor/symfony/console/Command/Command.php(326): Illuminate\\Console\\Command->execute(Object(Symfony\\Component\\Console\\Input\\ArrayInput), Object(Illuminate\\Console\\OutputStyle))
#36 /Users/paul/WorkSpace/TestSoloCoder/8dcba39c-18f8-480b-b0ba-16d88d729ae7/vendor/laravel/framework/src/Illuminate/Console/Command.php(180): Symfony\\Component\\Console\\Command\\Command->run(Object(Symfony\\Component\\Console\\Input\\ArrayInput), Object(Illuminate\\Console\\OutputStyle))
#37 /Users/paul/WorkSpace/TestSoloCoder/8dcba39c-18f8-480b-b0ba-16d88d729ae7/vendor/laravel/framework/src/Illuminate/Console/Concerns/CallsCommands.php(67): Illuminate\\Console\\Command->run(Object(Symfony\\Component\\Console\\Input\\ArrayInput), Object(Illuminate\\Console\\OutputStyle))
#38 /Users/paul/WorkSpace/TestSoloCoder/8dcba39c-18f8-480b-b0ba-16d88d729ae7/vendor/laravel/framework/src/Illuminate/Console/Concerns/CallsCommands.php(28): Illuminate\\Console\\Command->runCommand('db:seed', Array, Object(Illuminate\\Console\\OutputStyle))
#39 /Users/paul/WorkSpace/TestSoloCoder/8dcba39c-18f8-480b-b0ba-16d88d729ae7/vendor/laravel/framework/src/Illuminate/Database/Console/Migrations/FreshCommand.php(93): Illuminate\\Console\\Command->call('db:seed', Array)
#40 /Users/paul/WorkSpace/TestSoloCoder/8dcba39c-18f8-480b-b0ba-16d88d729ae7/vendor/laravel/framework/src/Illuminate/Database/Console/Migrations/FreshCommand.php(69): Illuminate\\Database\\Console\\Migrations\\FreshCommand->runSeeder(NULL)
#41 /Users/paul/WorkSpace/TestSoloCoder/8dcba39c-18f8-480b-b0ba-16d88d729ae7/vendor/laravel/framework/src/Illuminate/Container/BoundMethod.php(36): Illuminate\\Database\\Console\\Migrations\\FreshCommand->handle()
#42 /Users/paul/WorkSpace/TestSoloCoder/8dcba39c-18f8-480b-b0ba-16d88d729ae7/vendor/laravel/framework/src/Illuminate/Container/Util.php(41): Illuminate\\Container\\BoundMethod::{closure:Illuminate\\Container\\BoundMethod::call():35}()
#43 /Users/paul/WorkSpace/TestSoloCoder/8dcba39c-18f8-480b-b0ba-16d88d729ae7/vendor/laravel/framework/src/Illuminate/Container/BoundMethod.php(93): Illuminate\\Container\\Util::unwrapIfClosure(Object(Closure))
#44 /Users/paul/WorkSpace/TestSoloCoder/8dcba39c-18f8-480b-b0ba-16d88d729ae7/vendor/laravel/framework/src/Illuminate/Container/BoundMethod.php(35): Illuminate\\Container\\BoundMethod::callBoundMethod(Object(Illuminate\\Foundation\\Application), Array, Object(Closure))
#45 /Users/paul/WorkSpace/TestSoloCoder/8dcba39c-18f8-480b-b0ba-16d88d729ae7/vendor/laravel/framework/src/Illuminate/Container/Container.php(662): Illuminate\\Container\\BoundMethod::call(Object(Illuminate\\Foundation\\Application), Array, Array, NULL)
#46 /Users/paul/WorkSpace/TestSoloCoder/8dcba39c-18f8-480b-b0ba-16d88d729ae7/vendor/laravel/framework/src/Illuminate/Console/Command.php(211): Illuminate\\Container\\Container->call(Array)
#47 /Users/paul/WorkSpace/TestSoloCoder/8dcba39c-18f8-480b-b0ba-16d88d729ae7/vendor/symfony/console/Command/Command.php(326): Illuminate\\Console\\Command->execute(Object(Symfony\\Component\\Console\\Input\\ArgvInput), Object(Illuminate\\Console\\OutputStyle))
#48 /Users/paul/WorkSpace/TestSoloCoder/8dcba39c-18f8-480b-b0ba-16d88d729ae7/vendor/laravel/framework/src/Illuminate/Console/Command.php(180): Symfony\\Component\\Console\\Command\\Command->run(Object(Symfony\\Component\\Console\\Input\\ArgvInput), Object(Illuminate\\Console\\OutputStyle))
#49 /Users/paul/WorkSpace/TestSoloCoder/8dcba39c-18f8-480b-b0ba-16d88d729ae7/vendor/symfony/console/Application.php(1121): Illuminate\\Console\\Command->run(Object(Symfony\\Component\\Console\\Input\\ArgvInput), Object(Symfony\\Component\\Console\\Output\\ConsoleOutput))
#50 /Users/paul/WorkSpace/TestSoloCoder/8dcba39c-18f8-480b-b0ba-16d88d729ae7/vendor/symfony/console/Application.php(324): Symfony\\Component\\Console\\Application->doRunCommand(Object(Illuminate\\Database\\Console\\Migrations\\FreshCommand), Object(Symfony\\Component\\Console\\Input\\ArgvInput), Object(Symfony\\Component\\Console\\Output\\ConsoleOutput))
#51 /Users/paul/WorkSpace/TestSoloCoder/8dcba39c-18f8-480b-b0ba-16d88d729ae7/vendor/symfony/console/Application.php(175): Symfony\\Component\\Console\\Application->doRun(Object(Symfony\\Component\\Console\\Input\\ArgvInput), Object(Symfony\\Component\\Console\\Output\\ConsoleOutput))
#52 /Users/paul/WorkSpace/TestSoloCoder/8dcba39c-18f8-480b-b0ba-16d88d729ae7/vendor/laravel/framework/src/Illuminate/Foundation/Console/Kernel.php(201): Symfony\\Component\\Console\\Application->run(Object(Symfony\\Component\\Console\\Input\\ArgvInput), Object(Symfony\\Component\\Console\\Output\\ConsoleOutput))
#53 /Users/paul/WorkSpace/TestSoloCoder/8dcba39c-18f8-480b-b0ba-16d88d729ae7/artisan(12): Illuminate\\Foundation\\Console\\Kernel->handle(Object(Symfony\\Component\\Console\\Input\\ArgvInput), Object(Symfony\\Component\\Console\\Output\\ConsoleOutput))
#54 {main}
"} 
[2026-06-17 23:14:04] local.ERROR: SQLSTATE[23000]: Integrity constraint violation: 19 NOT NULL constraint failed: users.uuid (Connection: sqlite, SQL: insert into "users" ("tenant_id", "name", "email", "password", "email_verified_at", "timezone", "language", "is_active", "updated_at", "created_at") values (1, 系统管理员, owner@demo-company.example.com, $2y$12$own3cbrjNtPtMEoogVdmCehc7iuM.oRAa2fcPdJs618n0ATPX47C., 2026-06-17 23:14:04, Asia/Shanghai, zh_CN, 1, 2026-06-17 23:14:04, 2026-06-17 23:14:04)) {"exception":"[object] (Illuminate\\Database\\QueryException(code: 23000): SQLSTATE[23000]: Integrity constraint violation: 19 NOT NULL constraint failed: users.uuid (Connection: sqlite, SQL: insert into \"users\" (\"tenant_id\", \"name\", \"email\", \"password\", \"email_verified_at\", \"timezone\", \"language\", \"is_active\", \"updated_at\", \"created_at\") values (1, 系统管理员, owner@demo-company.example.com, $2y$12$own3cbrjNtPtMEoogVdmCehc7iuM.oRAa2fcPdJs618n0ATPX47C., 2026-06-17 23:14:04, Asia/Shanghai, zh_CN, 1, 2026-06-17 23:14:04, 2026-06-17 23:14:04)) at /Users/paul/WorkSpace/TestSoloCoder/8dcba39c-18f8-480b-b0ba-16d88d729ae7/vendor/laravel/framework/src/Illuminate/Database/Connection.php:829)
[stacktrace]
#0 /Users/paul/WorkSpace/TestSoloCoder/8dcba39c-18f8-480b-b0ba-16d88d729ae7/vendor/laravel/framework/src/Illuminate/Database/Connection.php(783): Illuminate\\Database\\Connection->runQueryCallback('insert into \"us...', Array, Object(Closure))
#1 /Users/paul/WorkSpace/TestSoloCoder/8dcba39c-18f8-480b-b0ba-16d88d729ae7/vendor/laravel/framework/src/Illuminate/Database/Connection.php(576): Illuminate\\Database\\Connection->run('insert into \"us...', Array, Object(Closure))
#2 /Users/paul/WorkSpace/TestSoloCoder/8dcba39c-18f8-480b-b0ba-16d88d729ae7/vendor/laravel/framework/src/Illuminate/Database/Connection.php(540): Illuminate\\Database\\Connection->statement('insert into \"us...', Array)
#3 /Users/paul/WorkSpace/TestSoloCoder/8dcba39c-18f8-480b-b0ba-16d88d729ae7/vendor/laravel/framework/src/Illuminate/Database/Query/Processors/Processor.php(32): Illuminate\\Database\\Connection->insert('insert into \"us...', Array)
#4 /Users/paul/WorkSpace/TestSoloCoder/8dcba39c-18f8-480b-b0ba-16d88d729ae7/vendor/laravel/framework/src/Illuminate/Database/Query/Builder.php(3549): Illuminate\\Database\\Query\\Processors\\Processor->processInsertGetId(Object(Illuminate\\Database\\Query\\Builder), 'insert into \"us...', Array, 'id')
#5 /Users/paul/WorkSpace/TestSoloCoder/8dcba39c-18f8-480b-b0ba-16d88d729ae7/vendor/laravel/framework/src/Illuminate/Database/Eloquent/Builder.php(1982): Illuminate\\Database\\Query\\Builder->insertGetId(Array, 'id')
#6 /Users/paul/WorkSpace/TestSoloCoder/8dcba39c-18f8-480b-b0ba-16d88d729ae7/vendor/laravel/framework/src/Illuminate/Database/Eloquent/Model.php(1334): Illuminate\\Database\\Eloquent\\Builder->__call('insertGetId', Array)
#7 /Users/paul/WorkSpace/TestSoloCoder/8dcba39c-18f8-480b-b0ba-16d88d729ae7/vendor/laravel/framework/src/Illuminate/Database/Eloquent/Model.php(1299): Illuminate\\Database\\Eloquent\\Model->insertAndSetId(Object(Illuminate\\Database\\Eloquent\\Builder), Array)
#8 /Users/paul/WorkSpace/TestSoloCoder/8dcba39c-18f8-480b-b0ba-16d88d729ae7/vendor/laravel/framework/src/Illuminate/Database/Eloquent/Model.php(1138): Illuminate\\Database\\Eloquent\\Model->performInsert(Object(Illuminate\\Database\\Eloquent\\Builder))
#9 /Users/paul/WorkSpace/TestSoloCoder/8dcba39c-18f8-480b-b0ba-16d88d729ae7/vendor/laravel/framework/src/Illuminate/Database/Eloquent/Builder.php(1025): Illuminate\\Database\\Eloquent\\Model->save()
#10 /Users/paul/WorkSpace/TestSoloCoder/8dcba39c-18f8-480b-b0ba-16d88d729ae7/vendor/laravel/framework/src/Illuminate/Support/helpers.php(320): Illuminate\\Database\\Eloquent\\Builder->{closure:Illuminate\\Database\\Eloquent\\Builder::create():1024}(Object(App\\Models\\User))
#11 /Users/paul/WorkSpace/TestSoloCoder/8dcba39c-18f8-480b-b0ba-16d88d729ae7/vendor/laravel/framework/src/Illuminate/Database/Eloquent/Builder.php(1024): tap(Object(App\\Models\\User), Object(Closure))
#12 /Users/paul/WorkSpace/TestSoloCoder/8dcba39c-18f8-480b-b0ba-16d88d729ae7/vendor/laravel/framework/src/Illuminate/Support/Traits/ForwardsCalls.php(23): Illuminate\\Database\\Eloquent\\Builder->create(Array)
#13 /Users/paul/WorkSpace/TestSoloCoder/8dcba39c-18f8-480b-b0ba-16d88d729ae7/vendor/laravel/framework/src/Illuminate/Database/Eloquent/Model.php(2335): Illuminate\\Database\\Eloquent\\Model->forwardCallTo(Object(Illuminate\\Database\\Eloquent\\Builder), 'create', Array)
#14 /Users/paul/WorkSpace/TestSoloCoder/8dcba39c-18f8-480b-b0ba-16d88d729ae7/vendor/laravel/framework/src/Illuminate/Database/Eloquent/Model.php(2347): Illuminate\\Database\\Eloquent\\Model->__call('create', Array)
#15 /Users/paul/WorkSpace/TestSoloCoder/8dcba39c-18f8-480b-b0ba-16d88d729ae7/database/seeders/DatabaseSeeder.php(82): Illuminate\\Database\\Eloquent\\Model::__callStatic('create', Array)
#16 /Users/paul/WorkSpace/TestSoloCoder/8dcba39c-18f8-480b-b0ba-16d88d729ae7/database/seeders/DatabaseSeeder.php(18): Database\\Seeders\\DatabaseSeeder->createDemoTenant()
#17 /Users/paul/WorkSpace/TestSoloCoder/8dcba39c-18f8-480b-b0ba-16d88d729ae7/vendor/laravel/framework/src/Illuminate/Container/BoundMethod.php(36): Database\\Seeders\\DatabaseSeeder->run()
#18 /Users/paul/WorkSpace/TestSoloCoder/8dcba39c-18f8-480b-b0ba-16d88d729ae7/vendor/laravel/framework/src/Illuminate/Container/Util.php(41): Illuminate\\Container\\BoundMethod::{closure:Illuminate\\Container\\BoundMethod::call():35}()
#19 /Users/paul/WorkSpace/TestSoloCoder/8dcba39c-18f8-480b-b0ba-16d88d729ae7/vendor/laravel/framework/src/Illuminate/Container/BoundMethod.php(93): Illuminate\\Container\\Util::unwrapIfClosure(Object(Closure))
#20 /Users/paul/WorkSpace/TestSoloCoder/8dcba39c-18f8-480b-b0ba-16d88d729ae7/vendor/laravel/framework/src/Illuminate/Container/BoundMethod.php(35): Illuminate\\Container\\BoundMethod::callBoundMethod(Object(Illuminate\\Foundation\\Application), Array, Object(Closure))
#21 /Users/paul/WorkSpace/TestSoloCoder/8dcba39c-18f8-480b-b0ba-16d88d729ae7/vendor/laravel/framework/src/Illuminate/Container/Container.php(662): Illuminate\\Container\\BoundMethod::call(Object(Illuminate\\Foundation\\Application), Array, Array, NULL)
#22 /Users/paul/WorkSpace/TestSoloCoder/8dcba39c-18f8-480b-b0ba-16d88d729ae7/vendor/laravel/framework/src/Illuminate/Database/Seeder.php(184): Illuminate\\Container\\Container->call(Array, Array)
#23 /Users/paul/WorkSpace/TestSoloCoder/8dcba39c-18f8-480b-b0ba-16d88d729ae7/vendor/laravel/framework/src/Illuminate/Database/Seeder.php(193): Illuminate\\Database\\Seeder->{closure:Illuminate\\Database\\Seeder::__invoke():183}()
#24 /Users/paul/WorkSpace/TestSoloCoder/8dcba39c-18f8-480b-b0ba-16d88d729ae7/vendor/laravel/framework/src/Illuminate/Database/Console/Seeds/SeedCommand.php(70): Illuminate\\Database\\Seeder->__invoke()
#25 /Users/paul/WorkSpace/TestSoloCoder/8dcba39c-18f8-480b-b0ba-16d88d729ae7/vendor/laravel/framework/src/Illuminate/Database/Eloquent/Concerns/GuardsAttributes.php(155): Illuminate\\Database\\Console\\Seeds\\SeedCommand->{closure:Illuminate\\Database\\Console\\Seeds\\SeedCommand::handle():69}()
#26 /Users/paul/WorkSpace/TestSoloCoder/8dcba39c-18f8-480b-b0ba-16d88d729ae7/vendor/laravel/framework/src/Illuminate/Database/Console/Seeds/SeedCommand.php(69): Illuminate\\Database\\Eloquent\\Model::unguarded(Object(Closure))
#27 /Users/paul/WorkSpace/TestSoloCoder/8dcba39c-18f8-480b-b0ba-16d88d729ae7/vendor/laravel/framework/src/Illuminate/Container/BoundMethod.php(36): Illuminate\\Database\\Console\\Seeds\\SeedCommand->handle()
#28 /Users/paul/WorkSpace/TestSoloCoder/8dcba39c-18f8-480b-b0ba-16d88d729ae7/vendor/laravel/framework/src/Illuminate/Container/Util.php(41): Illuminate\\Container\\BoundMethod::{closure:Illuminate\\Container\\BoundMethod::call():35}()
#29 /Users/paul/WorkSpace/TestSoloCoder/8dcba39c-18f8-480b-b0ba-16d88d729ae7/vendor/laravel/framework/src/Illuminate/Container/BoundMethod.php(93): Illuminate\\Container\\Util::unwrapIfClosure(Object(Closure))
#30 /Users/paul/WorkSpace/TestSoloCoder/8dcba39c-18f8-480b-b0ba-16d88d729ae7/vendor/laravel/framework/src/Illuminate/Container/BoundMethod.php(35): Illuminate\\Container\\BoundMethod::callBoundMethod(Object(Illuminate\\Foundation\\Application), Array, Object(Closure))
#31 /Users/paul/WorkSpace/TestSoloCoder/8dcba39c-18f8-480b-b0ba-16d88d729ae7/vendor/laravel/framework/src/Illuminate/Container/Container.php(662): Illuminate\\Container\\BoundMethod::call(Object(Illuminate\\Foundation\\Application), Array, Array, NULL)
#32 /Users/paul/WorkSpace/TestSoloCoder/8dcba39c-18f8-480b-b0ba-16d88d729ae7/vendor/laravel/framework/src/Illuminate/Console/Command.php(211): Illuminate\\Container\\Container->call(Array)
#33 /Users/paul/WorkSpace/TestSoloCoder/8dcba39c-18f8-480b-b0ba-16d88d729ae7/vendor/symfony/console/Command/Command.php(326): Illuminate\\Console\\Command->execute(Object(Symfony\\Component\\Console\\Input\\ArrayInput), Object(Illuminate\\Console\\OutputStyle))
#34 /Users/paul/WorkSpace/TestSoloCoder/8dcba39c-18f8-480b-b0ba-16d88d729ae7/vendor/laravel/framework/src/Illuminate/Console/Command.php(180): Symfony\\Component\\Console\\Command\\Command->run(Object(Symfony\\Component\\Console\\Input\\ArrayInput), Object(Illuminate\\Console\\OutputStyle))
#35 /Users/paul/WorkSpace/TestSoloCoder/8dcba39c-18f8-480b-b0ba-16d88d729ae7/vendor/laravel/framework/src/Illuminate/Console/Concerns/CallsCommands.php(67): Illuminate\\Console\\Command->run(Object(Symfony\\Component\\Console\\Input\\ArrayInput), Object(Illuminate\\Console\\OutputStyle))
#36 /Users/paul/WorkSpace/TestSoloCoder/8dcba39c-18f8-480b-b0ba-16d88d729ae7/vendor/laravel/framework/src/Illuminate/Console/Concerns/CallsCommands.php(28): Illuminate\\Console\\Command->runCommand('db:seed', Array, Object(Illuminate\\Console\\OutputStyle))
#37 /Users/paul/WorkSpace/TestSoloCoder/8dcba39c-18f8-480b-b0ba-16d88d729ae7/vendor/laravel/framework/src/Illuminate/Database/Console/Migrations/FreshCommand.php(93): Illuminate\\Console\\Command->call('db:seed', Array)
#38 /Users/paul/WorkSpace/TestSoloCoder/8dcba39c-18f8-480b-b0ba-16d88d729ae7/vendor/laravel/framework/src/Illuminate/Database/Console/Migrations/FreshCommand.php(69): Illuminate\\Database\\Console\\Migrations\\FreshCommand->runSeeder(NULL)
#39 /Users/paul/WorkSpace/TestSoloCoder/8dcba39c-18f8-480b-b0ba-16d88d729ae7/vendor/laravel/framework/src/Illuminate/Container/BoundMethod.php(36): Illuminate\\Database\\Console\\Migrations\\FreshCommand->handle()
#40 /Users/paul/WorkSpace/TestSoloCoder/8dcba39c-18f8-480b-b0ba-16d88d729ae7/vendor/laravel/framework/src/Illuminate/Container/Util.php(41): Illuminate\\Container\\BoundMethod::{closure:Illuminate\\Container\\BoundMethod::call():35}()
#41 /Users/paul/WorkSpace/TestSoloCoder/8dcba39c-18f8-480b-b0ba-16d88d729ae7/vendor/laravel/framework/src/Illuminate/Container/BoundMethod.php(93): Illuminate\\Container\\Util::unwrapIfClosure(Object(Closure))
#42 /Users/paul/WorkSpace/TestSoloCoder/8dcba39c-18f8-480b-b0ba-16d88d729ae7/vendor/laravel/framework/src/Illuminate/Container/BoundMethod.php(35): Illuminate\\Container\\BoundMethod::callBoundMethod(Object(Illuminate\\Foundation\\Application), Array, Object(Closure))
#43 /Users/paul/WorkSpace/TestSoloCoder/8dcba39c-18f8-480b-b0ba-16d88d729ae7/vendor/laravel/framework/src/Illuminate/Container/Container.php(662): Illuminate\\Container\\BoundMethod::call(Object(Illuminate\\Foundation\\Application), Array, Array, NULL)
#44 /Users/paul/WorkSpace/TestSoloCoder/8dcba39c-18f8-480b-b0ba-16d88d729ae7/vendor/laravel/framework/src/Illuminate/Console/Command.php(211): Illuminate\\Container\\Container->call(Array)
#45 /Users/paul/WorkSpace/TestSoloCoder/8dcba39c-18f8-480b-b0ba-16d88d729ae7/vendor/symfony/console/Command/Command.php(326): Illuminate\\Console\\Command->execute(Object(Symfony\\Component\\Console\\Input\\ArgvInput), Object(Illuminate\\Console\\OutputStyle))
#46 /Users/paul/WorkSpace/TestSoloCoder/8dcba39c-18f8-480b-b0ba-16d88d729ae7/vendor/laravel/framework/src/Illuminate/Console/Command.php(180): Symfony\\Component\\Console\\Command\\Command->run(Object(Symfony\\Component\\Console\\Input\\ArgvInput), Object(Illuminate\\Console\\OutputStyle))
#47 /Users/paul/WorkSpace/TestSoloCoder/8dcba39c-18f8-480b-b0ba-16d88d729ae7/vendor/symfony/console/Application.php(1121): Illuminate\\Console\\Command->run(Object(Symfony\\Component\\Console\\Input\\ArgvInput), Object(Symfony\\Component\\Console\\Output\\ConsoleOutput))
#48 /Users/paul/WorkSpace/TestSoloCoder/8dcba39c-18f8-480b-b0ba-16d88d729ae7/vendor/symfony/console/Application.php(324): Symfony\\Component\\Console\\Application->doRunCommand(Object(Illuminate\\Database\\Console\\Migrations\\FreshCommand), Object(Symfony\\Component\\Console\\Input\\ArgvInput), Object(Symfony\\Component\\Console\\Output\\ConsoleOutput))
#49 /Users/paul/WorkSpace/TestSoloCoder/8dcba39c-18f8-480b-b0ba-16d88d729ae7/vendor/symfony/console/Application.php(175): Symfony\\Component\\Console\\Application->doRun(Object(Symfony\\Component\\Console\\Input\\ArgvInput), Object(Symfony\\Component\\Console\\Output\\ConsoleOutput))
#50 /Users/paul/WorkSpace/TestSoloCoder/8dcba39c-18f8-480b-b0ba-16d88d729ae7/vendor/laravel/framework/src/Illuminate/Foundation/Console/Kernel.php(201): Symfony\\Component\\Console\\Application->run(Object(Symfony\\Component\\Console\\Input\\ArgvInput), Object(Symfony\\Component\\Console\\Output\\ConsoleOutput))
#51 /Users/paul/WorkSpace/TestSoloCoder/8dcba39c-18f8-480b-b0ba-16d88d729ae7/artisan(12): Illuminate\\Foundation\\Console\\Kernel->handle(Object(Symfony\\Component\\Console\\Input\\ArgvInput), Object(Symfony\\Component\\Console\\Output\\ConsoleOutput))
#52 {main}

[previous exception] [object] (PDOException(code: 23000): SQLSTATE[23000]: Integrity constraint violation: 19 NOT NULL constraint failed: users.uuid at /Users/paul/WorkSpace/TestSoloCoder/8dcba39c-18f8-480b-b0ba-16d88d729ae7/vendor/laravel/framework/src/Illuminate/Database/Connection.php:587)
[stacktrace]
#0 /Users/paul/WorkSpace/TestSoloCoder/8dcba39c-18f8-480b-b0ba-16d88d729ae7/vendor/laravel/framework/src/Illuminate/Database/Connection.php(587): PDOStatement->execute()
#1 /Users/paul/WorkSpace/TestSoloCoder/8dcba39c-18f8-480b-b0ba-16d88d729ae7/vendor/laravel/framework/src/Illuminate/Database/Connection.php(816): Illuminate\\Database\\Connection->{closure:Illuminate\\Database\\Connection::statement():576}('insert into \"us...', Array)
#2 /Users/paul/WorkSpace/TestSoloCoder/8dcba39c-18f8-480b-b0ba-16d88d729ae7/vendor/laravel/framework/src/Illuminate/Database/Connection.php(783): Illuminate\\Database\\Connection->runQueryCallback('insert into \"us...', Array, Object(Closure))
#3 /Users/paul/WorkSpace/TestSoloCoder/8dcba39c-18f8-480b-b0ba-16d88d729ae7/vendor/laravel/framework/src/Illuminate/Database/Connection.php(576): Illuminate\\Database\\Connection->run('insert into \"us...', Array, Object(Closure))
#4 /Users/paul/WorkSpace/TestSoloCoder/8dcba39c-18f8-480b-b0ba-16d88d729ae7/vendor/laravel/framework/src/Illuminate/Database/Connection.php(540): Illuminate\\Database\\Connection->statement('insert into \"us...', Array)
#5 /Users/paul/WorkSpace/TestSoloCoder/8dcba39c-18f8-480b-b0ba-16d88d729ae7/vendor/laravel/framework/src/Illuminate/Database/Query/Processors/Processor.php(32): Illuminate\\Database\\Connection->insert('insert into \"us...', Array)
#6 /Users/paul/WorkSpace/TestSoloCoder/8dcba39c-18f8-480b-b0ba-16d88d729ae7/vendor/laravel/framework/src/Illuminate/Database/Query/Builder.php(3549): Illuminate\\Database\\Query\\Processors\\Processor->processInsertGetId(Object(Illuminate\\Database\\Query\\Builder), 'insert into \"us...', Array, 'id')
#7 /Users/paul/WorkSpace/TestSoloCoder/8dcba39c-18f8-480b-b0ba-16d88d729ae7/vendor/laravel/framework/src/Illuminate/Database/Eloquent/Builder.php(1982): Illuminate\\Database\\Query\\Builder->insertGetId(Array, 'id')
#8 /Users/paul/WorkSpace/TestSoloCoder/8dcba39c-18f8-480b-b0ba-16d88d729ae7/vendor/laravel/framework/src/Illuminate/Database/Eloquent/Model.php(1334): Illuminate\\Database\\Eloquent\\Builder->__call('insertGetId', Array)
#9 /Users/paul/WorkSpace/TestSoloCoder/8dcba39c-18f8-480b-b0ba-16d88d729ae7/vendor/laravel/framework/src/Illuminate/Database/Eloquent/Model.php(1299): Illuminate\\Database\\Eloquent\\Model->insertAndSetId(Object(Illuminate\\Database\\Eloquent\\Builder), Array)
#10 /Users/paul/WorkSpace/TestSoloCoder/8dcba39c-18f8-480b-b0ba-16d88d729ae7/vendor/laravel/framework/src/Illuminate/Database/Eloquent/Model.php(1138): Illuminate\\Database\\Eloquent\\Model->performInsert(Object(Illuminate\\Database\\Eloquent\\Builder))
#11 /Users/paul/WorkSpace/TestSoloCoder/8dcba39c-18f8-480b-b0ba-16d88d729ae7/vendor/laravel/framework/src/Illuminate/Database/Eloquent/Builder.php(1025): Illuminate\\Database\\Eloquent\\Model->save()
#12 /Users/paul/WorkSpace/TestSoloCoder/8dcba39c-18f8-480b-b0ba-16d88d729ae7/vendor/laravel/framework/src/Illuminate/Support/helpers.php(320): Illuminate\\Database\\Eloquent\\Builder->{closure:Illuminate\\Database\\Eloquent\\Builder::create():1024}(Object(App\\Models\\User))
#13 /Users/paul/WorkSpace/TestSoloCoder/8dcba39c-18f8-480b-b0ba-16d88d729ae7/vendor/laravel/framework/src/Illuminate/Database/Eloquent/Builder.php(1024): tap(Object(App\\Models\\User), Object(Closure))
#14 /Users/paul/WorkSpace/TestSoloCoder/8dcba39c-18f8-480b-b0ba-16d88d729ae7/vendor/laravel/framework/src/Illuminate/Support/Traits/ForwardsCalls.php(23): Illuminate\\Database\\Eloquent\\Builder->create(Array)
#15 /Users/paul/WorkSpace/TestSoloCoder/8dcba39c-18f8-480b-b0ba-16d88d729ae7/vendor/laravel/framework/src/Illuminate/Database/Eloquent/Model.php(2335): Illuminate\\Database\\Eloquent\\Model->forwardCallTo(Object(Illuminate\\Database\\Eloquent\\Builder), 'create', Array)
#16 /Users/paul/WorkSpace/TestSoloCoder/8dcba39c-18f8-480b-b0ba-16d88d729ae7/vendor/laravel/framework/src/Illuminate/Database/Eloquent/Model.php(2347): Illuminate\\Database\\Eloquent\\Model->__call('create', Array)
#17 /Users/paul/WorkSpace/TestSoloCoder/8dcba39c-18f8-480b-b0ba-16d88d729ae7/database/seeders/DatabaseSeeder.php(82): Illuminate\\Database\\Eloquent\\Model::__callStatic('create', Array)
#18 /Users/paul/WorkSpace/TestSoloCoder/8dcba39c-18f8-480b-b0ba-16d88d729ae7/database/seeders/DatabaseSeeder.php(18): Database\\Seeders\\DatabaseSeeder->createDemoTenant()
#19 /Users/paul/WorkSpace/TestSoloCoder/8dcba39c-18f8-480b-b0ba-16d88d729ae7/vendor/laravel/framework/src/Illuminate/Container/BoundMethod.php(36): Database\\Seeders\\DatabaseSeeder->run()
#20 /Users/paul/WorkSpace/TestSoloCoder/8dcba39c-18f8-480b-b0ba-16d88d729ae7/vendor/laravel/framework/src/Illuminate/Container/Util.php(41): Illuminate\\Container\\BoundMethod::{closure:Illuminate\\Container\\BoundMethod::call():35}()
#21 /Users/paul/WorkSpace/TestSoloCoder/8dcba39c-18f8-480b-b0ba-16d88d729ae7/vendor/laravel/framework/src/Illuminate/Container/BoundMethod.php(93): Illuminate\\Container\\Util::unwrapIfClosure(Object(Closure))
#22 /Users/paul/WorkSpace/TestSoloCoder/8dcba39c-18f8-480b-b0ba-16d88d729ae7/vendor/laravel/framework/src/Illuminate/Container/BoundMethod.php(35): Illuminate\\Container\\BoundMethod::callBoundMethod(Object(Illuminate\\Foundation\\Application), Array, Object(Closure))
#23 /Users/paul/WorkSpace/TestSoloCoder/8dcba39c-18f8-480b-b0ba-16d88d729ae7/vendor/laravel/framework/src/Illuminate/Container/Container.php(662): Illuminate\\Container\\BoundMethod::call(Object(Illuminate\\Foundation\\Application), Array, Array, NULL)
#24 /Users/paul/WorkSpace/TestSoloCoder/8dcba39c-18f8-480b-b0ba-16d88d729ae7/vendor/laravel/framework/src/Illuminate/Database/Seeder.php(184): Illuminate\\Container\\Container->call(Array, Array)
#25 /Users/paul/WorkSpace/TestSoloCoder/8dcba39c-18f8-480b-b0ba-16d88d729ae7/vendor/laravel/framework/src/Illuminate/Database/Seeder.php(193): Illuminate\\Database\\Seeder->{closure:Illuminate\\Database\\Seeder::__invoke():183}()
#26 /Users/paul/WorkSpace/TestSoloCoder/8dcba39c-18f8-480b-b0ba-16d88d729ae7/vendor/laravel/framework/src/Illuminate/Database/Console/Seeds/SeedCommand.php(70): Illuminate\\Database\\Seeder->__invoke()
#27 /Users/paul/WorkSpace/TestSoloCoder/8dcba39c-18f8-480b-b0ba-16d88d729ae7/vendor/laravel/framework/src/Illuminate/Database/Eloquent/Concerns/GuardsAttributes.php(155): Illuminate\\Database\\Console\\Seeds\\SeedCommand->{closure:Illuminate\\Database\\Console\\Seeds\\SeedCommand::handle():69}()
#28 /Users/paul/WorkSpace/TestSoloCoder/8dcba39c-18f8-480b-b0ba-16d88d729ae7/vendor/laravel/framework/src/Illuminate/Database/Console/Seeds/SeedCommand.php(69): Illuminate\\Database\\Eloquent\\Model::unguarded(Object(Closure))
#29 /Users/paul/WorkSpace/TestSoloCoder/8dcba39c-18f8-480b-b0ba-16d88d729ae7/vendor/laravel/framework/src/Illuminate/Container/BoundMethod.php(36): Illuminate\\Database\\Console\\Seeds\\SeedCommand->handle()
#30 /Users/paul/WorkSpace/TestSoloCoder/8dcba39c-18f8-480b-b0ba-16d88d729ae7/vendor/laravel/framework/src/Illuminate/Container/Util.php(41): Illuminate\\Container\\BoundMethod::{closure:Illuminate\\Container\\BoundMethod::call():35}()
#31 /Users/paul/WorkSpace/TestSoloCoder/8dcba39c-18f8-480b-b0ba-16d88d729ae7/vendor/laravel/framework/src/Illuminate/Container/BoundMethod.php(93): Illuminate\\Container\\Util::unwrapIfClosure(Object(Closure))
#32 /Users/paul/WorkSpace/TestSoloCoder/8dcba39c-18f8-480b-b0ba-16d88d729ae7/vendor/laravel/framework/src/Illuminate/Container/BoundMethod.php(35): Illuminate\\Container\\BoundMethod::callBoundMethod(Object(Illuminate\\Foundation\\Application), Array, Object(Closure))
#33 /Users/paul/WorkSpace/TestSoloCoder/8dcba39c-18f8-480b-b0ba-16d88d729ae7/vendor/laravel/framework/src/Illuminate/Container/Container.php(662): Illuminate\\Container\\BoundMethod::call(Object(Illuminate\\Foundation\\Application), Array, Array, NULL)
#34 /Users/paul/WorkSpace/TestSoloCoder/8dcba39c-18f8-480b-b0ba-16d88d729ae7/vendor/laravel/framework/src/Illuminate/Console/Command.php(211): Illuminate\\Container\\Container->call(Array)
#35 /Users/paul/WorkSpace/TestSoloCoder/8dcba39c-18f8-480b-b0ba-16d88d729ae7/vendor/symfony/console/Command/Command.php(326): Illuminate\\Console\\Command->execute(Object(Symfony\\Component\\Console\\Input\\ArrayInput), Object(Illuminate\\Console\\OutputStyle))
#36 /Users/paul/WorkSpace/TestSoloCoder/8dcba39c-18f8-480b-b0ba-16d88d729ae7/vendor/laravel/framework/src/Illuminate/Console/Command.php(180): Symfony\\Component\\Console\\Command\\Command->run(Object(Symfony\\Component\\Console\\Input\\ArrayInput), Object(Illuminate\\Console\\OutputStyle))
#37 /Users/paul/WorkSpace/TestSoloCoder/8dcba39c-18f8-480b-b0ba-16d88d729ae7/vendor/laravel/framework/src/Illuminate/Console/Concerns/CallsCommands.php(67): Illuminate\\Console\\Command->run(Object(Symfony\\Component\\Console\\Input\\ArrayInput), Object(Illuminate\\Console\\OutputStyle))
#38 /Users/paul/WorkSpace/TestSoloCoder/8dcba39c-18f8-480b-b0ba-16d88d729ae7/vendor/laravel/framework/src/Illuminate/Console/Concerns/CallsCommands.php(28): Illuminate\\Console\\Command->runCommand('db:seed', Array, Object(Illuminate\\Console\\OutputStyle))
#39 /Users/paul/WorkSpace/TestSoloCoder/8dcba39c-18f8-480b-b0ba-16d88d729ae7/vendor/laravel/framework/src/Illuminate/Database/Console/Migrations/FreshCommand.php(93): Illuminate\\Console\\Command->call('db:seed', Array)
#40 /Users/paul/WorkSpace/TestSoloCoder/8dcba39c-18f8-480b-b0ba-16d88d729ae7/vendor/laravel/framework/src/Illuminate/Database/Console/Migrations/FreshCommand.php(69): Illuminate\\Database\\Console\\Migrations\\FreshCommand->runSeeder(NULL)
#41 /Users/paul/WorkSpace/TestSoloCoder/8dcba39c-18f8-480b-b0ba-16d88d729ae7/vendor/laravel/framework/src/Illuminate/Container/BoundMethod.php(36): Illuminate\\Database\\Console\\Migrations\\FreshCommand->handle()
#42 /Users/paul/WorkSpace/TestSoloCoder/8dcba39c-18f8-480b-b0ba-16d88d729ae7/vendor/laravel/framework/src/Illuminate/Container/Util.php(41): Illuminate\\Container\\BoundMethod::{closure:Illuminate\\Container\\BoundMethod::call():35}()
#43 /Users/paul/WorkSpace/TestSoloCoder/8dcba39c-18f8-480b-b0ba-16d88d729ae7/vendor/laravel/framework/src/Illuminate/Container/BoundMethod.php(93): Illuminate\\Container\\Util::unwrapIfClosure(Object(Closure))
#44 /Users/paul/WorkSpace/TestSoloCoder/8dcba39c-18f8-480b-b0ba-16d88d729ae7/vendor/laravel/framework/src/Illuminate/Container/BoundMethod.php(35): Illuminate\\Container\\BoundMethod::callBoundMethod(Object(Illuminate\\Foundation\\Application), Array, Object(Closure))
#45 /Users/paul/WorkSpace/TestSoloCoder/8dcba39c-18f8-480b-b0ba-16d88d729ae7/vendor/laravel/framework/src/Illuminate/Container/Container.php(662): Illuminate\\Container\\BoundMethod::call(Object(Illuminate\\Foundation\\Application), Array, Array, NULL)
#46 /Users/paul/WorkSpace/TestSoloCoder/8dcba39c-18f8-480b-b0ba-16d88d729ae7/vendor/laravel/framework/src/Illuminate/Console/Command.php(211): Illuminate\\Container\\Container->call(Array)
#47 /Users/paul/WorkSpace/TestSoloCoder/8dcba39c-18f8-480b-b0ba-16d88d729ae7/vendor/symfony/console/Command/Command.php(326): Illuminate\\Console\\Command->execute(Object(Symfony\\Component\\Console\\Input\\ArgvInput), Object(Illuminate\\Console\\OutputStyle))
#48 /Users/paul/WorkSpace/TestSoloCoder/8dcba39c-18f8-480b-b0ba-16d88d729ae7/vendor/laravel/framework/src/Illuminate/Console/Command.php(180): Symfony\\Component\\Console\\Command\\Command->run(Object(Symfony\\Component\\Console\\Input\\ArgvInput), Object(Illuminate\\Console\\OutputStyle))
#49 /Users/paul/WorkSpace/TestSoloCoder/8dcba39c-18f8-480b-b0ba-16d88d729ae7/vendor/symfony/console/Application.php(1121): Illuminate\\Console\\Command->run(Object(Symfony\\Component\\Console\\Input\\ArgvInput), Object(Symfony\\Component\\Console\\Output\\ConsoleOutput))
#50 /Users/paul/WorkSpace/TestSoloCoder/8dcba39c-18f8-480b-b0ba-16d88d729ae7/vendor/symfony/console/Application.php(324): Symfony\\Component\\Console\\Application->doRunCommand(Object(Illuminate\\Database\\Console\\Migrations\\FreshCommand), Object(Symfony\\Component\\Console\\Input\\ArgvInput), Object(Symfony\\Component\\Console\\Output\\ConsoleOutput))
#51 /Users/paul/WorkSpace/TestSoloCoder/8dcba39c-18f8-480b-b0ba-16d88d729ae7/vendor/symfony/console/Application.php(175): Symfony\\Component\\Console\\Application->doRun(Object(Symfony\\Component\\Console\\Input\\ArgvInput), Object(Symfony\\Component\\Console\\Output\\ConsoleOutput))
#52 /Users/paul/WorkSpace/TestSoloCoder/8dcba39c-18f8-480b-b0ba-16d88d729ae7/vendor/laravel/framework/src/Illuminate/Foundation/Console/Kernel.php(201): Symfony\\Component\\Console\\Application->run(Object(Symfony\\Component\\Console\\Input\\ArgvInput), Object(Symfony\\Component\\Console\\Output\\ConsoleOutput))
#53 /Users/paul/WorkSpace/TestSoloCoder/8dcba39c-18f8-480b-b0ba-16d88d729ae7/artisan(12): Illuminate\\Foundation\\Console\\Kernel->handle(Object(Symfony\\Component\\Console\\Input\\ArgvInput), Object(Symfony\\Component\\Console\\Output\\ConsoleOutput))
#54 {main}
"} 
[2026-06-17 23:16:28] laravel.EMERGENCY: Unable to create configured logger. Using emergency logger. {"exception":"[object] (InvalidArgumentException(code: 0): Driver [sentry] is not supported. at /Users/paul/WorkSpace/TestSoloCoder/8dcba39c-18f8-480b-b0ba-16d88d729ae7/vendor/laravel/framework/src/Illuminate/Log/LogManager.php:225)
[stacktrace]
#0 /Users/paul/WorkSpace/TestSoloCoder/8dcba39c-18f8-480b-b0ba-16d88d729ae7/vendor/laravel/framework/src/Illuminate/Log/LogManager.php(137): Illuminate\\Log\\LogManager->resolve('sentry', Array)
#1 /Users/paul/WorkSpace/TestSoloCoder/8dcba39c-18f8-480b-b0ba-16d88d729ae7/vendor/laravel/framework/src/Illuminate/Log/LogManager.php(124): Illuminate\\Log\\LogManager->get('sentry')
#2 /Users/paul/WorkSpace/TestSoloCoder/8dcba39c-18f8-480b-b0ba-16d88d729ae7/vendor/laravel/framework/src/Illuminate/Log/LogManager.php(113): Illuminate\\Log\\LogManager->driver('sentry')
#3 /Users/paul/WorkSpace/TestSoloCoder/8dcba39c-18f8-480b-b0ba-16d88d729ae7/vendor/laravel/framework/src/Illuminate/Log/LogManager.php(267): Illuminate\\Log\\LogManager->channel('sentry')
#4 [internal function]: Illuminate\\Log\\LogManager->{closure:Illuminate\\Log\\LogManager::createStackDriver():264}('sentry', 1)
#5 /Users/paul/WorkSpace/TestSoloCoder/8dcba39c-18f8-480b-b0ba-16d88d729ae7/vendor/laravel/framework/src/Illuminate/Collections/Arr.php(600): array_map(Object(Closure), Array, Array)
#6 /Users/paul/WorkSpace/TestSoloCoder/8dcba39c-18f8-480b-b0ba-16d88d729ae7/vendor/laravel/framework/src/Illuminate/Collections/Collection.php(778): Illuminate\\Support\\Arr::map(Array, Object(Closure))
#7 /Users/paul/WorkSpace/TestSoloCoder/8dcba39c-18f8-480b-b0ba-16d88d729ae7/vendor/laravel/framework/src/Illuminate/Collections/Traits/EnumeratesValues.php(404): Illuminate\\Support\\Collection->map(Object(Closure))
#8 /Users/paul/WorkSpace/TestSoloCoder/8dcba39c-18f8-480b-b0ba-16d88d729ae7/vendor/laravel/framework/src/Illuminate/Log/LogManager.php(264): Illuminate\\Support\\Collection->flatMap(Object(Closure))
#9 /Users/paul/WorkSpace/TestSoloCoder/8dcba39c-18f8-480b-b0ba-16d88d729ae7/vendor/laravel/framework/src/Illuminate/Log/LogManager.php(222): Illuminate\\Log\\LogManager->createStackDriver(Array)
#10 /Users/paul/WorkSpace/TestSoloCoder/8dcba39c-18f8-480b-b0ba-16d88d729ae7/vendor/laravel/framework/src/Illuminate/Log/LogManager.php(137): Illuminate\\Log\\LogManager->resolve('stack', Array)
#11 /Users/paul/WorkSpace/TestSoloCoder/8dcba39c-18f8-480b-b0ba-16d88d729ae7/vendor/laravel/framework/src/Illuminate/Log/LogManager.php(124): Illuminate\\Log\\LogManager->get('stack')
#12 /Users/paul/WorkSpace/TestSoloCoder/8dcba39c-18f8-480b-b0ba-16d88d729ae7/vendor/laravel/framework/src/Illuminate/Log/LogManager.php(681): Illuminate\\Log\\LogManager->driver()
#13 /Users/paul/WorkSpace/TestSoloCoder/8dcba39c-18f8-480b-b0ba-16d88d729ae7/vendor/laravel/framework/src/Illuminate/Foundation/Exceptions/Handler.php(317): Illuminate\\Log\\LogManager->error('SQLSTATE[HY000]...', Array)
#14 /Users/paul/WorkSpace/TestSoloCoder/8dcba39c-18f8-480b-b0ba-16d88d729ae7/vendor/laravel/framework/src/Illuminate/Foundation/Exceptions/Handler.php(278): Illuminate\\Foundation\\Exceptions\\Handler->reportThrowable(Object(Illuminate\\Database\\QueryException))
#15 /Users/paul/WorkSpace/TestSoloCoder/8dcba39c-18f8-480b-b0ba-16d88d729ae7/vendor/laravel/framework/src/Illuminate/Foundation/Console/Kernel.php(523): Illuminate\\Foundation\\Exceptions\\Handler->report(Object(Illuminate\\Database\\QueryException))
#16 /Users/paul/WorkSpace/TestSoloCoder/8dcba39c-18f8-480b-b0ba-16d88d729ae7/vendor/laravel/framework/src/Illuminate/Foundation/Console/Kernel.php(203): Illuminate\\Foundation\\Console\\Kernel->reportException(Object(Illuminate\\Database\\QueryException))
#17 /Users/paul/WorkSpace/TestSoloCoder/8dcba39c-18f8-480b-b0ba-16d88d729ae7/artisan(12): Illuminate\\Foundation\\Console\\Kernel->handle(Object(Symfony\\Component\\Console\\Input\\ArgvInput), Object(Symfony\\Component\\Console\\Output\\ConsoleOutput))
#18 {main}
"} 
[2026-06-17 23:16:28] laravel.EMERGENCY: Unable to create configured logger. Using emergency logger. {"exception":"[object] (InvalidArgumentException(code: 0): Driver [sentry] is not supported. at /Users/paul/WorkSpace/TestSoloCoder/8dcba39c-18f8-480b-b0ba-16d88d729ae7/vendor/laravel/framework/src/Illuminate/Log/LogManager.php:225)
[stacktrace]
#0 /Users/paul/WorkSpace/TestSoloCoder/8dcba39c-18f8-480b-b0ba-16d88d729ae7/vendor/laravel/framework/src/Illuminate/Log/LogManager.php(137): Illuminate\\Log\\LogManager->resolve('sentry', Array)
#1 /Users/paul/WorkSpace/TestSoloCoder/8dcba39c-18f8-480b-b0ba-16d88d729ae7/vendor/laravel/framework/src/Illuminate/Log/LogManager.php(124): Illuminate\\Log\\LogManager->get('sentry')
#2 /Users/paul/WorkSpace/TestSoloCoder/8dcba39c-18f8-480b-b0ba-16d88d729ae7/vendor/laravel/framework/src/Illuminate/Log/LogManager.php(113): Illuminate\\Log\\LogManager->driver('sentry')
#3 /Users/paul/WorkSpace/TestSoloCoder/8dcba39c-18f8-480b-b0ba-16d88d729ae7/vendor/laravel/framework/src/Illuminate/Log/LogManager.php(273): Illuminate\\Log\\LogManager->channel('sentry')
#4 [internal function]: Illuminate\\Log\\LogManager->{closure:Illuminate\\Log\\LogManager::createStackDriver():270}('sentry', 1)
#5 /Users/paul/WorkSpace/TestSoloCoder/8dcba39c-18f8-480b-b0ba-16d88d729ae7/vendor/laravel/framework/src/Illuminate/Collections/Arr.php(600): array_map(Object(Closure), Array, Array)
#6 /Users/paul/WorkSpace/TestSoloCoder/8dcba39c-18f8-480b-b0ba-16d88d729ae7/vendor/laravel/framework/src/Illuminate/Collections/Collection.php(778): Illuminate\\Support\\Arr::map(Array, Object(Closure))
#7 /Users/paul/WorkSpace/TestSoloCoder/8dcba39c-18f8-480b-b0ba-16d88d729ae7/vendor/laravel/framework/src/Illuminate/Collections/Traits/EnumeratesValues.php(404): Illuminate\\Support\\Collection->map(Object(Closure))
#8 /Users/paul/WorkSpace/TestSoloCoder/8dcba39c-18f8-480b-b0ba-16d88d729ae7/vendor/laravel/framework/src/Illuminate/Log/LogManager.php(270): Illuminate\\Support\\Collection->flatMap(Object(Closure))
#9 /Users/paul/WorkSpace/TestSoloCoder/8dcba39c-18f8-480b-b0ba-16d88d729ae7/vendor/laravel/framework/src/Illuminate/Log/LogManager.php(222): Illuminate\\Log\\LogManager->createStackDriver(Array)
#10 /Users/paul/WorkSpace/TestSoloCoder/8dcba39c-18f8-480b-b0ba-16d88d729ae7/vendor/laravel/framework/src/Illuminate/Log/LogManager.php(137): Illuminate\\Log\\LogManager->resolve('stack', Array)
#11 /Users/paul/WorkSpace/TestSoloCoder/8dcba39c-18f8-480b-b0ba-16d88d729ae7/vendor/laravel/framework/src/Illuminate/Log/LogManager.php(124): Illuminate\\Log\\LogManager->get('stack')
#12 /Users/paul/WorkSpace/TestSoloCoder/8dcba39c-18f8-480b-b0ba-16d88d729ae7/vendor/laravel/framework/src/Illuminate/Log/LogManager.php(681): Illuminate\\Log\\LogManager->driver()
#13 /Users/paul/WorkSpace/TestSoloCoder/8dcba39c-18f8-480b-b0ba-16d88d729ae7/vendor/laravel/framework/src/Illuminate/Foundation/Exceptions/Handler.php(317): Illuminate\\Log\\LogManager->error('SQLSTATE[HY000]...', Array)
#14 /Users/paul/WorkSpace/TestSoloCoder/8dcba39c-18f8-480b-b0ba-16d88d729ae7/vendor/laravel/framework/src/Illuminate/Foundation/Exceptions/Handler.php(278): Illuminate\\Foundation\\Exceptions\\Handler->reportThrowable(Object(Illuminate\\Database\\QueryException))
#15 /Users/paul/WorkSpace/TestSoloCoder/8dcba39c-18f8-480b-b0ba-16d88d729ae7/vendor/laravel/framework/src/Illuminate/Foundation/Console/Kernel.php(523): Illuminate\\Foundation\\Exceptions\\Handler->report(Object(Illuminate\\Database\\QueryException))
#16 /Users/paul/WorkSpace/TestSoloCoder/8dcba39c-18f8-480b-b0ba-16d88d729ae7/vendor/laravel/framework/src/Illuminate/Foundation/Console/Kernel.php(203): Illuminate\\Foundation\\Console\\Kernel->reportException(Object(Illuminate\\Database\\QueryException))
#17 /Users/paul/WorkSpace/TestSoloCoder/8dcba39c-18f8-480b-b0ba-16d88d729ae7/artisan(12): Illuminate\\Foundation\\Console\\Kernel->handle(Object(Symfony\\Component\\Console\\Input\\ArgvInput), Object(Symfony\\Component\\Console\\Output\\ConsoleOutput))
#18 {main}
"} 
[2026-06-17 23:16:28] local.ERROR: SQLSTATE[HY000]: General error: 1 table role_user has no column named created_at (Connection: sqlite, SQL: insert into "role_user" ("created_at", "role_id", "updated_at", "user_id") values (2026-06-17 23:16:28, 1, 2026-06-17 23:16:28, 1)) {"exception":"[object] (Illuminate\\Database\\QueryException(code: HY000): SQLSTATE[HY000]: General error: 1 table role_user has no column named created_at (Connection: sqlite, SQL: insert into \"role_user\" (\"created_at\", \"role_id\", \"updated_at\", \"user_id\") values (2026-06-17 23:16:28, 1, 2026-06-17 23:16:28, 1)) at /Users/paul/WorkSpace/TestSoloCoder/8dcba39c-18f8-480b-b0ba-16d88d729ae7/vendor/laravel/framework/src/Illuminate/Database/Connection.php:829)
[stacktrace]
#0 /Users/paul/WorkSpace/TestSoloCoder/8dcba39c-18f8-480b-b0ba-16d88d729ae7/vendor/laravel/framework/src/Illuminate/Database/Connection.php(783): Illuminate\\Database\\Connection->runQueryCallback('insert into \"ro...', Array, Object(Closure))
#1 /Users/paul/WorkSpace/TestSoloCoder/8dcba39c-18f8-480b-b0ba-16d88d729ae7/vendor/laravel/framework/src/Illuminate/Database/Connection.php(576): Illuminate\\Database\\Connection->run('insert into \"ro...', Array, Object(Closure))
#2 /Users/paul/WorkSpace/TestSoloCoder/8dcba39c-18f8-480b-b0ba-16d88d729ae7/vendor/laravel/framework/src/Illuminate/Database/Connection.php(540): Illuminate\\Database\\Connection->statement('insert into \"ro...', Array)
#3 /Users/paul/WorkSpace/TestSoloCoder/8dcba39c-18f8-480b-b0ba-16d88d729ae7/vendor/laravel/framework/src/Illuminate/Database/Query/Builder.php(3498): Illuminate\\Database\\Connection->insert('insert into \"ro...', Array)
#4 /Users/paul/WorkSpace/TestSoloCoder/8dcba39c-18f8-480b-b0ba-16d88d729ae7/vendor/laravel/framework/src/Illuminate/Database/Eloquent/Relations/Concerns/InteractsWithPivotTable.php(276): Illuminate\\Database\\Query\\Builder->insert(Array)
#5 /Users/paul/WorkSpace/TestSoloCoder/8dcba39c-18f8-480b-b0ba-16d88d729ae7/database/seeders/DatabaseSeeder.php(94): Illuminate\\Database\\Eloquent\\Relations\\BelongsToMany->attach(1)
#6 /Users/paul/WorkSpace/TestSoloCoder/8dcba39c-18f8-480b-b0ba-16d88d729ae7/database/seeders/DatabaseSeeder.php(18): Database\\Seeders\\DatabaseSeeder->createDemoTenant()
#7 /Users/paul/WorkSpace/TestSoloCoder/8dcba39c-18f8-480b-b0ba-16d88d729ae7/vendor/laravel/framework/src/Illuminate/Container/BoundMethod.php(36): Database\\Seeders\\DatabaseSeeder->run()
#8 /Users/paul/WorkSpace/TestSoloCoder/8dcba39c-18f8-480b-b0ba-16d88d729ae7/vendor/laravel/framework/src/Illuminate/Container/Util.php(41): Illuminate\\Container\\BoundMethod::{closure:Illuminate\\Container\\BoundMethod::call():35}()
#9 /Users/paul/WorkSpace/TestSoloCoder/8dcba39c-18f8-480b-b0ba-16d88d729ae7/vendor/laravel/framework/src/Illuminate/Container/BoundMethod.php(93): Illuminate\\Container\\Util::unwrapIfClosure(Object(Closure))
#10 /Users/paul/WorkSpace/TestSoloCoder/8dcba39c-18f8-480b-b0ba-16d88d729ae7/vendor/laravel/framework/src/Illuminate/Container/BoundMethod.php(35): Illuminate\\Container\\BoundMethod::callBoundMethod(Object(Illuminate\\Foundation\\Application), Array, Object(Closure))
#11 /Users/paul/WorkSpace/TestSoloCoder/8dcba39c-18f8-480b-b0ba-16d88d729ae7/vendor/laravel/framework/src/Illuminate/Container/Container.php(662): Illuminate\\Container\\BoundMethod::call(Object(Illuminate\\Foundation\\Application), Array, Array, NULL)
#12 /Users/paul/WorkSpace/TestSoloCoder/8dcba39c-18f8-480b-b0ba-16d88d729ae7/vendor/laravel/framework/src/Illuminate/Database/Seeder.php(184): Illuminate\\Container\\Container->call(Array, Array)
#13 /Users/paul/WorkSpace/TestSoloCoder/8dcba39c-18f8-480b-b0ba-16d88d729ae7/vendor/laravel/framework/src/Illuminate/Database/Seeder.php(193): Illuminate\\Database\\Seeder->{closure:Illuminate\\Database\\Seeder::__invoke():183}()
#14 /Users/paul/WorkSpace/TestSoloCoder/8dcba39c-18f8-480b-b0ba-16d88d729ae7/vendor/laravel/framework/src/Illuminate/Database/Console/Seeds/SeedCommand.php(70): Illuminate\\Database\\Seeder->__invoke()
#15 /Users/paul/WorkSpace/TestSoloCoder/8dcba39c-18f8-480b-b0ba-16d88d729ae7/vendor/laravel/framework/src/Illuminate/Database/Eloquent/Concerns/GuardsAttributes.php(155): Illuminate\\Database\\Console\\Seeds\\SeedCommand->{closure:Illuminate\\Database\\Console\\Seeds\\SeedCommand::handle():69}()
#16 /Users/paul/WorkSpace/TestSoloCoder/8dcba39c-18f8-480b-b0ba-16d88d729ae7/vendor/laravel/framework/src/Illuminate/Database/Console/Seeds/SeedCommand.php(69): Illuminate\\Database\\Eloquent\\Model::unguarded(Object(Closure))
#17 /Users/paul/WorkSpace/TestSoloCoder/8dcba39c-18f8-480b-b0ba-16d88d729ae7/vendor/laravel/framework/src/Illuminate/Container/BoundMethod.php(36): Illuminate\\Database\\Console\\Seeds\\SeedCommand->handle()
#18 /Users/paul/WorkSpace/TestSoloCoder/8dcba39c-18f8-480b-b0ba-16d88d729ae7/vendor/laravel/framework/src/Illuminate/Container/Util.php(41): Illuminate\\Container\\BoundMethod::{closure:Illuminate\\Container\\BoundMethod::call():35}()
#19 /Users/paul/WorkSpace/TestSoloCoder/8dcba39c-18f8-480b-b0ba-16d88d729ae7/vendor/laravel/framework/src/Illuminate/Container/BoundMethod.php(93): Illuminate\\Container\\Util::unwrapIfClosure(Object(Closure))
#20 /Users/paul/WorkSpace/TestSoloCoder/8dcba39c-18f8-480b-b0ba-16d88d729ae7/vendor/laravel/framework/src/Illuminate/Container/BoundMethod.php(35): Illuminate\\Container\\BoundMethod::callBoundMethod(Object(Illuminate\\Foundation\\Application), Array, Object(Closure))
#21 /Users/paul/WorkSpace/TestSoloCoder/8dcba39c-18f8-480b-b0ba-16d88d729ae7/vendor/laravel/framework/src/Illuminate/Container/Container.php(662): Illuminate\\Container\\BoundMethod::call(Object(Illuminate\\Foundation\\Application), Array, Array, NULL)
#22 /Users/paul/WorkSpace/TestSoloCoder/8dcba39c-18f8-480b-b0ba-16d88d729ae7/vendor/laravel/framework/src/Illuminate/Console/Command.php(211): Illuminate\\Container\\Container->call(Array)
#23 /Users/paul/WorkSpace/TestSoloCoder/8dcba39c-18f8-480b-b0ba-16d88d729ae7/vendor/symfony/console/Command/Command.php(326): Illuminate\\Console\\Command->execute(Object(Symfony\\Component\\Console\\Input\\ArrayInput), Object(Illuminate\\Console\\OutputStyle))
#24 /Users/paul/WorkSpace/TestSoloCoder/8dcba39c-18f8-480b-b0ba-16d88d729ae7/vendor/laravel/framework/src/Illuminate/Console/Command.php(180): Symfony\\Component\\Console\\Command\\Command->run(Object(Symfony\\Component\\Console\\Input\\ArrayInput), Object(Illuminate\\Console\\OutputStyle))
#25 /Users/paul/WorkSpace/TestSoloCoder/8dcba39c-18f8-480b-b0ba-16d88d729ae7/vendor/laravel/framework/src/Illuminate/Console/Concerns/CallsCommands.php(67): Illuminate\\Console\\Command->run(Object(Symfony\\Component\\Console\\Input\\ArrayInput), Object(Illuminate\\Console\\OutputStyle))
#26 /Users/paul/WorkSpace/TestSoloCoder/8dcba39c-18f8-480b-b0ba-16d88d729ae7/vendor/laravel/framework/src/Illuminate/Console/Concerns/CallsCommands.php(28): Illuminate\\Console\\Command->runCommand('db:seed', Array, Object(Illuminate\\Console\\OutputStyle))
#27 /Users/paul/WorkSpace/TestSoloCoder/8dcba39c-18f8-480b-b0ba-16d88d729ae7/vendor/laravel/framework/src/Illuminate/Database/Console/Migrations/FreshCommand.php(93): Illuminate\\Console\\Command->call('db:seed', Array)
#28 /Users/paul/WorkSpace/TestSoloCoder/8dcba39c-18f8-480b-b0ba-16d88d729ae7/vendor/laravel/framework/src/Illuminate/Database/Console/Migrations/FreshCommand.php(69): Illuminate\\Database\\Console\\Migrations\\FreshCommand->runSeeder(NULL)
#29 /Users/paul/WorkSpace/TestSoloCoder/8dcba39c-18f8-480b-b0ba-16d88d729ae7/vendor/laravel/framework/src/Illuminate/Container/BoundMethod.php(36): Illuminate\\Database\\Console\\Migrations\\FreshCommand->handle()
#30 /Users/paul/WorkSpace/TestSoloCoder/8dcba39c-18f8-480b-b0ba-16d88d729ae7/vendor/laravel/framework/src/Illuminate/Container/Util.php(41): Illuminate\\Container\\BoundMethod::{closure:Illuminate\\Container\\BoundMethod::call():35}()
#31 /Users/paul/WorkSpace/TestSoloCoder/8dcba39c-18f8-480b-b0ba-16d88d729ae7/vendor/laravel/framework/src/Illuminate/Container/BoundMethod.php(93): Illuminate\\Container\\Util::unwrapIfClosure(Object(Closure))
#32 /Users/paul/WorkSpace/TestSoloCoder/8dcba39c-18f8-480b-b0ba-16d88d729ae7/vendor/laravel/framework/src/Illuminate/Container/BoundMethod.php(35): Illuminate\\Container\\BoundMethod::callBoundMethod(Object(Illuminate\\Foundation\\Application), Array, Object(Closure))
#33 /Users/paul/WorkSpace/TestSoloCoder/8dcba39c-18f8-480b-b0ba-16d88d729ae7/vendor/laravel/framework/src/Illuminate/Container/Container.php(662): Illuminate\\Container\\BoundMethod::call(Object(Illuminate\\Foundation\\Application), Array, Array, NULL)
#34 /Users/paul/WorkSpace/TestSoloCoder/8dcba39c-18f8-480b-b0ba-16d88d729ae7/vendor/laravel/framework/src/Illuminate/Console/Command.php(211): Illuminate\\Container\\Container->call(Array)
#35 /Users/paul/WorkSpace/TestSoloCoder/8dcba39c-18f8-480b-b0ba-16d88d729ae7/vendor/symfony/console/Command/Command.php(326): Illuminate\\Console\\Command->execute(Object(Symfony\\Component\\Console\\Input\\ArgvInput), Object(Illuminate\\Console\\OutputStyle))
#36 /Users/paul/WorkSpace/TestSoloCoder/8dcba39c-18f8-480b-b0ba-16d88d729ae7/vendor/laravel/framework/src/Illuminate/Console/Command.php(180): Symfony\\Component\\Console\\Command\\Command->run(Object(Symfony\\Component\\Console\\Input\\ArgvInput), Object(Illuminate\\Console\\OutputStyle))
#37 /Users/paul/WorkSpace/TestSoloCoder/8dcba39c-18f8-480b-b0ba-16d88d729ae7/vendor/symfony/console/Application.php(1121): Illuminate\\Console\\Command->run(Object(Symfony\\Component\\Console\\Input\\ArgvInput), Object(Symfony\\Component\\Console\\Output\\ConsoleOutput))
#38 /Users/paul/WorkSpace/TestSoloCoder/8dcba39c-18f8-480b-b0ba-16d88d729ae7/vendor/symfony/console/Application.php(324): Symfony\\Component\\Console\\Application->doRunCommand(Object(Illuminate\\Database\\Console\\Migrations\\FreshCommand), Object(Symfony\\Component\\Console\\Input\\ArgvInput), Object(Symfony\\Component\\Console\\Output\\ConsoleOutput))
#39 /Users/paul/WorkSpace/TestSoloCoder/8dcba39c-18f8-480b-b0ba-16d88d729ae7/vendor/symfony/console/Application.php(175): Symfony\\Component\\Console\\Application->doRun(Object(Symfony\\Component\\Console\\Input\\ArgvInput), Object(Symfony\\Component\\Console\\Output\\ConsoleOutput))
#40 /Users/paul/WorkSpace/TestSoloCoder/8dcba39c-18f8-480b-b0ba-16d88d729ae7/vendor/laravel/framework/src/Illuminate/Foundation/Console/Kernel.php(201): Symfony\\Component\\Console\\Application->run(Object(Symfony\\Component\\Console\\Input\\ArgvInput), Object(Symfony\\Component\\Console\\Output\\ConsoleOutput))
#41 /Users/paul/WorkSpace/TestSoloCoder/8dcba39c-18f8-480b-b0ba-16d88d729ae7/artisan(12): Illuminate\\Foundation\\Console\\Kernel->handle(Object(Symfony\\Component\\Console\\Input\\ArgvInput), Object(Symfony\\Component\\Console\\Output\\ConsoleOutput))
#42 {main}

[previous exception] [object] (PDOException(code: HY000): SQLSTATE[HY000]: General error: 1 table role_user has no column named created_at at /Users/paul/WorkSpace/TestSoloCoder/8dcba39c-18f8-480b-b0ba-16d88d729ae7/vendor/laravel/framework/src/Illuminate/Database/Connection.php:581)
[stacktrace]
#0 /Users/paul/WorkSpace/TestSoloCoder/8dcba39c-18f8-480b-b0ba-16d88d729ae7/vendor/laravel/framework/src/Illuminate/Database/Connection.php(581): PDO->prepare('insert into \"ro...')
#1 /Users/paul/WorkSpace/TestSoloCoder/8dcba39c-18f8-480b-b0ba-16d88d729ae7/vendor/laravel/framework/src/Illuminate/Database/Connection.php(816): Illuminate\\Database\\Connection->{closure:Illuminate\\Database\\Connection::statement():576}('insert into \"ro...', Array)
#2 /Users/paul/WorkSpace/TestSoloCoder/8dcba39c-18f8-480b-b0ba-16d88d729ae7/vendor/laravel/framework/src/Illuminate/Database/Connection.php(783): Illuminate\\Database\\Connection->runQueryCallback('insert into \"ro...', Array, Object(Closure))
#3 /Users/paul/WorkSpace/TestSoloCoder/8dcba39c-18f8-480b-b0ba-16d88d729ae7/vendor/laravel/framework/src/Illuminate/Database/Connection.php(576): Illuminate\\Database\\Connection->run('insert into \"ro...', Array, Object(Closure))
#4 /Users/paul/WorkSpace/TestSoloCoder/8dcba39c-18f8-480b-b0ba-16d88d729ae7/vendor/laravel/framework/src/Illuminate/Database/Connection.php(540): Illuminate\\Database\\Connection->statement('insert into \"ro...', Array)
#5 /Users/paul/WorkSpace/TestSoloCoder/8dcba39c-18f8-480b-b0ba-16d88d729ae7/vendor/laravel/framework/src/Illuminate/Database/Query/Builder.php(3498): Illuminate\\Database\\Connection->insert('insert into \"ro...', Array)
#6 /Users/paul/WorkSpace/TestSoloCoder/8dcba39c-18f8-480b-b0ba-16d88d729ae7/vendor/laravel/framework/src/Illuminate/Database/Eloquent/Relations/Concerns/InteractsWithPivotTable.php(276): Illuminate\\Database\\Query\\Builder->insert(Array)
#7 /Users/paul/WorkSpace/TestSoloCoder/8dcba39c-18f8-480b-b0ba-16d88d729ae7/database/seeders/DatabaseSeeder.php(94): Illuminate\\Database\\Eloquent\\Relations\\BelongsToMany->attach(1)
#8 /Users/paul/WorkSpace/TestSoloCoder/8dcba39c-18f8-480b-b0ba-16d88d729ae7/database/seeders/DatabaseSeeder.php(18): Database\\Seeders\\DatabaseSeeder->createDemoTenant()
#9 /Users/paul/WorkSpace/TestSoloCoder/8dcba39c-18f8-480b-b0ba-16d88d729ae7/vendor/laravel/framework/src/Illuminate/Container/BoundMethod.php(36): Database\\Seeders\\DatabaseSeeder->run()
#10 /Users/paul/WorkSpace/TestSoloCoder/8dcba39c-18f8-480b-b0ba-16d88d729ae7/vendor/laravel/framework/src/Illuminate/Container/Util.php(41): Illuminate\\Container\\BoundMethod::{closure:Illuminate\\Container\\BoundMethod::call():35}()
#11 /Users/paul/WorkSpace/TestSoloCoder/8dcba39c-18f8-480b-b0ba-16d88d729ae7/vendor/laravel/framework/src/Illuminate/Container/BoundMethod.php(93): Illuminate\\Container\\Util::unwrapIfClosure(Object(Closure))
#12 /Users/paul/WorkSpace/TestSoloCoder/8dcba39c-18f8-480b-b0ba-16d88d729ae7/vendor/laravel/framework/src/Illuminate/Container/BoundMethod.php(35): Illuminate\\Container\\BoundMethod::callBoundMethod(Object(Illuminate\\Foundation\\Application), Array, Object(Closure))
#13 /Users/paul/WorkSpace/TestSoloCoder/8dcba39c-18f8-480b-b0ba-16d88d729ae7/vendor/laravel/framework/src/Illuminate/Container/Container.php(662): Illuminate\\Container\\BoundMethod::call(Object(Illuminate\\Foundation\\Application), Array, Array, NULL)
#14 /Users/paul/WorkSpace/TestSoloCoder/8dcba39c-18f8-480b-b0ba-16d88d729ae7/vendor/laravel/framework/src/Illuminate/Database/Seeder.php(184): Illuminate\\Container\\Container->call(Array, Array)
#15 /Users/paul/WorkSpace/TestSoloCoder/8dcba39c-18f8-480b-b0ba-16d88d729ae7/vendor/laravel/framework/src/Illuminate/Database/Seeder.php(193): Illuminate\\Database\\Seeder->{closure:Illuminate\\Database\\Seeder::__invoke():183}()
#16 /Users/paul/WorkSpace/TestSoloCoder/8dcba39c-18f8-480b-b0ba-16d88d729ae7/vendor/laravel/framework/src/Illuminate/Database/Console/Seeds/SeedCommand.php(70): Illuminate\\Database\\Seeder->__invoke()
#17 /Users/paul/WorkSpace/TestSoloCoder/8dcba39c-18f8-480b-b0ba-16d88d729ae7/vendor/laravel/framework/src/Illuminate/Database/Eloquent/Concerns/GuardsAttributes.php(155): Illuminate\\Database\\Console\\Seeds\\SeedCommand->{closure:Illuminate\\Database\\Console\\Seeds\\SeedCommand::handle():69}()
#18 /Users/paul/WorkSpace/TestSoloCoder/8dcba39c-18f8-480b-b0ba-16d88d729ae7/vendor/laravel/framework/src/Illuminate/Database/Console/Seeds/SeedCommand.php(69): Illuminate\\Database\\Eloquent\\Model::unguarded(Object(Closure))
#19 /Users/paul/WorkSpace/TestSoloCoder/8dcba39c-18f8-480b-b0ba-16d88d729ae7/vendor/laravel/framework/src/Illuminate/Container/BoundMethod.php(36): Illuminate\\Database\\Console\\Seeds\\SeedCommand->handle()
#20 /Users/paul/WorkSpace/TestSoloCoder/8dcba39c-18f8-480b-b0ba-16d88d729ae7/vendor/laravel/framework/src/Illuminate/Container/Util.php(41): Illuminate\\Container\\BoundMethod::{closure:Illuminate\\Container\\BoundMethod::call():35}()
#21 /Users/paul/WorkSpace/TestSoloCoder/8dcba39c-18f8-480b-b0ba-16d88d729ae7/vendor/laravel/framework/src/Illuminate/Container/BoundMethod.php(93): Illuminate\\Container\\Util::unwrapIfClosure(Object(Closure))
#22 /Users/paul/WorkSpace/TestSoloCoder/8dcba39c-18f8-480b-b0ba-16d88d729ae7/vendor/laravel/framework/src/Illuminate/Container/BoundMethod.php(35): Illuminate\\Container\\BoundMethod::callBoundMethod(Object(Illuminate\\Foundation\\Application), Array, Object(Closure))
#23 /Users/paul/WorkSpace/TestSoloCoder/8dcba39c-18f8-480b-b0ba-16d88d729ae7/vendor/laravel/framework/src/Illuminate/Container/Container.php(662): Illuminate\\Container\\BoundMethod::call(Object(Illuminate\\Foundation\\Application), Array, Array, NULL)
#24 /Users/paul/WorkSpace/TestSoloCoder/8dcba39c-18f8-480b-b0ba-16d88d729ae7/vendor/laravel/framework/src/Illuminate/Console/Command.php(211): Illuminate\\Container\\Container->call(Array)
#25 /Users/paul/WorkSpace/TestSoloCoder/8dcba39c-18f8-480b-b0ba-16d88d729ae7/vendor/symfony/console/Command/Command.php(326): Illuminate\\Console\\Command->execute(Object(Symfony\\Component\\Console\\Input\\ArrayInput), Object(Illuminate\\Console\\OutputStyle))
#26 /Users/paul/WorkSpace/TestSoloCoder/8dcba39c-18f8-480b-b0ba-16d88d729ae7/vendor/laravel/framework/src/Illuminate/Console/Command.php(180): Symfony\\Component\\Console\\Command\\Command->run(Object(Symfony\\Component\\Console\\Input\\ArrayInput), Object(Illuminate\\Console\\OutputStyle))
#27 /Users/paul/WorkSpace/TestSoloCoder/8dcba39c-18f8-480b-b0ba-16d88d729ae7/vendor/laravel/framework/src/Illuminate/Console/Concerns/CallsCommands.php(67): Illuminate\\Console\\Command->run(Object(Symfony\\Component\\Console\\Input\\ArrayInput), Object(Illuminate\\Console\\OutputStyle))
#28 /Users/paul/WorkSpace/TestSoloCoder/8dcba39c-18f8-480b-b0ba-16d88d729ae7/vendor/laravel/framework/src/Illuminate/Console/Concerns/CallsCommands.php(28): Illuminate\\Console\\Command->runCommand('db:seed', Array, Object(Illuminate\\Console\\OutputStyle))
#29 /Users/paul/WorkSpace/TestSoloCoder/8dcba39c-18f8-480b-b0ba-16d88d729ae7/vendor/laravel/framework/src/Illuminate/Database/Console/Migrations/FreshCommand.php(93): Illuminate\\Console\\Command->call('db:seed', Array)
#30 /Users/paul/WorkSpace/TestSoloCoder/8dcba39c-18f8-480b-b0ba-16d88d729ae7/vendor/laravel/framework/src/Illuminate/Database/Console/Migrations/FreshCommand.php(69): Illuminate\\Database\\Console\\Migrations\\FreshCommand->runSeeder(NULL)
#31 /Users/paul/WorkSpace/TestSoloCoder/8dcba39c-18f8-480b-b0ba-16d88d729ae7/vendor/laravel/framework/src/Illuminate/Container/BoundMethod.php(36): Illuminate\\Database\\Console\\Migrations\\FreshCommand->handle()
#32 /Users/paul/WorkSpace/TestSoloCoder/8dcba39c-18f8-480b-b0ba-16d88d729ae7/vendor/laravel/framework/src/Illuminate/Container/Util.php(41): Illuminate\\Container\\BoundMethod::{closure:Illuminate\\Container\\BoundMethod::call():35}()
#33 /Users/paul/WorkSpace/TestSoloCoder/8dcba39c-18f8-480b-b0ba-16d88d729ae7/vendor/laravel/framework/src/Illuminate/Container/BoundMethod.php(93): Illuminate\\Container\\Util::unwrapIfClosure(Object(Closure))
#34 /Users/paul/WorkSpace/TestSoloCoder/8dcba39c-18f8-480b-b0ba-16d88d729ae7/vendor/laravel/framework/src/Illuminate/Container/BoundMethod.php(35): Illuminate\\Container\\BoundMethod::callBoundMethod(Object(Illuminate\\Foundation\\Application), Array, Object(Closure))
#35 /Users/paul/WorkSpace/TestSoloCoder/8dcba39c-18f8-480b-b0ba-16d88d729ae7/vendor/laravel/framework/src/Illuminate/Container/Container.php(662): Illuminate\\Container\\BoundMethod::call(Object(Illuminate\\Foundation\\Application), Array, Array, NULL)
#36 /Users/paul/WorkSpace/TestSoloCoder/8dcba39c-18f8-480b-b0ba-16d88d729ae7/vendor/laravel/framework/src/Illuminate/Console/Command.php(211): Illuminate\\Container\\Container->call(Array)
#37 /Users/paul/WorkSpace/TestSoloCoder/8dcba39c-18f8-480b-b0ba-16d88d729ae7/vendor/symfony/console/Command/Command.php(326): Illuminate\\Console\\Command->execute(Object(Symfony\\Component\\Console\\Input\\ArgvInput), Object(Illuminate\\Console\\OutputStyle))
#38 /Users/paul/WorkSpace/TestSoloCoder/8dcba39c-18f8-480b-b0ba-16d88d729ae7/vendor/laravel/framework/src/Illuminate/Console/Command.php(180): Symfony\\Component\\Console\\Command\\Command->run(Object(Symfony\\Component\\Console\\Input\\ArgvInput), Object(Illuminate\\Console\\OutputStyle))
#39 /Users/paul/WorkSpace/TestSoloCoder/8dcba39c-18f8-480b-b0ba-16d88d729ae7/vendor/symfony/console/Application.php(1121): Illuminate\\Console\\Command->run(Object(Symfony\\Component\\Console\\Input\\ArgvInput), Object(Symfony\\Component\\Console\\Output\\ConsoleOutput))
#40 /Users/paul/WorkSpace/TestSoloCoder/8dcba39c-18f8-480b-b0ba-16d88d729ae7/vendor/symfony/console/Application.php(324): Symfony\\Component\\Console\\Application->doRunCommand(Object(Illuminate\\Database\\Console\\Migrations\\FreshCommand), Object(Symfony\\Component\\Console\\Input\\ArgvInput), Object(Symfony\\Component\\Console\\Output\\ConsoleOutput))
#41 /Users/paul/WorkSpace/TestSoloCoder/8dcba39c-18f8-480b-b0ba-16d88d729ae7/vendor/symfony/console/Application.php(175): Symfony\\Component\\Console\\Application->doRun(Object(Symfony\\Component\\Console\\Input\\ArgvInput), Object(Symfony\\Component\\Console\\Output\\ConsoleOutput))
#42 /Users/paul/WorkSpace/TestSoloCoder/8dcba39c-18f8-480b-b0ba-16d88d729ae7/vendor/laravel/framework/src/Illuminate/Foundation/Console/Kernel.php(201): Symfony\\Component\\Console\\Application->run(Object(Symfony\\Component\\Console\\Input\\ArgvInput), Object(Symfony\\Component\\Console\\Output\\ConsoleOutput))
#43 /Users/paul/WorkSpace/TestSoloCoder/8dcba39c-18f8-480b-b0ba-16d88d729ae7/artisan(12): Illuminate\\Foundation\\Console\\Kernel->handle(Object(Symfony\\Component\\Console\\Input\\ArgvInput), Object(Symfony\\Component\\Console\\Output\\ConsoleOutput))
#44 {main}
"} 
[2026-06-17 23:16:28] local.ERROR: SQLSTATE[HY000]: General error: 1 table role_user has no column named created_at (Connection: sqlite, SQL: insert into "role_user" ("created_at", "role_id", "updated_at", "user_id") values (2026-06-17 23:16:28, 1, 2026-06-17 23:16:28, 1)) {"exception":"[object] (Illuminate\\Database\\QueryException(code: HY000): SQLSTATE[HY000]: General error: 1 table role_user has no column named created_at (Connection: sqlite, SQL: insert into \"role_user\" (\"created_at\", \"role_id\", \"updated_at\", \"user_id\") values (2026-06-17 23:16:28, 1, 2026-06-17 23:16:28, 1)) at /Users/paul/WorkSpace/TestSoloCoder/8dcba39c-18f8-480b-b0ba-16d88d729ae7/vendor/laravel/framework/src/Illuminate/Database/Connection.php:829)
[stacktrace]
#0 /Users/paul/WorkSpace/TestSoloCoder/8dcba39c-18f8-480b-b0ba-16d88d729ae7/vendor/laravel/framework/src/Illuminate/Database/Connection.php(783): Illuminate\\Database\\Connection->runQueryCallback('insert into \"ro...', Array, Object(Closure))
#1 /Users/paul/WorkSpace/TestSoloCoder/8dcba39c-18f8-480b-b0ba-16d88d729ae7/vendor/laravel/framework/src/Illuminate/Database/Connection.php(576): Illuminate\\Database\\Connection->run('insert into \"ro...', Array, Object(Closure))
#2 /Users/paul/WorkSpace/TestSoloCoder/8dcba39c-18f8-480b-b0ba-16d88d729ae7/vendor/laravel/framework/src/Illuminate/Database/Connection.php(540): Illuminate\\Database\\Connection->statement('insert into \"ro...', Array)
#3 /Users/paul/WorkSpace/TestSoloCoder/8dcba39c-18f8-480b-b0ba-16d88d729ae7/vendor/laravel/framework/src/Illuminate/Database/Query/Builder.php(3498): Illuminate\\Database\\Connection->insert('insert into \"ro...', Array)
#4 /Users/paul/WorkSpace/TestSoloCoder/8dcba39c-18f8-480b-b0ba-16d88d729ae7/vendor/laravel/framework/src/Illuminate/Database/Eloquent/Relations/Concerns/InteractsWithPivotTable.php(276): Illuminate\\Database\\Query\\Builder->insert(Array)
#5 /Users/paul/WorkSpace/TestSoloCoder/8dcba39c-18f8-480b-b0ba-16d88d729ae7/database/seeders/DatabaseSeeder.php(94): Illuminate\\Database\\Eloquent\\Relations\\BelongsToMany->attach(1)
#6 /Users/paul/WorkSpace/TestSoloCoder/8dcba39c-18f8-480b-b0ba-16d88d729ae7/database/seeders/DatabaseSeeder.php(18): Database\\Seeders\\DatabaseSeeder->createDemoTenant()
#7 /Users/paul/WorkSpace/TestSoloCoder/8dcba39c-18f8-480b-b0ba-16d88d729ae7/vendor/laravel/framework/src/Illuminate/Container/BoundMethod.php(36): Database\\Seeders\\DatabaseSeeder->run()
#8 /Users/paul/WorkSpace/TestSoloCoder/8dcba39c-18f8-480b-b0ba-16d88d729ae7/vendor/laravel/framework/src/Illuminate/Container/Util.php(41): Illuminate\\Container\\BoundMethod::{closure:Illuminate\\Container\\BoundMethod::call():35}()
#9 /Users/paul/WorkSpace/TestSoloCoder/8dcba39c-18f8-480b-b0ba-16d88d729ae7/vendor/laravel/framework/src/Illuminate/Container/BoundMethod.php(93): Illuminate\\Container\\Util::unwrapIfClosure(Object(Closure))
#10 /Users/paul/WorkSpace/TestSoloCoder/8dcba39c-18f8-480b-b0ba-16d88d729ae7/vendor/laravel/framework/src/Illuminate/Container/BoundMethod.php(35): Illuminate\\Container\\BoundMethod::callBoundMethod(Object(Illuminate\\Foundation\\Application), Array, Object(Closure))
#11 /Users/paul/WorkSpace/TestSoloCoder/8dcba39c-18f8-480b-b0ba-16d88d729ae7/vendor/laravel/framework/src/Illuminate/Container/Container.php(662): Illuminate\\Container\\BoundMethod::call(Object(Illuminate\\Foundation\\Application), Array, Array, NULL)
#12 /Users/paul/WorkSpace/TestSoloCoder/8dcba39c-18f8-480b-b0ba-16d88d729ae7/vendor/laravel/framework/src/Illuminate/Database/Seeder.php(184): Illuminate\\Container\\Container->call(Array, Array)
#13 /Users/paul/WorkSpace/TestSoloCoder/8dcba39c-18f8-480b-b0ba-16d88d729ae7/vendor/laravel/framework/src/Illuminate/Database/Seeder.php(193): Illuminate\\Database\\Seeder->{closure:Illuminate\\Database\\Seeder::__invoke():183}()
#14 /Users/paul/WorkSpace/TestSoloCoder/8dcba39c-18f8-480b-b0ba-16d88d729ae7/vendor/laravel/framework/src/Illuminate/Database/Console/Seeds/SeedCommand.php(70): Illuminate\\Database\\Seeder->__invoke()
#15 /Users/paul/WorkSpace/TestSoloCoder/8dcba39c-18f8-480b-b0ba-16d88d729ae7/vendor/laravel/framework/src/Illuminate/Database/Eloquent/Concerns/GuardsAttributes.php(155): Illuminate\\Database\\Console\\Seeds\\SeedCommand->{closure:Illuminate\\Database\\Console\\Seeds\\SeedCommand::handle():69}()
#16 /Users/paul/WorkSpace/TestSoloCoder/8dcba39c-18f8-480b-b0ba-16d88d729ae7/vendor/laravel/framework/src/Illuminate/Database/Console/Seeds/SeedCommand.php(69): Illuminate\\Database\\Eloquent\\Model::unguarded(Object(Closure))
#17 /Users/paul/WorkSpace/TestSoloCoder/8dcba39c-18f8-480b-b0ba-16d88d729ae7/vendor/laravel/framework/src/Illuminate/Container/BoundMethod.php(36): Illuminate\\Database\\Console\\Seeds\\SeedCommand->handle()
#18 /Users/paul/WorkSpace/TestSoloCoder/8dcba39c-18f8-480b-b0ba-16d88d729ae7/vendor/laravel/framework/src/Illuminate/Container/Util.php(41): Illuminate\\Container\\BoundMethod::{closure:Illuminate\\Container\\BoundMethod::call():35}()
#19 /Users/paul/WorkSpace/TestSoloCoder/8dcba39c-18f8-480b-b0ba-16d88d729ae7/vendor/laravel/framework/src/Illuminate/Container/BoundMethod.php(93): Illuminate\\Container\\Util::unwrapIfClosure(Object(Closure))
#20 /Users/paul/WorkSpace/TestSoloCoder/8dcba39c-18f8-480b-b0ba-16d88d729ae7/vendor/laravel/framework/src/Illuminate/Container/BoundMethod.php(35): Illuminate\\Container\\BoundMethod::callBoundMethod(Object(Illuminate\\Foundation\\Application), Array, Object(Closure))
#21 /Users/paul/WorkSpace/TestSoloCoder/8dcba39c-18f8-480b-b0ba-16d88d729ae7/vendor/laravel/framework/src/Illuminate/Container/Container.php(662): Illuminate\\Container\\BoundMethod::call(Object(Illuminate\\Foundation\\Application), Array, Array, NULL)
#22 /Users/paul/WorkSpace/TestSoloCoder/8dcba39c-18f8-480b-b0ba-16d88d729ae7/vendor/laravel/framework/src/Illuminate/Console/Command.php(211): Illuminate\\Container\\Container->call(Array)
#23 /Users/paul/WorkSpace/TestSoloCoder/8dcba39c-18f8-480b-b0ba-16d88d729ae7/vendor/symfony/console/Command/Command.php(326): Illuminate\\Console\\Command->execute(Object(Symfony\\Component\\Console\\Input\\ArrayInput), Object(Illuminate\\Console\\OutputStyle))
#24 /Users/paul/WorkSpace/TestSoloCoder/8dcba39c-18f8-480b-b0ba-16d88d729ae7/vendor/laravel/framework/src/Illuminate/Console/Command.php(180): Symfony\\Component\\Console\\Command\\Command->run(Object(Symfony\\Component\\Console\\Input\\ArrayInput), Object(Illuminate\\Console\\OutputStyle))
#25 /Users/paul/WorkSpace/TestSoloCoder/8dcba39c-18f8-480b-b0ba-16d88d729ae7/vendor/laravel/framework/src/Illuminate/Console/Concerns/CallsCommands.php(67): Illuminate\\Console\\Command->run(Object(Symfony\\Component\\Console\\Input\\ArrayInput), Object(Illuminate\\Console\\OutputStyle))
#26 /Users/paul/WorkSpace/TestSoloCoder/8dcba39c-18f8-480b-b0ba-16d88d729ae7/vendor/laravel/framework/src/Illuminate/Console/Concerns/CallsCommands.php(28): Illuminate\\Console\\Command->runCommand('db:seed', Array, Object(Illuminate\\Console\\OutputStyle))
#27 /Users/paul/WorkSpace/TestSoloCoder/8dcba39c-18f8-480b-b0ba-16d88d729ae7/vendor/laravel/framework/src/Illuminate/Database/Console/Migrations/FreshCommand.php(93): Illuminate\\Console\\Command->call('db:seed', Array)
#28 /Users/paul/WorkSpace/TestSoloCoder/8dcba39c-18f8-480b-b0ba-16d88d729ae7/vendor/laravel/framework/src/Illuminate/Database/Console/Migrations/FreshCommand.php(69): Illuminate\\Database\\Console\\Migrations\\FreshCommand->runSeeder(NULL)
#29 /Users/paul/WorkSpace/TestSoloCoder/8dcba39c-18f8-480b-b0ba-16d88d729ae7/vendor/laravel/framework/src/Illuminate/Container/BoundMethod.php(36): Illuminate\\Database\\Console\\Migrations\\FreshCommand->handle()
#30 /Users/paul/WorkSpace/TestSoloCoder/8dcba39c-18f8-480b-b0ba-16d88d729ae7/vendor/laravel/framework/src/Illuminate/Container/Util.php(41): Illuminate\\Container\\BoundMethod::{closure:Illuminate\\Container\\BoundMethod::call():35}()
#31 /Users/paul/WorkSpace/TestSoloCoder/8dcba39c-18f8-480b-b0ba-16d88d729ae7/vendor/laravel/framework/src/Illuminate/Container/BoundMethod.php(93): Illuminate\\Container\\Util::unwrapIfClosure(Object(Closure))
#32 /Users/paul/WorkSpace/TestSoloCoder/8dcba39c-18f8-480b-b0ba-16d88d729ae7/vendor/laravel/framework/src/Illuminate/Container/BoundMethod.php(35): Illuminate\\Container\\BoundMethod::callBoundMethod(Object(Illuminate\\Foundation\\Application), Array, Object(Closure))
#33 /Users/paul/WorkSpace/TestSoloCoder/8dcba39c-18f8-480b-b0ba-16d88d729ae7/vendor/laravel/framework/src/Illuminate/Container/Container.php(662): Illuminate\\Container\\BoundMethod::call(Object(Illuminate\\Foundation\\Application), Array, Array, NULL)
#34 /Users/paul/WorkSpace/TestSoloCoder/8dcba39c-18f8-480b-b0ba-16d88d729ae7/vendor/laravel/framework/src/Illuminate/Console/Command.php(211): Illuminate\\Container\\Container->call(Array)
#35 /Users/paul/WorkSpace/TestSoloCoder/8dcba39c-18f8-480b-b0ba-16d88d729ae7/vendor/symfony/console/Command/Command.php(326): Illuminate\\Console\\Command->execute(Object(Symfony\\Component\\Console\\Input\\ArgvInput), Object(Illuminate\\Console\\OutputStyle))
#36 /Users/paul/WorkSpace/TestSoloCoder/8dcba39c-18f8-480b-b0ba-16d88d729ae7/vendor/laravel/framework/src/Illuminate/Console/Command.php(180): Symfony\\Component\\Console\\Command\\Command->run(Object(Symfony\\Component\\Console\\Input\\ArgvInput), Object(Illuminate\\Console\\OutputStyle))
#37 /Users/paul/WorkSpace/TestSoloCoder/8dcba39c-18f8-480b-b0ba-16d88d729ae7/vendor/symfony/console/Application.php(1121): Illuminate\\Console\\Command->run(Object(Symfony\\Component\\Console\\Input\\ArgvInput), Object(Symfony\\Component\\Console\\Output\\ConsoleOutput))
#38 /Users/paul/WorkSpace/TestSoloCoder/8dcba39c-18f8-480b-b0ba-16d88d729ae7/vendor/symfony/console/Application.php(324): Symfony\\Component\\Console\\Application->doRunCommand(Object(Illuminate\\Database\\Console\\Migrations\\FreshCommand), Object(Symfony\\Component\\Console\\Input\\ArgvInput), Object(Symfony\\Component\\Console\\Output\\ConsoleOutput))
#39 /Users/paul/WorkSpace/TestSoloCoder/8dcba39c-18f8-480b-b0ba-16d88d729ae7/vendor/symfony/console/Application.php(175): Symfony\\Component\\Console\\Application->doRun(Object(Symfony\\Component\\Console\\Input\\ArgvInput), Object(Symfony\\Component\\Console\\Output\\ConsoleOutput))
#40 /Users/paul/WorkSpace/TestSoloCoder/8dcba39c-18f8-480b-b0ba-16d88d729ae7/vendor/laravel/framework/src/Illuminate/Foundation/Console/Kernel.php(201): Symfony\\Component\\Console\\Application->run(Object(Symfony\\Component\\Console\\Input\\ArgvInput), Object(Symfony\\Component\\Console\\Output\\ConsoleOutput))
#41 /Users/paul/WorkSpace/TestSoloCoder/8dcba39c-18f8-480b-b0ba-16d88d729ae7/artisan(12): Illuminate\\Foundation\\Console\\Kernel->handle(Object(Symfony\\Component\\Console\\Input\\ArgvInput), Object(Symfony\\Component\\Console\\Output\\ConsoleOutput))
#42 {main}

[previous exception] [object] (PDOException(code: HY000): SQLSTATE[HY000]: General error: 1 table role_user has no column named created_at at /Users/paul/WorkSpace/TestSoloCoder/8dcba39c-18f8-480b-b0ba-16d88d729ae7/vendor/laravel/framework/src/Illuminate/Database/Connection.php:581)
[stacktrace]
#0 /Users/paul/WorkSpace/TestSoloCoder/8dcba39c-18f8-480b-b0ba-16d88d729ae7/vendor/laravel/framework/src/Illuminate/Database/Connection.php(581): PDO->prepare('insert into \"ro...')
#1 /Users/paul/WorkSpace/TestSoloCoder/8dcba39c-18f8-480b-b0ba-16d88d729ae7/vendor/laravel/framework/src/Illuminate/Database/Connection.php(816): Illuminate\\Database\\Connection->{closure:Illuminate\\Database\\Connection::statement():576}('insert into \"ro...', Array)
#2 /Users/paul/WorkSpace/TestSoloCoder/8dcba39c-18f8-480b-b0ba-16d88d729ae7/vendor/laravel/framework/src/Illuminate/Database/Connection.php(783): Illuminate\\Database\\Connection->runQueryCallback('insert into \"ro...', Array, Object(Closure))
#3 /Users/paul/WorkSpace/TestSoloCoder/8dcba39c-18f8-480b-b0ba-16d88d729ae7/vendor/laravel/framework/src/Illuminate/Database/Connection.php(576): Illuminate\\Database\\Connection->run('insert into \"ro...', Array, Object(Closure))
#4 /Users/paul/WorkSpace/TestSoloCoder/8dcba39c-18f8-480b-b0ba-16d88d729ae7/vendor/laravel/framework/src/Illuminate/Database/Connection.php(540): Illuminate\\Database\\Connection->statement('insert into \"ro...', Array)
#5 /Users/paul/WorkSpace/TestSoloCoder/8dcba39c-18f8-480b-b0ba-16d88d729ae7/vendor/laravel/framework/src/Illuminate/Database/Query/Builder.php(3498): Illuminate\\Database\\Connection->insert('insert into \"ro...', Array)
#6 /Users/paul/WorkSpace/TestSoloCoder/8dcba39c-18f8-480b-b0ba-16d88d729ae7/vendor/laravel/framework/src/Illuminate/Database/Eloquent/Relations/Concerns/InteractsWithPivotTable.php(276): Illuminate\\Database\\Query\\Builder->insert(Array)
#7 /Users/paul/WorkSpace/TestSoloCoder/8dcba39c-18f8-480b-b0ba-16d88d729ae7/database/seeders/DatabaseSeeder.php(94): Illuminate\\Database\\Eloquent\\Relations\\BelongsToMany->attach(1)
#8 /Users/paul/WorkSpace/TestSoloCoder/8dcba39c-18f8-480b-b0ba-16d88d729ae7/database/seeders/DatabaseSeeder.php(18): Database\\Seeders\\DatabaseSeeder->createDemoTenant()
#9 /Users/paul/WorkSpace/TestSoloCoder/8dcba39c-18f8-480b-b0ba-16d88d729ae7/vendor/laravel/framework/src/Illuminate/Container/BoundMethod.php(36): Database\\Seeders\\DatabaseSeeder->run()
#10 /Users/paul/WorkSpace/TestSoloCoder/8dcba39c-18f8-480b-b0ba-16d88d729ae7/vendor/laravel/framework/src/Illuminate/Container/Util.php(41): Illuminate\\Container\\BoundMethod::{closure:Illuminate\\Container\\BoundMethod::call():35}()
#11 /Users/paul/WorkSpace/TestSoloCoder/8dcba39c-18f8-480b-b0ba-16d88d729ae7/vendor/laravel/framework/src/Illuminate/Container/BoundMethod.php(93): Illuminate\\Container\\Util::unwrapIfClosure(Object(Closure))
#12 /Users/paul/WorkSpace/TestSoloCoder/8dcba39c-18f8-480b-b0ba-16d88d729ae7/vendor/laravel/framework/src/Illuminate/Container/BoundMethod.php(35): Illuminate\\Container\\BoundMethod::callBoundMethod(Object(Illuminate\\Foundation\\Application), Array, Object(Closure))
#13 /Users/paul/WorkSpace/TestSoloCoder/8dcba39c-18f8-480b-b0ba-16d88d729ae7/vendor/laravel/framework/src/Illuminate/Container/Container.php(662): Illuminate\\Container\\BoundMethod::call(Object(Illuminate\\Foundation\\Application), Array, Array, NULL)
#14 /Users/paul/WorkSpace/TestSoloCoder/8dcba39c-18f8-480b-b0ba-16d88d729ae7/vendor/laravel/framework/src/Illuminate/Database/Seeder.php(184): Illuminate\\Container\\Container->call(Array, Array)
#15 /Users/paul/WorkSpace/TestSoloCoder/8dcba39c-18f8-480b-b0ba-16d88d729ae7/vendor/laravel/framework/src/Illuminate/Database/Seeder.php(193): Illuminate\\Database\\Seeder->{closure:Illuminate\\Database\\Seeder::__invoke():183}()
#16 /Users/paul/WorkSpace/TestSoloCoder/8dcba39c-18f8-480b-b0ba-16d88d729ae7/vendor/laravel/framework/src/Illuminate/Database/Console/Seeds/SeedCommand.php(70): Illuminate\\Database\\Seeder->__invoke()
#17 /Users/paul/WorkSpace/TestSoloCoder/8dcba39c-18f8-480b-b0ba-16d88d729ae7/vendor/laravel/framework/src/Illuminate/Database/Eloquent/Concerns/GuardsAttributes.php(155): Illuminate\\Database\\Console\\Seeds\\SeedCommand->{closure:Illuminate\\Database\\Console\\Seeds\\SeedCommand::handle():69}()
#18 /Users/paul/WorkSpace/TestSoloCoder/8dcba39c-18f8-480b-b0ba-16d88d729ae7/vendor/laravel/framework/src/Illuminate/Database/Console/Seeds/SeedCommand.php(69): Illuminate\\Database\\Eloquent\\Model::unguarded(Object(Closure))
#19 /Users/paul/WorkSpace/TestSoloCoder/8dcba39c-18f8-480b-b0ba-16d88d729ae7/vendor/laravel/framework/src/Illuminate/Container/BoundMethod.php(36): Illuminate\\Database\\Console\\Seeds\\SeedCommand->handle()
#20 /Users/paul/WorkSpace/TestSoloCoder/8dcba39c-18f8-480b-b0ba-16d88d729ae7/vendor/laravel/framework/src/Illuminate/Container/Util.php(41): Illuminate\\Container\\BoundMethod::{closure:Illuminate\\Container\\BoundMethod::call():35}()
#21 /Users/paul/WorkSpace/TestSoloCoder/8dcba39c-18f8-480b-b0ba-16d88d729ae7/vendor/laravel/framework/src/Illuminate/Container/BoundMethod.php(93): Illuminate\\Container\\Util::unwrapIfClosure(Object(Closure))
#22 /Users/paul/WorkSpace/TestSoloCoder/8dcba39c-18f8-480b-b0ba-16d88d729ae7/vendor/laravel/framework/src/Illuminate/Container/BoundMethod.php(35): Illuminate\\Container\\BoundMethod::callBoundMethod(Object(Illuminate\\Foundation\\Application), Array, Object(Closure))
#23 /Users/paul/WorkSpace/TestSoloCoder/8dcba39c-18f8-480b-b0ba-16d88d729ae7/vendor/laravel/framework/src/Illuminate/Container/Container.php(662): Illuminate\\Container\\BoundMethod::call(Object(Illuminate\\Foundation\\Application), Array, Array, NULL)
#24 /Users/paul/WorkSpace/TestSoloCoder/8dcba39c-18f8-480b-b0ba-16d88d729ae7/vendor/laravel/framework/src/Illuminate/Console/Command.php(211): Illuminate\\Container\\Container->call(Array)
#25 /Users/paul/WorkSpace/TestSoloCoder/8dcba39c-18f8-480b-b0ba-16d88d729ae7/vendor/symfony/console/Command/Command.php(326): Illuminate\\Console\\Command->execute(Object(Symfony\\Component\\Console\\Input\\ArrayInput), Object(Illuminate\\Console\\OutputStyle))
#26 /Users/paul/WorkSpace/TestSoloCoder/8dcba39c-18f8-480b-b0ba-16d88d729ae7/vendor/laravel/framework/src/Illuminate/Console/Command.php(180): Symfony\\Component\\Console\\Command\\Command->run(Object(Symfony\\Component\\Console\\Input\\ArrayInput), Object(Illuminate\\Console\\OutputStyle))
#27 /Users/paul/WorkSpace/TestSoloCoder/8dcba39c-18f8-480b-b0ba-16d88d729ae7/vendor/laravel/framework/src/Illuminate/Console/Concerns/CallsCommands.php(67): Illuminate\\Console\\Command->run(Object(Symfony\\Component\\Console\\Input\\ArrayInput), Object(Illuminate\\Console\\OutputStyle))
#28 /Users/paul/WorkSpace/TestSoloCoder/8dcba39c-18f8-480b-b0ba-16d88d729ae7/vendor/laravel/framework/src/Illuminate/Console/Concerns/CallsCommands.php(28): Illuminate\\Console\\Command->runCommand('db:seed', Array, Object(Illuminate\\Console\\OutputStyle))
#29 /Users/paul/WorkSpace/TestSoloCoder/8dcba39c-18f8-480b-b0ba-16d88d729ae7/vendor/laravel/framework/src/Illuminate/Database/Console/Migrations/FreshCommand.php(93): Illuminate\\Console\\Command->call('db:seed', Array)
#30 /Users/paul/WorkSpace/TestSoloCoder/8dcba39c-18f8-480b-b0ba-16d88d729ae7/vendor/laravel/framework/src/Illuminate/Database/Console/Migrations/FreshCommand.php(69): Illuminate\\Database\\Console\\Migrations\\FreshCommand->runSeeder(NULL)
#31 /Users/paul/WorkSpace/TestSoloCoder/8dcba39c-18f8-480b-b0ba-16d88d729ae7/vendor/laravel/framework/src/Illuminate/Container/BoundMethod.php(36): Illuminate\\Database\\Console\\Migrations\\FreshCommand->handle()
#32 /Users/paul/WorkSpace/TestSoloCoder/8dcba39c-18f8-480b-b0ba-16d88d729ae7/vendor/laravel/framework/src/Illuminate/Container/Util.php(41): Illuminate\\Container\\BoundMethod::{closure:Illuminate\\Container\\BoundMethod::call():35}()
#33 /Users/paul/WorkSpace/TestSoloCoder/8dcba39c-18f8-480b-b0ba-16d88d729ae7/vendor/laravel/framework/src/Illuminate/Container/BoundMethod.php(93): Illuminate\\Container\\Util::unwrapIfClosure(Object(Closure))
#34 /Users/paul/WorkSpace/TestSoloCoder/8dcba39c-18f8-480b-b0ba-16d88d729ae7/vendor/laravel/framework/src/Illuminate/Container/BoundMethod.php(35): Illuminate\\Container\\BoundMethod::callBoundMethod(Object(Illuminate\\Foundation\\Application), Array, Object(Closure))
#35 /Users/paul/WorkSpace/TestSoloCoder/8dcba39c-18f8-480b-b0ba-16d88d729ae7/vendor/laravel/framework/src/Illuminate/Container/Container.php(662): Illuminate\\Container\\BoundMethod::call(Object(Illuminate\\Foundation\\Application), Array, Array, NULL)
#36 /Users/paul/WorkSpace/TestSoloCoder/8dcba39c-18f8-480b-b0ba-16d88d729ae7/vendor/laravel/framework/src/Illuminate/Console/Command.php(211): Illuminate\\Container\\Container->call(Array)
#37 /Users/paul/WorkSpace/TestSoloCoder/8dcba39c-18f8-480b-b0ba-16d88d729ae7/vendor/symfony/console/Command/Command.php(326): Illuminate\\Console\\Command->execute(Object(Symfony\\Component\\Console\\Input\\ArgvInput), Object(Illuminate\\Console\\OutputStyle))
#38 /Users/paul/WorkSpace/TestSoloCoder/8dcba39c-18f8-480b-b0ba-16d88d729ae7/vendor/laravel/framework/src/Illuminate/Console/Command.php(180): Symfony\\Component\\Console\\Command\\Command->run(Object(Symfony\\Component\\Console\\Input\\ArgvInput), Object(Illuminate\\Console\\OutputStyle))
#39 /Users/paul/WorkSpace/TestSoloCoder/8dcba39c-18f8-480b-b0ba-16d88d729ae7/vendor/symfony/console/Application.php(1121): Illuminate\\Console\\Command->run(Object(Symfony\\Component\\Console\\Input\\ArgvInput), Object(Symfony\\Component\\Console\\Output\\ConsoleOutput))
#40 /Users/paul/WorkSpace/TestSoloCoder/8dcba39c-18f8-480b-b0ba-16d88d729ae7/vendor/symfony/console/Application.php(324): Symfony\\Component\\Console\\Application->doRunCommand(Object(Illuminate\\Database\\Console\\Migrations\\FreshCommand), Object(Symfony\\Component\\Console\\Input\\ArgvInput), Object(Symfony\\Component\\Console\\Output\\ConsoleOutput))
#41 /Users/paul/WorkSpace/TestSoloCoder/8dcba39c-18f8-480b-b0ba-16d88d729ae7/vendor/symfony/console/Application.php(175): Symfony\\Component\\Console\\Application->doRun(Object(Symfony\\Component\\Console\\Input\\ArgvInput), Object(Symfony\\Component\\Console\\Output\\ConsoleOutput))
#42 /Users/paul/WorkSpace/TestSoloCoder/8dcba39c-18f8-480b-b0ba-16d88d729ae7/vendor/laravel/framework/src/Illuminate/Foundation/Console/Kernel.php(201): Symfony\\Component\\Console\\Application->run(Object(Symfony\\Component\\Console\\Input\\ArgvInput), Object(Symfony\\Component\\Console\\Output\\ConsoleOutput))
#43 /Users/paul/WorkSpace/TestSoloCoder/8dcba39c-18f8-480b-b0ba-16d88d729ae7/artisan(12): Illuminate\\Foundation\\Console\\Kernel->handle(Object(Symfony\\Component\\Console\\Input\\ArgvInput), Object(Symfony\\Component\\Console\\Output\\ConsoleOutput))
#44 {main}
"} 
[2026-06-17 23:18:24] laravel.EMERGENCY: Unable to create configured logger. Using emergency logger. {"exception":"[object] (InvalidArgumentException(code: 0): Driver [sentry] is not supported. at /Users/paul/WorkSpace/TestSoloCoder/8dcba39c-18f8-480b-b0ba-16d88d729ae7/vendor/laravel/framework/src/Illuminate/Log/LogManager.php:225)
[stacktrace]
#0 /Users/paul/WorkSpace/TestSoloCoder/8dcba39c-18f8-480b-b0ba-16d88d729ae7/vendor/laravel/framework/src/Illuminate/Log/LogManager.php(137): Illuminate\\Log\\LogManager->resolve('sentry', Array)
#1 /Users/paul/WorkSpace/TestSoloCoder/8dcba39c-18f8-480b-b0ba-16d88d729ae7/vendor/laravel/framework/src/Illuminate/Log/LogManager.php(124): Illuminate\\Log\\LogManager->get('sentry')
#2 /Users/paul/WorkSpace/TestSoloCoder/8dcba39c-18f8-480b-b0ba-16d88d729ae7/vendor/laravel/framework/src/Illuminate/Log/LogManager.php(113): Illuminate\\Log\\LogManager->driver('sentry')
#3 /Users/paul/WorkSpace/TestSoloCoder/8dcba39c-18f8-480b-b0ba-16d88d729ae7/vendor/laravel/framework/src/Illuminate/Log/LogManager.php(267): Illuminate\\Log\\LogManager->channel('sentry')
#4 [internal function]: Illuminate\\Log\\LogManager->{closure:Illuminate\\Log\\LogManager::createStackDriver():264}('sentry', 1)
#5 /Users/paul/WorkSpace/TestSoloCoder/8dcba39c-18f8-480b-b0ba-16d88d729ae7/vendor/laravel/framework/src/Illuminate/Collections/Arr.php(600): array_map(Object(Closure), Array, Array)
#6 /Users/paul/WorkSpace/TestSoloCoder/8dcba39c-18f8-480b-b0ba-16d88d729ae7/vendor/laravel/framework/src/Illuminate/Collections/Collection.php(778): Illuminate\\Support\\Arr::map(Array, Object(Closure))
#7 /Users/paul/WorkSpace/TestSoloCoder/8dcba39c-18f8-480b-b0ba-16d88d729ae7/vendor/laravel/framework/src/Illuminate/Collections/Traits/EnumeratesValues.php(404): Illuminate\\Support\\Collection->map(Object(Closure))
#8 /Users/paul/WorkSpace/TestSoloCoder/8dcba39c-18f8-480b-b0ba-16d88d729ae7/vendor/laravel/framework/src/Illuminate/Log/LogManager.php(264): Illuminate\\Support\\Collection->flatMap(Object(Closure))
#9 /Users/paul/WorkSpace/TestSoloCoder/8dcba39c-18f8-480b-b0ba-16d88d729ae7/vendor/laravel/framework/src/Illuminate/Log/LogManager.php(222): Illuminate\\Log\\LogManager->createStackDriver(Array)
#10 /Users/paul/WorkSpace/TestSoloCoder/8dcba39c-18f8-480b-b0ba-16d88d729ae7/vendor/laravel/framework/src/Illuminate/Log/LogManager.php(137): Illuminate\\Log\\LogManager->resolve('stack', Array)
#11 /Users/paul/WorkSpace/TestSoloCoder/8dcba39c-18f8-480b-b0ba-16d88d729ae7/vendor/laravel/framework/src/Illuminate/Log/LogManager.php(124): Illuminate\\Log\\LogManager->get('stack')
#12 /Users/paul/WorkSpace/TestSoloCoder/8dcba39c-18f8-480b-b0ba-16d88d729ae7/vendor/laravel/framework/src/Illuminate/Log/LogManager.php(681): Illuminate\\Log\\LogManager->driver()
#13 /Users/paul/WorkSpace/TestSoloCoder/8dcba39c-18f8-480b-b0ba-16d88d729ae7/vendor/laravel/framework/src/Illuminate/Foundation/Exceptions/Handler.php(317): Illuminate\\Log\\LogManager->error('SQLSTATE[HY000]...', Array)
#14 /Users/paul/WorkSpace/TestSoloCoder/8dcba39c-18f8-480b-b0ba-16d88d729ae7/vendor/laravel/framework/src/Illuminate/Foundation/Exceptions/Handler.php(278): Illuminate\\Foundation\\Exceptions\\Handler->reportThrowable(Object(Illuminate\\Database\\QueryException))
#15 /Users/paul/WorkSpace/TestSoloCoder/8dcba39c-18f8-480b-b0ba-16d88d729ae7/vendor/laravel/framework/src/Illuminate/Foundation/Console/Kernel.php(523): Illuminate\\Foundation\\Exceptions\\Handler->report(Object(Illuminate\\Database\\QueryException))
#16 /Users/paul/WorkSpace/TestSoloCoder/8dcba39c-18f8-480b-b0ba-16d88d729ae7/vendor/laravel/framework/src/Illuminate/Foundation/Console/Kernel.php(203): Illuminate\\Foundation\\Console\\Kernel->reportException(Object(Illuminate\\Database\\QueryException))
#17 /Users/paul/WorkSpace/TestSoloCoder/8dcba39c-18f8-480b-b0ba-16d88d729ae7/artisan(12): Illuminate\\Foundation\\Console\\Kernel->handle(Object(Symfony\\Component\\Console\\Input\\ArgvInput), Object(Symfony\\Component\\Console\\Output\\ConsoleOutput))
#18 {main}
"} 
[2026-06-17 23:18:25] laravel.EMERGENCY: Unable to create configured logger. Using emergency logger. {"exception":"[object] (InvalidArgumentException(code: 0): Driver [sentry] is not supported. at /Users/paul/WorkSpace/TestSoloCoder/8dcba39c-18f8-480b-b0ba-16d88d729ae7/vendor/laravel/framework/src/Illuminate/Log/LogManager.php:225)
[stacktrace]
#0 /Users/paul/WorkSpace/TestSoloCoder/8dcba39c-18f8-480b-b0ba-16d88d729ae7/vendor/laravel/framework/src/Illuminate/Log/LogManager.php(137): Illuminate\\Log\\LogManager->resolve('sentry', Array)
#1 /Users/paul/WorkSpace/TestSoloCoder/8dcba39c-18f8-480b-b0ba-16d88d729ae7/vendor/laravel/framework/src/Illuminate/Log/LogManager.php(124): Illuminate\\Log\\LogManager->get('sentry')
#2 /Users/paul/WorkSpace/TestSoloCoder/8dcba39c-18f8-480b-b0ba-16d88d729ae7/vendor/laravel/framework/src/Illuminate/Log/LogManager.php(113): Illuminate\\Log\\LogManager->driver('sentry')
#3 /Users/paul/WorkSpace/TestSoloCoder/8dcba39c-18f8-480b-b0ba-16d88d729ae7/vendor/laravel/framework/src/Illuminate/Log/LogManager.php(273): Illuminate\\Log\\LogManager->channel('sentry')
#4 [internal function]: Illuminate\\Log\\LogManager->{closure:Illuminate\\Log\\LogManager::createStackDriver():270}('sentry', 1)
#5 /Users/paul/WorkSpace/TestSoloCoder/8dcba39c-18f8-480b-b0ba-16d88d729ae7/vendor/laravel/framework/src/Illuminate/Collections/Arr.php(600): array_map(Object(Closure), Array, Array)
#6 /Users/paul/WorkSpace/TestSoloCoder/8dcba39c-18f8-480b-b0ba-16d88d729ae7/vendor/laravel/framework/src/Illuminate/Collections/Collection.php(778): Illuminate\\Support\\Arr::map(Array, Object(Closure))
#7 /Users/paul/WorkSpace/TestSoloCoder/8dcba39c-18f8-480b-b0ba-16d88d729ae7/vendor/laravel/framework/src/Illuminate/Collections/Traits/EnumeratesValues.php(404): Illuminate\\Support\\Collection->map(Object(Closure))
#8 /Users/paul/WorkSpace/TestSoloCoder/8dcba39c-18f8-480b-b0ba-16d88d729ae7/vendor/laravel/framework/src/Illuminate/Log/LogManager.php(270): Illuminate\\Support\\Collection->flatMap(Object(Closure))
#9 /Users/paul/WorkSpace/TestSoloCoder/8dcba39c-18f8-480b-b0ba-16d88d729ae7/vendor/laravel/framework/src/Illuminate/Log/LogManager.php(222): Illuminate\\Log\\LogManager->createStackDriver(Array)
#10 /Users/paul/WorkSpace/TestSoloCoder/8dcba39c-18f8-480b-b0ba-16d88d729ae7/vendor/laravel/framework/src/Illuminate/Log/LogManager.php(137): Illuminate\\Log\\LogManager->resolve('stack', Array)
#11 /Users/paul/WorkSpace/TestSoloCoder/8dcba39c-18f8-480b-b0ba-16d88d729ae7/vendor/laravel/framework/src/Illuminate/Log/LogManager.php(124): Illuminate\\Log\\LogManager->get('stack')
#12 /Users/paul/WorkSpace/TestSoloCoder/8dcba39c-18f8-480b-b0ba-16d88d729ae7/vendor/laravel/framework/src/Illuminate/Log/LogManager.php(681): Illuminate\\Log\\LogManager->driver()
#13 /Users/paul/WorkSpace/TestSoloCoder/8dcba39c-18f8-480b-b0ba-16d88d729ae7/vendor/laravel/framework/src/Illuminate/Foundation/Exceptions/Handler.php(317): Illuminate\\Log\\LogManager->error('SQLSTATE[HY000]...', Array)
#14 /Users/paul/WorkSpace/TestSoloCoder/8dcba39c-18f8-480b-b0ba-16d88d729ae7/vendor/laravel/framework/src/Illuminate/Foundation/Exceptions/Handler.php(278): Illuminate\\Foundation\\Exceptions\\Handler->reportThrowable(Object(Illuminate\\Database\\QueryException))
#15 /Users/paul/WorkSpace/TestSoloCoder/8dcba39c-18f8-480b-b0ba-16d88d729ae7/vendor/laravel/framework/src/Illuminate/Foundation/Console/Kernel.php(523): Illuminate\\Foundation\\Exceptions\\Handler->report(Object(Illuminate\\Database\\QueryException))
#16 /Users/paul/WorkSpace/TestSoloCoder/8dcba39c-18f8-480b-b0ba-16d88d729ae7/vendor/laravel/framework/src/Illuminate/Foundation/Console/Kernel.php(203): Illuminate\\Foundation\\Console\\Kernel->reportException(Object(Illuminate\\Database\\QueryException))
#17 /Users/paul/WorkSpace/TestSoloCoder/8dcba39c-18f8-480b-b0ba-16d88d729ae7/artisan(12): Illuminate\\Foundation\\Console\\Kernel->handle(Object(Symfony\\Component\\Console\\Input\\ArgvInput), Object(Symfony\\Component\\Console\\Output\\ConsoleOutput))
#18 {main}
"} 
[2026-06-17 23:18:25] local.ERROR: SQLSTATE[HY000] [2002] Connection refused (Connection: mysql, SQL: select table_name as `name`, (data_length + index_length) as `size`, table_comment as `comment`, engine as `engine`, table_collation as `collation` from information_schema.tables where table_schema = 'saas_ticket' and table_type in ('BASE TABLE', 'SYSTEM VERSIONED') order by table_name) {"exception":"[object] (Illuminate\\Database\\QueryException(code: 2002): SQLSTATE[HY000] [2002] Connection refused (Connection: mysql, SQL: select table_name as `name`, (data_length + index_length) as `size`, table_comment as `comment`, engine as `engine`, table_collation as `collation` from information_schema.tables where table_schema = 'saas_ticket' and table_type in ('BASE TABLE', 'SYSTEM VERSIONED') order by table_name) at /Users/paul/WorkSpace/TestSoloCoder/8dcba39c-18f8-480b-b0ba-16d88d729ae7/vendor/laravel/framework/src/Illuminate/Database/Connection.php:829)
[stacktrace]
#0 /Users/paul/WorkSpace/TestSoloCoder/8dcba39c-18f8-480b-b0ba-16d88d729ae7/vendor/laravel/framework/src/Illuminate/Database/Connection.php(983): Illuminate\\Database\\Connection->runQueryCallback('select table_na...', Array, Object(Closure))
#1 /Users/paul/WorkSpace/TestSoloCoder/8dcba39c-18f8-480b-b0ba-16d88d729ae7/vendor/laravel/framework/src/Illuminate/Database/Connection.php(962): Illuminate\\Database\\Connection->tryAgainIfCausedByLostConnection(Object(Illuminate\\Database\\QueryException), 'select table_na...', Array, Object(Closure))
#2 /Users/paul/WorkSpace/TestSoloCoder/8dcba39c-18f8-480b-b0ba-16d88d729ae7/vendor/laravel/framework/src/Illuminate/Database/Connection.php(785): Illuminate\\Database\\Connection->handleQueryException(Object(Illuminate\\Database\\QueryException), 'select table_na...', Array, Object(Closure))
#3 /Users/paul/WorkSpace/TestSoloCoder/8dcba39c-18f8-480b-b0ba-16d88d729ae7/vendor/laravel/framework/src/Illuminate/Database/Connection.php(414): Illuminate\\Database\\Connection->run('select table_na...', Array, Object(Closure))
#4 /Users/paul/WorkSpace/TestSoloCoder/8dcba39c-18f8-480b-b0ba-16d88d729ae7/vendor/laravel/framework/src/Illuminate/Database/Connection.php(401): Illuminate\\Database\\Connection->select('select table_na...', Array, false)
#5 /Users/paul/WorkSpace/TestSoloCoder/8dcba39c-18f8-480b-b0ba-16d88d729ae7/vendor/laravel/framework/src/Illuminate/Database/Schema/MySqlBuilder.php(41): Illuminate\\Database\\Connection->selectFromWriteConnection('select table_na...')
#6 /Users/paul/WorkSpace/TestSoloCoder/8dcba39c-18f8-480b-b0ba-16d88d729ae7/vendor/laravel/framework/src/Illuminate/Database/Schema/Builder.php(165): Illuminate\\Database\\Schema\\MySqlBuilder->getTables(false)
#7 /Users/paul/WorkSpace/TestSoloCoder/8dcba39c-18f8-480b-b0ba-16d88d729ae7/vendor/laravel/framework/src/Illuminate/Database/Migrations/DatabaseMigrationRepository.php(184): Illuminate\\Database\\Schema\\Builder->hasTable('migrations')
#8 /Users/paul/WorkSpace/TestSoloCoder/8dcba39c-18f8-480b-b0ba-16d88d729ae7/vendor/laravel/framework/src/Illuminate/Database/Migrations/Migrator.php(727): Illuminate\\Database\\Migrations\\DatabaseMigrationRepository->repositoryExists()
#9 /Users/paul/WorkSpace/TestSoloCoder/8dcba39c-18f8-480b-b0ba-16d88d729ae7/vendor/laravel/framework/src/Illuminate/Database/Console/Migrations/StatusCommand.php(53): Illuminate\\Database\\Migrations\\Migrator->repositoryExists()
#10 /Users/paul/WorkSpace/TestSoloCoder/8dcba39c-18f8-480b-b0ba-16d88d729ae7/vendor/laravel/framework/src/Illuminate/Database/Migrations/Migrator.php(641): Illuminate\\Database\\Console\\Migrations\\StatusCommand->{closure:Illuminate\\Database\\Console\\Migrations\\StatusCommand::handle():52}()
#11 /Users/paul/WorkSpace/TestSoloCoder/8dcba39c-18f8-480b-b0ba-16d88d729ae7/vendor/laravel/framework/src/Illuminate/Database/Console/Migrations/StatusCommand.php(52): Illuminate\\Database\\Migrations\\Migrator->usingConnection(NULL, Object(Closure))
#12 /Users/paul/WorkSpace/TestSoloCoder/8dcba39c-18f8-480b-b0ba-16d88d729ae7/vendor/laravel/framework/src/Illuminate/Container/BoundMethod.php(36): Illuminate\\Database\\Console\\Migrations\\StatusCommand->handle()
#13 /Users/paul/WorkSpace/TestSoloCoder/8dcba39c-18f8-480b-b0ba-16d88d729ae7/vendor/laravel/framework/src/Illuminate/Container/Util.php(41): Illuminate\\Container\\BoundMethod::{closure:Illuminate\\Container\\BoundMethod::call():35}()
#14 /Users/paul/WorkSpace/TestSoloCoder/8dcba39c-18f8-480b-b0ba-16d88d729ae7/vendor/laravel/framework/src/Illuminate/Container/BoundMethod.php(93): Illuminate\\Container\\Util::unwrapIfClosure(Object(Closure))
#15 /Users/paul/WorkSpace/TestSoloCoder/8dcba39c-18f8-480b-b0ba-16d88d729ae7/vendor/laravel/framework/src/Illuminate/Container/BoundMethod.php(35): Illuminate\\Container\\BoundMethod::callBoundMethod(Object(Illuminate\\Foundation\\Application), Array, Object(Closure))
#16 /Users/paul/WorkSpace/TestSoloCoder/8dcba39c-18f8-480b-b0ba-16d88d729ae7/vendor/laravel/framework/src/Illuminate/Container/Container.php(662): Illuminate\\Container\\BoundMethod::call(Object(Illuminate\\Foundation\\Application), Array, Array, NULL)
#17 /Users/paul/WorkSpace/TestSoloCoder/8dcba39c-18f8-480b-b0ba-16d88d729ae7/vendor/laravel/framework/src/Illuminate/Console/Command.php(211): Illuminate\\Container\\Container->call(Array)
#18 /Users/paul/WorkSpace/TestSoloCoder/8dcba39c-18f8-480b-b0ba-16d88d729ae7/vendor/symfony/console/Command/Command.php(326): Illuminate\\Console\\Command->execute(Object(Symfony\\Component\\Console\\Input\\ArgvInput), Object(Illuminate\\Console\\OutputStyle))
#19 /Users/paul/WorkSpace/TestSoloCoder/8dcba39c-18f8-480b-b0ba-16d88d729ae7/vendor/laravel/framework/src/Illuminate/Console/Command.php(180): Symfony\\Component\\Console\\Command\\Command->run(Object(Symfony\\Component\\Console\\Input\\ArgvInput), Object(Illuminate\\Console\\OutputStyle))
#20 /Users/paul/WorkSpace/TestSoloCoder/8dcba39c-18f8-480b-b0ba-16d88d729ae7/vendor/symfony/console/Application.php(1121): Illuminate\\Console\\Command->run(Object(Symfony\\Component\\Console\\Input\\ArgvInput), Object(Symfony\\Component\\Console\\Output\\ConsoleOutput))
#21 /Users/paul/WorkSpace/TestSoloCoder/8dcba39c-18f8-480b-b0ba-16d88d729ae7/vendor/symfony/console/Application.php(324): Symfony\\Component\\Console\\Application->doRunCommand(Object(Illuminate\\Database\\Console\\Migrations\\StatusCommand), Object(Symfony\\Component\\Console\\Input\\ArgvInput), Object(Symfony\\Component\\Console\\Output\\ConsoleOutput))
#22 /Users/paul/WorkSpace/TestSoloCoder/8dcba39c-18f8-480b-b0ba-16d88d729ae7/vendor/symfony/console/Application.php(175): Symfony\\Component\\Console\\Application->doRun(Object(Symfony\\Component\\Console\\Input\\ArgvInput), Object(Symfony\\Component\\Console\\Output\\ConsoleOutput))
#23 /Users/paul/WorkSpace/TestSoloCoder/8dcba39c-18f8-480b-b0ba-16d88d729ae7/vendor/laravel/framework/src/Illuminate/Foundation/Console/Kernel.php(201): Symfony\\Component\\Console\\Application->run(Object(Symfony\\Component\\Console\\Input\\ArgvInput), Object(Symfony\\Component\\Console\\Output\\ConsoleOutput))
#24 /Users/paul/WorkSpace/TestSoloCoder/8dcba39c-18f8-480b-b0ba-16d88d729ae7/artisan(12): Illuminate\\Foundation\\Console\\Kernel->handle(Object(Symfony\\Component\\Console\\Input\\ArgvInput), Object(Symfony\\Component\\Console\\Output\\ConsoleOutput))
#25 {main}

[previous exception] [object] (PDOException(code: 2002): SQLSTATE[HY000] [2002] Connection refused at /Users/paul/WorkSpace/TestSoloCoder/8dcba39c-18f8-480b-b0ba-16d88d729ae7/vendor/laravel/framework/src/Illuminate/Database/Connectors/Connector.php:65)
[stacktrace]
#0 /Users/paul/WorkSpace/TestSoloCoder/8dcba39c-18f8-480b-b0ba-16d88d729ae7/vendor/laravel/framework/src/Illuminate/Database/Connectors/Connector.php(65): PDO->__construct('mysql:host=127....', 'root', Object(SensitiveParameterValue), Array)
#1 /Users/paul/WorkSpace/TestSoloCoder/8dcba39c-18f8-480b-b0ba-16d88d729ae7/vendor/laravel/framework/src/Illuminate/Database/Connectors/Connector.php(83): Illuminate\\Database\\Connectors\\Connector->createPdoConnection('mysql:host=127....', 'root', '', Array)
#2 /Users/paul/WorkSpace/TestSoloCoder/8dcba39c-18f8-480b-b0ba-16d88d729ae7/vendor/laravel/framework/src/Illuminate/Database/Connectors/Connector.php(48): Illuminate\\Database\\Connectors\\Connector->tryAgainIfCausedByLostConnection(Object(PDOException), 'mysql:host=127....', 'root', '', Array)
#3 /Users/paul/WorkSpace/TestSoloCoder/8dcba39c-18f8-480b-b0ba-16d88d729ae7/vendor/laravel/framework/src/Illuminate/Database/Connectors/MySqlConnector.php(24): Illuminate\\Database\\Connectors\\Connector->createConnection('mysql:host=127....', Array, Array)
#4 /Users/paul/WorkSpace/TestSoloCoder/8dcba39c-18f8-480b-b0ba-16d88d729ae7/vendor/laravel/framework/src/Illuminate/Database/Connectors/ConnectionFactory.php(184): Illuminate\\Database\\Connectors\\MySqlConnector->connect(Array)
#5 [internal function]: Illuminate\\Database\\Connectors\\ConnectionFactory->{closure:Illuminate\\Database\\Connectors\\ConnectionFactory::createPdoResolverWithHosts():179}()
#6 /Users/paul/WorkSpace/TestSoloCoder/8dcba39c-18f8-480b-b0ba-16d88d729ae7/vendor/laravel/framework/src/Illuminate/Database/Connection.php(1339): call_user_func(Object(Closure))
#7 /Users/paul/WorkSpace/TestSoloCoder/8dcba39c-18f8-480b-b0ba-16d88d729ae7/vendor/laravel/framework/src/Illuminate/Database/Connection.php(528): Illuminate\\Database\\Connection->getPdo()
#8 /Users/paul/WorkSpace/TestSoloCoder/8dcba39c-18f8-480b-b0ba-16d88d729ae7/vendor/laravel/framework/src/Illuminate/Database/Connection.php(423): Illuminate\\Database\\Connection->getPdoForSelect(false)
#9 /Users/paul/WorkSpace/TestSoloCoder/8dcba39c-18f8-480b-b0ba-16d88d729ae7/vendor/laravel/framework/src/Illuminate/Database/Connection.php(816): Illuminate\\Database\\Connection->{closure:Illuminate\\Database\\Connection::select():414}('select table_na...', Array)
#10 /Users/paul/WorkSpace/TestSoloCoder/8dcba39c-18f8-480b-b0ba-16d88d729ae7/vendor/laravel/framework/src/Illuminate/Database/Connection.php(983): Illuminate\\Database\\Connection->runQueryCallback('select table_na...', Array, Object(Closure))
#11 /Users/paul/WorkSpace/TestSoloCoder/8dcba39c-18f8-480b-b0ba-16d88d729ae7/vendor/laravel/framework/src/Illuminate/Database/Connection.php(962): Illuminate\\Database\\Connection->tryAgainIfCausedByLostConnection(Object(Illuminate\\Database\\QueryException), 'select table_na...', Array, Object(Closure))
#12 /Users/paul/WorkSpace/TestSoloCoder/8dcba39c-18f8-480b-b0ba-16d88d729ae7/vendor/laravel/framework/src/Illuminate/Database/Connection.php(785): Illuminate\\Database\\Connection->handleQueryException(Object(Illuminate\\Database\\QueryException), 'select table_na...', Array, Object(Closure))
#13 /Users/paul/WorkSpace/TestSoloCoder/8dcba39c-18f8-480b-b0ba-16d88d729ae7/vendor/laravel/framework/src/Illuminate/Database/Connection.php(414): Illuminate\\Database\\Connection->run('select table_na...', Array, Object(Closure))
#14 /Users/paul/WorkSpace/TestSoloCoder/8dcba39c-18f8-480b-b0ba-16d88d729ae7/vendor/laravel/framework/src/Illuminate/Database/Connection.php(401): Illuminate\\Database\\Connection->select('select table_na...', Array, false)
#15 /Users/paul/WorkSpace/TestSoloCoder/8dcba39c-18f8-480b-b0ba-16d88d729ae7/vendor/laravel/framework/src/Illuminate/Database/Schema/MySqlBuilder.php(41): Illuminate\\Database\\Connection->selectFromWriteConnection('select table_na...')
#16 /Users/paul/WorkSpace/TestSoloCoder/8dcba39c-18f8-480b-b0ba-16d88d729ae7/vendor/laravel/framework/src/Illuminate/Database/Schema/Builder.php(165): Illuminate\\Database\\Schema\\MySqlBuilder->getTables(false)
#17 /Users/paul/WorkSpace/TestSoloCoder/8dcba39c-18f8-480b-b0ba-16d88d729ae7/vendor/laravel/framework/src/Illuminate/Database/Migrations/DatabaseMigrationRepository.php(184): Illuminate\\Database\\Schema\\Builder->hasTable('migrations')
#18 /Users/paul/WorkSpace/TestSoloCoder/8dcba39c-18f8-480b-b0ba-16d88d729ae7/vendor/laravel/framework/src/Illuminate/Database/Migrations/Migrator.php(727): Illuminate\\Database\\Migrations\\DatabaseMigrationRepository->repositoryExists()
#19 /Users/paul/WorkSpace/TestSoloCoder/8dcba39c-18f8-480b-b0ba-16d88d729ae7/vendor/laravel/framework/src/Illuminate/Database/Console/Migrations/StatusCommand.php(53): Illuminate\\Database\\Migrations\\Migrator->repositoryExists()
#20 /Users/paul/WorkSpace/TestSoloCoder/8dcba39c-18f8-480b-b0ba-16d88d729ae7/vendor/laravel/framework/src/Illuminate/Database/Migrations/Migrator.php(641): Illuminate\\Database\\Console\\Migrations\\StatusCommand->{closure:Illuminate\\Database\\Console\\Migrations\\StatusCommand::handle():52}()
#21 /Users/paul/WorkSpace/TestSoloCoder/8dcba39c-18f8-480b-b0ba-16d88d729ae7/vendor/laravel/framework/src/Illuminate/Database/Console/Migrations/StatusCommand.php(52): Illuminate\\Database\\Migrations\\Migrator->usingConnection(NULL, Object(Closure))
#22 /Users/paul/WorkSpace/TestSoloCoder/8dcba39c-18f8-480b-b0ba-16d88d729ae7/vendor/laravel/framework/src/Illuminate/Container/BoundMethod.php(36): Illuminate\\Database\\Console\\Migrations\\StatusCommand->handle()
#23 /Users/paul/WorkSpace/TestSoloCoder/8dcba39c-18f8-480b-b0ba-16d88d729ae7/vendor/laravel/framework/src/Illuminate/Container/Util.php(41): Illuminate\\Container\\BoundMethod::{closure:Illuminate\\Container\\BoundMethod::call():35}()
#24 /Users/paul/WorkSpace/TestSoloCoder/8dcba39c-18f8-480b-b0ba-16d88d729ae7/vendor/laravel/framework/src/Illuminate/Container/BoundMethod.php(93): Illuminate\\Container\\Util::unwrapIfClosure(Object(Closure))
#25 /Users/paul/WorkSpace/TestSoloCoder/8dcba39c-18f8-480b-b0ba-16d88d729ae7/vendor/laravel/framework/src/Illuminate/Container/BoundMethod.php(35): Illuminate\\Container\\BoundMethod::callBoundMethod(Object(Illuminate\\Foundation\\Application), Array, Object(Closure))
#26 /Users/paul/WorkSpace/TestSoloCoder/8dcba39c-18f8-480b-b0ba-16d88d729ae7/vendor/laravel/framework/src/Illuminate/Container/Container.php(662): Illuminate\\Container\\BoundMethod::call(Object(Illuminate\\Foundation\\Application), Array, Array, NULL)
#27 /Users/paul/WorkSpace/TestSoloCoder/8dcba39c-18f8-480b-b0ba-16d88d729ae7/vendor/laravel/framework/src/Illuminate/Console/Command.php(211): Illuminate\\Container\\Container->call(Array)
#28 /Users/paul/WorkSpace/TestSoloCoder/8dcba39c-18f8-480b-b0ba-16d88d729ae7/vendor/symfony/console/Command/Command.php(326): Illuminate\\Console\\Command->execute(Object(Symfony\\Component\\Console\\Input\\ArgvInput), Object(Illuminate\\Console\\OutputStyle))
#29 /Users/paul/WorkSpace/TestSoloCoder/8dcba39c-18f8-480b-b0ba-16d88d729ae7/vendor/laravel/framework/src/Illuminate/Console/Command.php(180): Symfony\\Component\\Console\\Command\\Command->run(Object(Symfony\\Component\\Console\\Input\\ArgvInput), Object(Illuminate\\Console\\OutputStyle))
#30 /Users/paul/WorkSpace/TestSoloCoder/8dcba39c-18f8-480b-b0ba-16d88d729ae7/vendor/symfony/console/Application.php(1121): Illuminate\\Console\\Command->run(Object(Symfony\\Component\\Console\\Input\\ArgvInput), Object(Symfony\\Component\\Console\\Output\\ConsoleOutput))
#31 /Users/paul/WorkSpace/TestSoloCoder/8dcba39c-18f8-480b-b0ba-16d88d729ae7/vendor/symfony/console/Application.php(324): Symfony\\Component\\Console\\Application->doRunCommand(Object(Illuminate\\Database\\Console\\Migrations\\StatusCommand), Object(Symfony\\Component\\Console\\Input\\ArgvInput), Object(Symfony\\Component\\Console\\Output\\ConsoleOutput))
#32 /Users/paul/WorkSpace/TestSoloCoder/8dcba39c-18f8-480b-b0ba-16d88d729ae7/vendor/symfony/console/Application.php(175): Symfony\\Component\\Console\\Application->doRun(Object(Symfony\\Component\\Console\\Input\\ArgvInput), Object(Symfony\\Component\\Console\\Output\\ConsoleOutput))
#33 /Users/paul/WorkSpace/TestSoloCoder/8dcba39c-18f8-480b-b0ba-16d88d729ae7/vendor/laravel/framework/src/Illuminate/Foundation/Console/Kernel.php(201): Symfony\\Component\\Console\\Application->run(Object(Symfony\\Component\\Console\\Input\\ArgvInput), Object(Symfony\\Component\\Console\\Output\\ConsoleOutput))
#34 /Users/paul/WorkSpace/TestSoloCoder/8dcba39c-18f8-480b-b0ba-16d88d729ae7/artisan(12): Illuminate\\Foundation\\Console\\Kernel->handle(Object(Symfony\\Component\\Console\\Input\\ArgvInput), Object(Symfony\\Component\\Console\\Output\\ConsoleOutput))
#35 {main}
"} 
[2026-06-17 23:18:25] local.ERROR: SQLSTATE[HY000] [2002] Connection refused (Connection: mysql, SQL: select table_name as `name`, (data_length + index_length) as `size`, table_comment as `comment`, engine as `engine`, table_collation as `collation` from information_schema.tables where table_schema = 'saas_ticket' and table_type in ('BASE TABLE', 'SYSTEM VERSIONED') order by table_name) {"exception":"[object] (Illuminate\\Database\\QueryException(code: 2002): SQLSTATE[HY000] [2002] Connection refused (Connection: mysql, SQL: select table_name as `name`, (data_length + index_length) as `size`, table_comment as `comment`, engine as `engine`, table_collation as `collation` from information_schema.tables where table_schema = 'saas_ticket' and table_type in ('BASE TABLE', 'SYSTEM VERSIONED') order by table_name) at /Users/paul/WorkSpace/TestSoloCoder/8dcba39c-18f8-480b-b0ba-16d88d729ae7/vendor/laravel/framework/src/Illuminate/Database/Connection.php:829)
[stacktrace]
#0 /Users/paul/WorkSpace/TestSoloCoder/8dcba39c-18f8-480b-b0ba-16d88d729ae7/vendor/laravel/framework/src/Illuminate/Database/Connection.php(983): Illuminate\\Database\\Connection->runQueryCallback('select table_na...', Array, Object(Closure))
#1 /Users/paul/WorkSpace/TestSoloCoder/8dcba39c-18f8-480b-b0ba-16d88d729ae7/vendor/laravel/framework/src/Illuminate/Database/Connection.php(962): Illuminate\\Database\\Connection->tryAgainIfCausedByLostConnection(Object(Illuminate\\Database\\QueryException), 'select table_na...', Array, Object(Closure))
#2 /Users/paul/WorkSpace/TestSoloCoder/8dcba39c-18f8-480b-b0ba-16d88d729ae7/vendor/laravel/framework/src/Illuminate/Database/Connection.php(785): Illuminate\\Database\\Connection->handleQueryException(Object(Illuminate\\Database\\QueryException), 'select table_na...', Array, Object(Closure))
#3 /Users/paul/WorkSpace/TestSoloCoder/8dcba39c-18f8-480b-b0ba-16d88d729ae7/vendor/laravel/framework/src/Illuminate/Database/Connection.php(414): Illuminate\\Database\\Connection->run('select table_na...', Array, Object(Closure))
#4 /Users/paul/WorkSpace/TestSoloCoder/8dcba39c-18f8-480b-b0ba-16d88d729ae7/vendor/laravel/framework/src/Illuminate/Database/Connection.php(401): Illuminate\\Database\\Connection->select('select table_na...', Array, false)
#5 /Users/paul/WorkSpace/TestSoloCoder/8dcba39c-18f8-480b-b0ba-16d88d729ae7/vendor/laravel/framework/src/Illuminate/Database/Schema/MySqlBuilder.php(41): Illuminate\\Database\\Connection->selectFromWriteConnection('select table_na...')
#6 /Users/paul/WorkSpace/TestSoloCoder/8dcba39c-18f8-480b-b0ba-16d88d729ae7/vendor/laravel/framework/src/Illuminate/Database/Schema/Builder.php(165): Illuminate\\Database\\Schema\\MySqlBuilder->getTables(false)
#7 /Users/paul/WorkSpace/TestSoloCoder/8dcba39c-18f8-480b-b0ba-16d88d729ae7/vendor/laravel/framework/src/Illuminate/Database/Migrations/DatabaseMigrationRepository.php(184): Illuminate\\Database\\Schema\\Builder->hasTable('migrations')
#8 /Users/paul/WorkSpace/TestSoloCoder/8dcba39c-18f8-480b-b0ba-16d88d729ae7/vendor/laravel/framework/src/Illuminate/Database/Migrations/Migrator.php(727): Illuminate\\Database\\Migrations\\DatabaseMigrationRepository->repositoryExists()
#9 /Users/paul/WorkSpace/TestSoloCoder/8dcba39c-18f8-480b-b0ba-16d88d729ae7/vendor/laravel/framework/src/Illuminate/Database/Console/Migrations/StatusCommand.php(53): Illuminate\\Database\\Migrations\\Migrator->repositoryExists()
#10 /Users/paul/WorkSpace/TestSoloCoder/8dcba39c-18f8-480b-b0ba-16d88d729ae7/vendor/laravel/framework/src/Illuminate/Database/Migrations/Migrator.php(641): Illuminate\\Database\\Console\\Migrations\\StatusCommand->{closure:Illuminate\\Database\\Console\\Migrations\\StatusCommand::handle():52}()
#11 /Users/paul/WorkSpace/TestSoloCoder/8dcba39c-18f8-480b-b0ba-16d88d729ae7/vendor/laravel/framework/src/Illuminate/Database/Console/Migrations/StatusCommand.php(52): Illuminate\\Database\\Migrations\\Migrator->usingConnection(NULL, Object(Closure))
#12 /Users/paul/WorkSpace/TestSoloCoder/8dcba39c-18f8-480b-b0ba-16d88d729ae7/vendor/laravel/framework/src/Illuminate/Container/BoundMethod.php(36): Illuminate\\Database\\Console\\Migrations\\StatusCommand->handle()
#13 /Users/paul/WorkSpace/TestSoloCoder/8dcba39c-18f8-480b-b0ba-16d88d729ae7/vendor/laravel/framework/src/Illuminate/Container/Util.php(41): Illuminate\\Container\\BoundMethod::{closure:Illuminate\\Container\\BoundMethod::call():35}()
#14 /Users/paul/WorkSpace/TestSoloCoder/8dcba39c-18f8-480b-b0ba-16d88d729ae7/vendor/laravel/framework/src/Illuminate/Container/BoundMethod.php(93): Illuminate\\Container\\Util::unwrapIfClosure(Object(Closure))
#15 /Users/paul/WorkSpace/TestSoloCoder/8dcba39c-18f8-480b-b0ba-16d88d729ae7/vendor/laravel/framework/src/Illuminate/Container/BoundMethod.php(35): Illuminate\\Container\\BoundMethod::callBoundMethod(Object(Illuminate\\Foundation\\Application), Array, Object(Closure))
#16 /Users/paul/WorkSpace/TestSoloCoder/8dcba39c-18f8-480b-b0ba-16d88d729ae7/vendor/laravel/framework/src/Illuminate/Container/Container.php(662): Illuminate\\Container\\BoundMethod::call(Object(Illuminate\\Foundation\\Application), Array, Array, NULL)
#17 /Users/paul/WorkSpace/TestSoloCoder/8dcba39c-18f8-480b-b0ba-16d88d729ae7/vendor/laravel/framework/src/Illuminate/Console/Command.php(211): Illuminate\\Container\\Container->call(Array)
#18 /Users/paul/WorkSpace/TestSoloCoder/8dcba39c-18f8-480b-b0ba-16d88d729ae7/vendor/symfony/console/Command/Command.php(326): Illuminate\\Console\\Command->execute(Object(Symfony\\Component\\Console\\Input\\ArgvInput), Object(Illuminate\\Console\\OutputStyle))
#19 /Users/paul/WorkSpace/TestSoloCoder/8dcba39c-18f8-480b-b0ba-16d88d729ae7/vendor/laravel/framework/src/Illuminate/Console/Command.php(180): Symfony\\Component\\Console\\Command\\Command->run(Object(Symfony\\Component\\Console\\Input\\ArgvInput), Object(Illuminate\\Console\\OutputStyle))
#20 /Users/paul/WorkSpace/TestSoloCoder/8dcba39c-18f8-480b-b0ba-16d88d729ae7/vendor/symfony/console/Application.php(1121): Illuminate\\Console\\Command->run(Object(Symfony\\Component\\Console\\Input\\ArgvInput), Object(Symfony\\Component\\Console\\Output\\ConsoleOutput))
#21 /Users/paul/WorkSpace/TestSoloCoder/8dcba39c-18f8-480b-b0ba-16d88d729ae7/vendor/symfony/console/Application.php(324): Symfony\\Component\\Console\\Application->doRunCommand(Object(Illuminate\\Database\\Console\\Migrations\\StatusCommand), Object(Symfony\\Component\\Console\\Input\\ArgvInput), Object(Symfony\\Component\\Console\\Output\\ConsoleOutput))
#22 /Users/paul/WorkSpace/TestSoloCoder/8dcba39c-18f8-480b-b0ba-16d88d729ae7/vendor/symfony/console/Application.php(175): Symfony\\Component\\Console\\Application->doRun(Object(Symfony\\Component\\Console\\Input\\ArgvInput), Object(Symfony\\Component\\Console\\Output\\ConsoleOutput))
#23 /Users/paul/WorkSpace/TestSoloCoder/8dcba39c-18f8-480b-b0ba-16d88d729ae7/vendor/laravel/framework/src/Illuminate/Foundation/Console/Kernel.php(201): Symfony\\Component\\Console\\Application->run(Object(Symfony\\Component\\Console\\Input\\ArgvInput), Object(Symfony\\Component\\Console\\Output\\ConsoleOutput))
#24 /Users/paul/WorkSpace/TestSoloCoder/8dcba39c-18f8-480b-b0ba-16d88d729ae7/artisan(12): Illuminate\\Foundation\\Console\\Kernel->handle(Object(Symfony\\Component\\Console\\Input\\ArgvInput), Object(Symfony\\Component\\Console\\Output\\ConsoleOutput))
#25 {main}

[previous exception] [object] (PDOException(code: 2002): SQLSTATE[HY000] [2002] Connection refused at /Users/paul/WorkSpace/TestSoloCoder/8dcba39c-18f8-480b-b0ba-16d88d729ae7/vendor/laravel/framework/src/Illuminate/Database/Connectors/Connector.php:65)
[stacktrace]
#0 /Users/paul/WorkSpace/TestSoloCoder/8dcba39c-18f8-480b-b0ba-16d88d729ae7/vendor/laravel/framework/src/Illuminate/Database/Connectors/Connector.php(65): PDO->__construct('mysql:host=127....', 'root', Object(SensitiveParameterValue), Array)
#1 /Users/paul/WorkSpace/TestSoloCoder/8dcba39c-18f8-480b-b0ba-16d88d729ae7/vendor/laravel/framework/src/Illuminate/Database/Connectors/Connector.php(83): Illuminate\\Database\\Connectors\\Connector->createPdoConnection('mysql:host=127....', 'root', '', Array)
#2 /Users/paul/WorkSpace/TestSoloCoder/8dcba39c-18f8-480b-b0ba-16d88d729ae7/vendor/laravel/framework/src/Illuminate/Database/Connectors/Connector.php(48): Illuminate\\Database\\Connectors\\Connector->tryAgainIfCausedByLostConnection(Object(PDOException), 'mysql:host=127....', 'root', '', Array)
#3 /Users/paul/WorkSpace/TestSoloCoder/8dcba39c-18f8-480b-b0ba-16d88d729ae7/vendor/laravel/framework/src/Illuminate/Database/Connectors/MySqlConnector.php(24): Illuminate\\Database\\Connectors\\Connector->createConnection('mysql:host=127....', Array, Array)
#4 /Users/paul/WorkSpace/TestSoloCoder/8dcba39c-18f8-480b-b0ba-16d88d729ae7/vendor/laravel/framework/src/Illuminate/Database/Connectors/ConnectionFactory.php(184): Illuminate\\Database\\Connectors\\MySqlConnector->connect(Array)
#5 [internal function]: Illuminate\\Database\\Connectors\\ConnectionFactory->{closure:Illuminate\\Database\\Connectors\\ConnectionFactory::createPdoResolverWithHosts():179}()
#6 /Users/paul/WorkSpace/TestSoloCoder/8dcba39c-18f8-480b-b0ba-16d88d729ae7/vendor/laravel/framework/src/Illuminate/Database/Connection.php(1339): call_user_func(Object(Closure))
#7 /Users/paul/WorkSpace/TestSoloCoder/8dcba39c-18f8-480b-b0ba-16d88d729ae7/vendor/laravel/framework/src/Illuminate/Database/Connection.php(528): Illuminate\\Database\\Connection->getPdo()
#8 /Users/paul/WorkSpace/TestSoloCoder/8dcba39c-18f8-480b-b0ba-16d88d729ae7/vendor/laravel/framework/src/Illuminate/Database/Connection.php(423): Illuminate\\Database\\Connection->getPdoForSelect(false)
#9 /Users/paul/WorkSpace/TestSoloCoder/8dcba39c-18f8-480b-b0ba-16d88d729ae7/vendor/laravel/framework/src/Illuminate/Database/Connection.php(816): Illuminate\\Database\\Connection->{closure:Illuminate\\Database\\Connection::select():414}('select table_na...', Array)
#10 /Users/paul/WorkSpace/TestSoloCoder/8dcba39c-18f8-480b-b0ba-16d88d729ae7/vendor/laravel/framework/src/Illuminate/Database/Connection.php(983): Illuminate\\Database\\Connection->runQueryCallback('select table_na...', Array, Object(Closure))
#11 /Users/paul/WorkSpace/TestSoloCoder/8dcba39c-18f8-480b-b0ba-16d88d729ae7/vendor/laravel/framework/src/Illuminate/Database/Connection.php(962): Illuminate\\Database\\Connection->tryAgainIfCausedByLostConnection(Object(Illuminate\\Database\\QueryException), 'select table_na...', Array, Object(Closure))
#12 /Users/paul/WorkSpace/TestSoloCoder/8dcba39c-18f8-480b-b0ba-16d88d729ae7/vendor/laravel/framework/src/Illuminate/Database/Connection.php(785): Illuminate\\Database\\Connection->handleQueryException(Object(Illuminate\\Database\\QueryException), 'select table_na...', Array, Object(Closure))
#13 /Users/paul/WorkSpace/TestSoloCoder/8dcba39c-18f8-480b-b0ba-16d88d729ae7/vendor/laravel/framework/src/Illuminate/Database/Connection.php(414): Illuminate\\Database\\Connection->run('select table_na...', Array, Object(Closure))
#14 /Users/paul/WorkSpace/TestSoloCoder/8dcba39c-18f8-480b-b0ba-16d88d729ae7/vendor/laravel/framework/src/Illuminate/Database/Connection.php(401): Illuminate\\Database\\Connection->select('select table_na...', Array, false)
#15 /Users/paul/WorkSpace/TestSoloCoder/8dcba39c-18f8-480b-b0ba-16d88d729ae7/vendor/laravel/framework/src/Illuminate/Database/Schema/MySqlBuilder.php(41): Illuminate\\Database\\Connection->selectFromWriteConnection('select table_na...')
#16 /Users/paul/WorkSpace/TestSoloCoder/8dcba39c-18f8-480b-b0ba-16d88d729ae7/vendor/laravel/framework/src/Illuminate/Database/Schema/Builder.php(165): Illuminate\\Database\\Schema\\MySqlBuilder->getTables(false)
#17 /Users/paul/WorkSpace/TestSoloCoder/8dcba39c-18f8-480b-b0ba-16d88d729ae7/vendor/laravel/framework/src/Illuminate/Database/Migrations/DatabaseMigrationRepository.php(184): Illuminate\\Database\\Schema\\Builder->hasTable('migrations')
#18 /Users/paul/WorkSpace/TestSoloCoder/8dcba39c-18f8-480b-b0ba-16d88d729ae7/vendor/laravel/framework/src/Illuminate/Database/Migrations/Migrator.php(727): Illuminate\\Database\\Migrations\\DatabaseMigrationRepository->repositoryExists()
#19 /Users/paul/WorkSpace/TestSoloCoder/8dcba39c-18f8-480b-b0ba-16d88d729ae7/vendor/laravel/framework/src/Illuminate/Database/Console/Migrations/StatusCommand.php(53): Illuminate\\Database\\Migrations\\Migrator->repositoryExists()
#20 /Users/paul/WorkSpace/TestSoloCoder/8dcba39c-18f8-480b-b0ba-16d88d729ae7/vendor/laravel/framework/src/Illuminate/Database/Migrations/Migrator.php(641): Illuminate\\Database\\Console\\Migrations\\StatusCommand->{closure:Illuminate\\Database\\Console\\Migrations\\StatusCommand::handle():52}()
#21 /Users/paul/WorkSpace/TestSoloCoder/8dcba39c-18f8-480b-b0ba-16d88d729ae7/vendor/laravel/framework/src/Illuminate/Database/Console/Migrations/StatusCommand.php(52): Illuminate\\Database\\Migrations\\Migrator->usingConnection(NULL, Object(Closure))
#22 /Users/paul/WorkSpace/TestSoloCoder/8dcba39c-18f8-480b-b0ba-16d88d729ae7/vendor/laravel/framework/src/Illuminate/Container/BoundMethod.php(36): Illuminate\\Database\\Console\\Migrations\\StatusCommand->handle()
#23 /Users/paul/WorkSpace/TestSoloCoder/8dcba39c-18f8-480b-b0ba-16d88d729ae7/vendor/laravel/framework/src/Illuminate/Container/Util.php(41): Illuminate\\Container\\BoundMethod::{closure:Illuminate\\Container\\BoundMethod::call():35}()
#24 /Users/paul/WorkSpace/TestSoloCoder/8dcba39c-18f8-480b-b0ba-16d88d729ae7/vendor/laravel/framework/src/Illuminate/Container/BoundMethod.php(93): Illuminate\\Container\\Util::unwrapIfClosure(Object(Closure))
#25 /Users/paul/WorkSpace/TestSoloCoder/8dcba39c-18f8-480b-b0ba-16d88d729ae7/vendor/laravel/framework/src/Illuminate/Container/BoundMethod.php(35): Illuminate\\Container\\BoundMethod::callBoundMethod(Object(Illuminate\\Foundation\\Application), Array, Object(Closure))
#26 /Users/paul/WorkSpace/TestSoloCoder/8dcba39c-18f8-480b-b0ba-16d88d729ae7/vendor/laravel/framework/src/Illuminate/Container/Container.php(662): Illuminate\\Container\\BoundMethod::call(Object(Illuminate\\Foundation\\Application), Array, Array, NULL)
#27 /Users/paul/WorkSpace/TestSoloCoder/8dcba39c-18f8-480b-b0ba-16d88d729ae7/vendor/laravel/framework/src/Illuminate/Console/Command.php(211): Illuminate\\Container\\Container->call(Array)
#28 /Users/paul/WorkSpace/TestSoloCoder/8dcba39c-18f8-480b-b0ba-16d88d729ae7/vendor/symfony/console/Command/Command.php(326): Illuminate\\Console\\Command->execute(Object(Symfony\\Component\\Console\\Input\\ArgvInput), Object(Illuminate\\Console\\OutputStyle))
#29 /Users/paul/WorkSpace/TestSoloCoder/8dcba39c-18f8-480b-b0ba-16d88d729ae7/vendor/laravel/framework/src/Illuminate/Console/Command.php(180): Symfony\\Component\\Console\\Command\\Command->run(Object(Symfony\\Component\\Console\\Input\\ArgvInput), Object(Illuminate\\Console\\OutputStyle))
#30 /Users/paul/WorkSpace/TestSoloCoder/8dcba39c-18f8-480b-b0ba-16d88d729ae7/vendor/symfony/console/Application.php(1121): Illuminate\\Console\\Command->run(Object(Symfony\\Component\\Console\\Input\\ArgvInput), Object(Symfony\\Component\\Console\\Output\\ConsoleOutput))
#31 /Users/paul/WorkSpace/TestSoloCoder/8dcba39c-18f8-480b-b0ba-16d88d729ae7/vendor/symfony/console/Application.php(324): Symfony\\Component\\Console\\Application->doRunCommand(Object(Illuminate\\Database\\Console\\Migrations\\StatusCommand), Object(Symfony\\Component\\Console\\Input\\ArgvInput), Object(Symfony\\Component\\Console\\Output\\ConsoleOutput))
#32 /Users/paul/WorkSpace/TestSoloCoder/8dcba39c-18f8-480b-b0ba-16d88d729ae7/vendor/symfony/console/Application.php(175): Symfony\\Component\\Console\\Application->doRun(Object(Symfony\\Component\\Console\\Input\\ArgvInput), Object(Symfony\\Component\\Console\\Output\\ConsoleOutput))
#33 /Users/paul/WorkSpace/TestSoloCoder/8dcba39c-18f8-480b-b0ba-16d88d729ae7/vendor/laravel/framework/src/Illuminate/Foundation/Console/Kernel.php(201): Symfony\\Component\\Console\\Application->run(Object(Symfony\\Component\\Console\\Input\\ArgvInput), Object(Symfony\\Component\\Console\\Output\\ConsoleOutput))
#34 /Users/paul/WorkSpace/TestSoloCoder/8dcba39c-18f8-480b-b0ba-16d88d729ae7/artisan(12): Illuminate\\Foundation\\Console\\Kernel->handle(Object(Symfony\\Component\\Console\\Input\\ArgvInput), Object(Symfony\\Component\\Console\\Output\\ConsoleOutput))
#35 {main}
"} 
